Waktu,Ping(ms),Download(Mbps),Upload(Mbps),PacketLoss(%),Jitter(ms),Status
2026-05-09 16:19:01,80.0,20.64,15.61,0.0,9.7,Stabil
2026-05-09 16:24:01,36.31,25.61,18.55,0.2,1.0,Stabil
2026-05-09 16:29:01,26.98,16.04,13.26,0.0,13.72,Stabil
2026-05-09 16:34:01,22.87,23.99,23.49,0.0,11.64,Stabil
2026-05-09 16:39:01,55.58,29.4,16.14,0.0,13.37,Stabil
2026-05-09 16:44:01,29.12,16.29,19.78,0.0,11.31,Stabil
2026-05-09 16:49:01,5.0,30.76,15.63,0.0,8.55,Stabil
2026-05-09 16:54:01,32.58,31.23,29.32,0.0,10.87,Stabil
2026-05-09 16:59:01,34.72,14.61,11.56,0.0,5.04,Stabil
2026-05-09 17:04:01,35.9,47.71,16.85,0.0,11.51,Stabil
2026-05-09 17:09:01,40.1,27.94,22.6,0.0,4.25,Stabil
2026-05-09 17:14:01,46.87,20.72,26.42,0.0,2.99,Stabil
2026-05-09 17:19:01,21.79,28.62,15.04,0.0,14.62,Stabil
2026-05-09 17:24:01,36.49,23.97,8.7,0.0,10.34,Stabil
2026-05-09 17:29:01,43.05,20.68,21.72,0.0,9.2,Stabil
2026-05-09 17:34:01,23.25,25.42,22.88,0.0,3.85,Stabil
2026-05-09 17:39:01,55.46,48.31,16.05,0.1,8.97,Stabil
2026-05-09 17:44:01,38.9,34.25,10.58,0.0,3.4,Stabil
2026-05-09 17:49:01,44.26,37.74,19.36,0.0,14.24,Stabil
2026-05-09 17:54:01,39.4,22.29,29.19,0.0,12.37,Stabil
2026-05-09 17:59:01,46.02,20.36,13.49,0.0,4.35,Stabil
2026-05-09 18:04:01,49.45,31.3,22.93,0.0,19.48,Stabil
2026-05-09 18:09:01,14.45,21.83,23.27,0.0,8.8,Stabil
2026-05-09 18:14:01,35.2,39.63,16.41,0.0,23.6,Stabil
2026-05-09 18:19:01,20.55,35.82,18.25,0.0,9.31,Stabil
2026-05-09 18:24:01,31.65,33.71,20.84,0.5,9.64,Stabil
2026-05-09 18:29:01,28.21,34.22,24.27,0.0,8.29,Stabil
2026-05-09 18:34:01,38.21,18.03,19.04,0.0,11.93,Stabil
2026-05-09 18:39:01,38.46,21.53,24.34,0.0,10.26,Stabil
2026-05-09 18:44:01,51.25,36.43,9.73,0.0,5.31,Stabil
2026-05-09 18:49:01,39.57,30.06,18.14,0.0,14.36,Stabil
2026-05-09 18:54:01,43.56,37.08,23.72,0.1,13.26,Stabil
2026-05-09 18:59:01,17.71,15.99,18.99,0.0,5.72,Stabil
2026-05-09 19:04:01,69.72,13.06,22.12,0.0,1.94,Stabil
2026-05-09 19:09:01,21.6,25.32,27.36,0.0,10.64,Stabil
2026-05-09 19:14:01,24.04,29.73,18.27,0.0,6.74,Stabil
2026-05-09 19:19:01,55.45,34.63,18.09,0.0,12.21,Stabil
2026-05-09 19:24:01,25.07,34.82,13.24,0.0,9.43,Stabil
2026-05-09 19:29:01,23.42,41.29,15.99,0.0,8.41,Stabil
2026-05-09 19:34:01,61.48,31.24,10.43,0.5,14.59,Stabil
2026-05-09 19:39:01,40.66,41.21,10.04,0.0,19.22,Stabil
2026-05-09 19:44:01,54.0,22.34,20.66,0.0,13.87,Stabil
2026-05-09 19:49:01,34.71,20.54,10.23,0.0,9.47,Stabil
2026-05-09 19:54:01,59.49,16.56,15.36,0.0,10.65,Stabil
2026-05-09 19:59:01,35.88,46.78,20.43,0.0,14.55,Stabil
2026-05-09 20:04:01,37.99,23.2,18.42,0.2,8.07,Stabil
2026-05-09 20:09:01,6.54,38.24,14.31,0.0,20.56,Stabil
2026-05-09 20:14:01,32.72,32.71,19.69,0.0,6.89,Stabil
2026-05-09 20:19:01,48.27,24.28,14.27,0.0,8.22,Stabil
2026-05-09 20:24:01,48.49,30.46,22.88,0.0,13.15,Stabil
2026-05-09 20:29:01,43.28,22.32,7.27,0.0,3.9,Stabil
2026-05-09 20:34:01,43.21,26.38,16.69,0.0,15.49,Stabil
2026-05-09 20:39:01,28.88,30.09,18.07,0.0,14.65,Stabil
2026-05-09 20:44:01,45.23,25.52,19.94,0.5,9.35,Stabil
2026-05-09 20:49:01,63.68,36.52,7.25,0.0,7.77,Stabil
2026-05-09 20:54:01,52.37,34.33,21.74,0.0,13.14,Stabil
2026-05-09 20:59:01,24.51,27.93,5.46,0.1,18.85,Stabil
2026-05-09 21:04:01,22.62,25.43,20.48,0.0,7.18,Stabil
2026-05-09 21:09:01,171.02,12.45,6.64,2.06,30.0,Tidak Stabil
2026-05-09 21:14:01,112.59,2.34,4.04,2.0,132.1,Tidak Stabil
2026-05-09 21:19:01,188.95,1.49,1.97,6.85,94.68,Tidak Stabil
2026-05-09 21:24:01,144.5,5.23,2.13,2.22,59.68,Tidak Stabil
2026-05-09 21:29:01,202.33,4.03,2.15,4.91,85.74,Tidak Stabil
2026-05-09 21:34:01,129.92,9.41,14.44,10.6,77.69,Tidak Stabil
2026-05-09 21:39:01,310.44,1.98,0.74,5.6,35.0,Tidak Stabil
2026-05-09 21:44:01,88.97,2.0,8.45,8.71,62.47,Tidak Stabil
2026-05-09 21:49:01,100.59,28.82,14.9,1.28,30.0,Tidak Stabil
2026-05-09 21:54:01,264.46,4.69,2.42,2.0,57.96,Tidak Stabil
2026-05-09 21:59:01,90.18,3.58,1.35,1.76,18.99,Tidak Stabil
2026-05-09 22:04:01,182.17,0.58,2.8,12.24,131.24,Tidak Stabil
2026-05-09 22:09:01,101.63,2.15,3.35,1.3,52.69,Tidak Stabil
2026-05-09 22:14:01,112.7,18.16,7.66,3.94,40.16,Tidak Stabil
2026-05-09 22:19:01,189.04,25.58,4.18,2.55,74.05,Tidak Stabil
2026-05-09 22:24:01,30.0,5.09,1.66,1.38,18.0,Tidak Stabil
2026-05-09 22:29:01,279.57,0.55,0.1,7.78,96.52,Tidak Stabil
2026-05-09 22:34:01,88.86,5.52,0.36,1.09,33.87,Tidak Stabil
2026-05-09 22:39:01,176.5,9.42,6.43,0.63,53.87,Tidak Stabil
2026-05-09 22:44:01,148.21,9.32,5.1,4.55,34.94,Tidak Stabil
2026-05-09 22:49:01,155.18,8.75,6.23,0.48,90.37,Tidak Stabil
2026-05-09 22:54:01,161.59,19.6,15.02,2.74,43.83,Tidak Stabil
2026-05-09 22:59:01,160.82,2.56,1.59,2.0,39.54,Tidak Stabil
2026-05-09 23:04:01,137.84,5.03,0.81,1.23,49.53,Tidak Stabil
2026-05-09 23:09:01,104.88,6.27,1.0,7.61,31.39,Tidak Stabil
2026-05-09 23:14:01,96.0,8.57,5.73,0.95,48.69,Tidak Stabil
2026-05-09 23:19:01,282.79,6.2,1.99,13.92,87.32,Tidak Stabil
2026-05-09 23:24:01,75.55,9.36,13.33,5.84,32.97,Tidak Stabil
2026-05-09 23:29:01,122.42,6.94,0.4,1.71,25.24,Tidak Stabil
2026-05-09 23:34:01,138.08,10.2,6.27,0.0,67.32,Tidak Stabil
2026-05-09 23:39:01,176.86,1.73,1.13,11.02,100.03,Tidak Stabil
2026-05-09 23:44:01,136.23,9.11,4.43,11.73,62.15,Tidak Stabil
2026-05-09 23:49:01,125.65,3.37,1.0,1.85,59.68,Tidak Stabil
2026-05-09 23:54:01,58.35,1.45,2.07,3.71,18.0,Tidak Stabil
2026-05-09 23:59:01,121.28,13.31,14.03,1.17,70.04,Tidak Stabil
2026-05-10 00:04:01,127.87,2.19,5.65,2.0,54.02,Tidak Stabil
2026-05-10 00:09:01,210.41,2.49,2.13,7.38,120.03,Tidak Stabil
2026-05-10 00:14:01,171.45,11.84,11.94,1.45,49.26,Tidak Stabil
2026-05-10 00:19:01,205.94,9.19,3.31,6.7,121.04,Tidak Stabil
2026-05-10 00:24:01,75.72,2.28,0.1,2.15,22.35,Tidak Stabil
2026-05-10 00:29:01,123.08,10.69,10.32,2.0,49.24,Tidak Stabil
2026-05-10 00:34:01,194.69,17.16,11.84,0.84,47.79,Tidak Stabil
2026-05-10 00:39:01,224.8,9.68,2.27,8.99,71.22,Tidak Stabil
2026-05-10 00:44:01,22.25,34.64,12.86,0.0,17.55,Stabil
2026-05-10 00:49:01,41.03,25.22,22.97,0.0,8.65,Stabil
2026-05-10 00:54:01,20.32,24.45,20.26,0.0,14.82,Stabil
2026-05-10 00:59:01,49.6,39.09,24.05,0.0,6.13,Stabil
2026-05-10 01:04:01,16.33,13.77,26.98,0.0,10.9,Stabil
2026-05-10 01:09:01,74.65,26.38,18.28,0.1,10.55,Stabil
2026-05-10 01:14:01,45.89,31.85,19.34,0.0,11.25,Stabil
2026-05-10 01:19:01,17.9,17.27,29.32,0.0,5.05,Stabil
2026-05-10 01:24:01,33.11,28.45,24.57,0.0,7.06,Stabil
2026-05-10 01:29:01,33.0,36.57,14.5,0.0,4.94,Stabil
2026-05-10 01:34:01,10.18,34.59,18.44,0.0,16.35,Stabil
2026-05-10 01:39:01,22.72,15.98,16.44,0.0,8.77,Stabil
2026-05-10 01:44:01,30.91,10.0,17.67,0.2,15.4,Stabil
2026-05-10 01:49:01,7.33,19.86,21.1,0.5,8.66,Stabil
2026-05-10 01:54:01,18.4,48.59,18.36,0.0,6.09,Stabil
2026-05-10 01:59:01,45.11,27.08,18.93,0.0,9.84,Stabil
2026-05-10 02:04:01,26.85,22.3,18.64,0.0,16.94,Stabil
2026-05-10 02:09:01,5.0,11.37,10.56,0.0,8.29,Stabil
2026-05-10 02:14:01,29.43,16.74,13.33,0.0,8.19,Stabil
2026-05-10 02:19:01,33.96,31.88,13.36,0.0,13.61,Stabil
2026-05-10 02:24:01,18.06,23.8,20.94,0.0,8.25,Stabil
2026-05-10 02:29:01,31.56,34.51,12.36,0.1,8.2,Stabil
2026-05-10 02:34:01,52.39,19.35,21.7,0.0,1.65,Stabil
2026-05-10 02:39:01,61.47,18.07,13.1,0.0,2.22,Stabil
2026-05-10 02:44:01,44.09,17.76,28.53,0.0,1.23,Stabil
2026-05-10 02:49:01,26.83,35.77,17.81,0.0,8.18,Stabil
2026-05-10 02:54:01,34.15,30.46,7.74,0.0,6.89,Stabil
2026-05-10 02:59:01,28.73,17.69,18.6,0.0,10.98,Stabil
2026-05-10 03:04:01,20.32,31.27,7.78,0.0,7.65,Stabil
2026-05-10 03:09:01,42.9,40.96,27.42,0.0,1.0,Stabil
2026-05-10 03:14:01,15.81,23.0,18.16,0.0,8.26,Stabil
2026-05-10 03:19:01,37.98,16.53,21.49,0.0,5.38,Stabil
2026-05-10 03:24:01,14.72,20.19,24.32,0.0,20.41,Stabil
2026-05-10 03:29:01,30.43,28.76,19.07,0.0,7.12,Stabil
2026-05-10 03:34:01,94.27,0.46,2.79,0.88,38.64,Tidak Stabil
2026-05-10 03:39:01,158.43,28.4,5.87,3.79,67.74,Tidak Stabil
2026-05-10 03:44:01,159.06,1.28,3.39,2.0,119.32,Tidak Stabil
2026-05-10 03:49:01,156.65,20.34,9.89,0.33,61.84,Tidak Stabil
2026-05-10 03:54:01,223.58,7.22,3.59,6.19,103.99,Tidak Stabil
2026-05-10 03:59:01,105.04,3.87,2.07,0.05,18.78,Tidak Stabil
2026-05-10 04:04:01,247.92,6.82,1.88,6.14,111.6,Tidak Stabil
2026-05-10 04:09:01,195.29,2.84,1.35,6.76,91.66,Tidak Stabil
2026-05-10 04:14:01,73.24,3.03,1.93,1.57,18.0,Tidak Stabil
2026-05-10 04:19:01,246.75,0.29,2.4,11.56,87.47,Tidak Stabil
2026-05-10 04:24:01,248.6,7.06,0.97,5.96,35.0,Tidak Stabil
2026-05-10 04:29:01,92.18,20.72,13.32,5.43,37.44,Tidak Stabil
2026-05-10 04:34:01,80.14,1.69,0.75,0.0,18.0,Tidak Stabil
2026-05-10 04:39:01,149.37,10.72,6.8,9.02,24.79,Tidak Stabil
2026-05-10 04:44:01,211.03,6.92,4.43,2.0,87.22,Tidak Stabil
2026-05-10 04:49:01,131.96,12.11,5.81,3.11,80.57,Tidak Stabil
2026-05-10 04:54:01,87.17,14.06,5.49,4.88,32.33,Tidak Stabil
2026-05-10 04:59:01,171.9,22.78,4.55,5.84,50.15,Tidak Stabil
2026-05-10 05:04:01,123.38,6.9,7.42,2.0,22.37,Tidak Stabil
2026-05-10 05:09:01,88.84,6.73,1.28,1.4,34.75,Tidak Stabil
2026-05-10 05:14:01,131.59,5.67,2.14,2.39,18.02,Tidak Stabil
2026-05-10 05:19:01,133.36,9.84,9.36,10.33,59.77,Tidak Stabil
2026-05-10 05:24:01,130.29,18.05,13.13,5.05,53.65,Tidak Stabil
2026-05-10 05:29:01,180.81,4.37,3.81,4.73,96.06,Tidak Stabil
2026-05-10 05:34:01,168.37,3.44,2.01,11.27,40.32,Tidak Stabil
2026-05-10 05:39:01,115.21,5.87,2.97,16.65,75.77,Tidak Stabil
2026-05-10 05:44:01,202.05,5.35,2.07,12.84,41.76,Tidak Stabil
2026-05-10 05:49:01,165.45,4.49,3.61,3.89,88.99,Tidak Stabil
2026-05-10 05:54:01,65.5,2.64,1.93,1.53,27.11,Tidak Stabil
2026-05-10 05:59:01,230.45,15.54,6.22,3.87,30.0,Tidak Stabil
2026-05-10 06:04:01,95.0,20.54,13.94,3.03,78.59,Tidak Stabil
2026-05-10 06:09:01,112.76,3.32,3.65,0.24,18.0,Tidak Stabil
2026-05-10 06:14:01,151.95,6.24,1.69,5.16,64.93,Tidak Stabil
2026-05-10 06:19:01,103.68,26.11,8.59,3.03,61.17,Tidak Stabil
2026-05-10 06:24:01,215.12,5.15,2.91,4.22,94.7,Tidak Stabil
2026-05-10 06:29:01,168.84,20.96,8.55,3.38,42.82,Tidak Stabil
2026-05-10 06:34:01,241.04,10.81,8.93,0.05,65.16,Tidak Stabil
2026-05-10 06:39:01,165.46,0.2,1.32,2.0,37.48,Tidak Stabil
2026-05-10 06:44:01,140.42,14.23,8.92,6.93,34.72,Tidak Stabil
2026-05-10 06:49:01,159.84,7.89,16.52,2.77,51.02,Tidak Stabil
2026-05-10 06:54:01,90.94,1.92,1.84,0.96,33.71,Tidak Stabil
2026-05-10 06:59:01,114.93,14.03,17.99,2.5,44.72,Tidak Stabil
2026-05-10 07:04:01,185.77,17.93,5.01,3.79,61.44,Tidak Stabil
2026-05-10 07:09:01,239.24,5.59,3.57,5.86,124.52,Tidak Stabil
2026-05-10 07:14:01,96.92,4.22,3.98,0.87,38.07,Tidak Stabil
2026-05-10 07:19:01,130.69,12.61,7.4,2.27,64.41,Tidak Stabil
2026-05-10 07:24:01,87.05,29.79,6.61,4.2,58.56,Tidak Stabil
2026-05-10 07:29:01,192.09,4.3,2.92,3.91,77.28,Tidak Stabil
2026-05-10 07:34:01,110.0,6.33,3.31,2.0,57.95,Tidak Stabil
2026-05-10 07:39:01,97.86,5.38,3.48,0.79,51.18,Tidak Stabil
2026-05-10 07:44:01,187.88,0.2,1.14,11.2,90.38,Tidak Stabil
2026-05-10 07:49:01,226.44,25.66,5.87,2.24,63.89,Tidak Stabil
2026-05-10 07:54:01,171.73,18.27,7.54,0.0,54.09,Tidak Stabil
2026-05-10 07:59:01,232.44,0.2,3.72,2.0,74.13,Tidak Stabil
2026-05-10 08:04:01,128.42,6.02,0.13,12.43,63.76,Tidak Stabil
2026-05-10 08:09:01,157.89,19.34,9.38,0.39,72.93,Tidak Stabil
2026-05-10 08:14:01,72.72,4.67,0.41,0.45,42.81,Tidak Stabil
2026-05-10 08:19:01,47.71,37.78,25.29,0.0,9.55,Stabil
2026-05-10 08:24:01,50.45,29.91,16.45,0.0,9.02,Stabil
2026-05-10 08:29:01,35.73,22.5,17.21,0.2,4.83,Stabil
2026-05-10 08:34:01,36.18,12.01,23.5,0.0,11.73,Stabil
2026-05-10 08:39:01,5.0,51.5,12.77,0.0,12.02,Stabil
2026-05-10 08:44:01,51.62,19.68,21.68,0.5,4.73,Stabil
2026-05-10 08:49:01,39.15,22.79,24.44,0.0,9.18,Stabil
2026-05-10 08:54:01,48.05,31.97,18.9,0.0,11.82,Stabil
2026-05-10 08:59:01,49.44,30.46,15.31,0.2,10.34,Stabil
2026-05-10 09:04:01,51.58,37.5,21.83,0.0,4.28,Stabil
2026-05-10 09:09:01,23.43,30.37,24.03,0.0,8.74,Stabil
2026-05-10 09:14:01,59.21,31.63,16.54,0.0,14.82,Stabil
2026-05-10 09:19:01,50.7,32.56,22.33,0.0,13.18,Stabil
2026-05-10 09:24:01,32.75,29.0,16.96,0.0,10.08,Stabil
2026-05-10 09:29:01,15.83,14.85,12.69,0.0,17.76,Stabil
2026-05-10 09:34:01,25.42,17.42,27.85,0.0,15.05,Stabil
2026-05-10 09:39:01,5.0,22.54,18.35,0.0,15.63,Stabil
2026-05-10 09:44:01,14.16,14.84,24.14,0.0,22.2,Stabil
2026-05-10 09:49:01,45.2,32.6,16.48,0.2,11.96,Stabil
2026-05-10 09:54:01,23.69,25.75,7.84,0.0,9.51,Stabil
2026-05-10 09:59:01,49.56,23.06,6.53,0.0,11.98,Stabil
2026-05-10 10:04:01,20.16,35.53,12.11,0.0,8.88,Stabil
2026-05-10 10:09:01,20.46,32.41,29.08,0.0,11.11,Stabil
2026-05-10 10:14:01,11.11,31.52,17.88,0.0,12.76,Stabil
2026-05-10 10:19:01,26.32,28.51,20.83,0.0,10.7,Stabil
2026-05-10 10:24:01,35.73,28.32,13.79,0.0,6.69,Stabil
2026-05-10 10:29:01,52.24,25.59,16.35,0.0,13.76,Stabil
2026-05-10 10:34:01,234.16,2.6,4.73,4.69,92.18,Tidak Stabil
2026-05-10 10:39:01,62.63,1.36,2.11,1.77,41.21,Tidak Stabil
2026-05-10 10:44:01,215.11,27.36,1.32,2.09,81.27,Tidak Stabil
2026-05-10 10:49:01,31.01,2.05,3.44,2.71,26.7,Tidak Stabil
2026-05-10 10:54:01,122.11,8.8,1.0,8.69,25.19,Tidak Stabil
2026-05-10 10:59:01,65.1,3.56,1.03,1.41,18.0,Tidak Stabil
2026-05-10 11:04:01,215.44,9.29,0.24,3.07,105.85,Tidak Stabil
2026-05-10 11:09:01,297.06,2.24,1.92,10.23,87.28,Tidak Stabil
2026-05-10 11:14:01,115.42,20.41,4.43,1.89,83.5,Tidak Stabil
2026-05-10 11:19:01,79.26,5.46,2.41,0.22,30.25,Tidak Stabil
2026-05-10 11:24:01,194.01,5.95,2.11,12.91,62.52,Tidak Stabil
2026-05-10 11:29:01,202.39,4.33,1.77,10.83,113.7,Tidak Stabil
2026-05-10 11:34:01,111.82,9.77,5.48,1.54,56.57,Tidak Stabil
2026-05-10 11:39:01,114.78,1.51,0.1,1.55,72.39,Tidak Stabil
2026-05-10 11:44:01,203.82,4.0,1.42,9.86,71.84,Tidak Stabil
2026-05-10 11:49:01,254.15,4.67,2.48,5.33,114.76,Tidak Stabil
2026-05-10 11:54:01,106.54,13.53,3.82,3.24,55.91,Tidak Stabil
2026-05-10 11:59:01,199.38,3.94,3.23,13.56,101.73,Tidak Stabil
2026-05-10 12:04:01,95.0,16.45,7.14,0.71,64.14,Tidak Stabil
2026-05-10 12:09:01,91.89,3.62,0.1,0.35,32.84,Tidak Stabil
2026-05-10 12:14:01,131.6,4.31,3.13,8.25,32.6,Tidak Stabil
2026-05-10 12:19:01,186.55,4.37,1.49,5.55,75.93,Tidak Stabil
2026-05-10 12:24:01,110.63,7.63,1.0,9.74,53.99,Tidak Stabil
2026-05-10 12:29:01,170.1,1.04,1.58,0.15,18.0,Tidak Stabil
2026-05-10 12:34:01,238.33,5.91,1.96,7.3,73.25,Tidak Stabil
2026-05-10 12:39:01,89.47,2.52,2.19,0.0,37.75,Tidak Stabil
2026-05-10 12:44:01,115.27,15.78,1.0,4.07,33.52,Tidak Stabil
2026-05-10 12:49:01,88.6,3.19,3.51,0.0,18.0,Tidak Stabil
2026-05-10 12:54:01,99.97,3.87,2.94,0.19,18.0,Tidak Stabil
2026-05-10 12:59:01,167.63,9.39,1.09,10.97,93.98,Tidak Stabil
2026-05-10 13:04:01,84.38,13.01,2.23,7.19,46.6,Tidak Stabil
2026-05-10 13:09:01,178.89,9.81,7.74,2.96,27.51,Tidak Stabil
2026-05-10 13:14:01,113.81,5.58,1.35,0.81,39.24,Tidak Stabil
2026-05-10 13:19:01,151.07,6.49,0.86,2.31,130.04,Tidak Stabil
2026-05-10 13:24:01,172.65,9.52,12.21,3.15,44.5,Tidak Stabil
2026-05-10 13:29:01,35.58,39.64,28.8,0.0,12.69,Stabil
2026-05-10 13:34:01,51.09,25.08,12.96,0.2,7.03,Stabil
2026-05-10 13:39:01,15.78,14.1,6.31,0.0,8.89,Stabil
2026-05-10 13:44:01,30.85,30.46,22.89,0.0,11.52,Stabil
2026-05-10 13:49:01,38.99,34.7,13.12,0.0,12.45,Stabil
2026-05-10 13:54:01,46.02,33.3,25.04,0.0,11.63,Stabil
2026-05-10 13:59:01,35.45,27.25,17.48,0.0,7.36,Stabil
2026-05-10 14:04:01,43.8,37.91,18.13,0.0,21.5,Stabil
2026-05-10 14:09:01,51.13,12.81,18.47,0.0,13.77,Stabil
2026-05-10 14:14:01,40.72,38.32,22.04,0.0,8.75,Stabil
2026-05-10 14:19:01,34.71,34.63,12.44,0.5,8.95,Stabil
2026-05-10 14:24:01,22.24,23.36,21.53,0.0,13.6,Stabil
2026-05-10 14:29:01,56.7,23.88,11.34,0.0,9.33,Stabil
2026-05-10 14:34:01,35.22,21.72,21.89,0.5,2.75,Stabil
2026-05-10 14:39:01,18.41,24.37,13.08,0.1,18.63,Stabil
2026-05-10 14:44:01,29.01,29.8,23.6,0.0,18.41,Stabil
2026-05-10 14:49:01,23.74,37.33,14.56,0.0,7.24,Stabil
2026-05-10 14:54:01,73.37,23.49,19.11,0.0,19.31,Stabil
2026-05-10 14:59:01,63.3,41.05,23.74,0.0,13.89,Stabil
2026-05-10 15:04:01,26.73,21.45,17.98,0.0,15.58,Stabil
2026-05-10 15:09:01,25.26,35.58,22.09,0.0,4.29,Stabil
2026-05-10 15:14:01,32.1,22.27,6.8,0.0,12.4,Stabil
2026-05-10 15:19:01,14.52,29.52,21.46,0.0,16.11,Stabil
2026-05-10 15:24:01,43.73,26.19,12.24,0.0,15.99,Stabil
2026-05-10 15:29:01,5.94,17.97,20.09,0.0,10.7,Stabil
2026-05-10 15:34:01,8.47,30.59,17.11,0.0,15.16,Stabil
2026-05-10 15:39:01,32.08,25.05,20.41,0.0,4.15,Stabil
2026-05-10 15:44:01,5.0,27.78,28.63,0.0,14.5,Stabil
2026-05-10 15:49:01,46.67,30.84,11.41,0.0,13.83,Stabil
2026-05-10 15:54:01,53.4,27.2,16.78,0.0,11.78,Stabil
2026-05-10 15:59:01,31.68,21.28,12.46,0.0,17.46,Stabil
2026-05-10 16:04:01,30.93,27.83,13.52,0.0,10.51,Stabil
2026-05-10 16:09:01,18.03,13.9,11.84,0.1,10.33,Stabil
2026-05-10 16:14:01,42.74,15.5,14.83,0.0,4.45,Stabil
2026-05-10 16:19:01,43.51,17.33,32.49,0.5,1.92,Stabil
2026-05-10 16:24:01,52.47,22.12,13.14,0.1,15.09,Stabil
2026-05-10 16:29:01,74.95,25.64,18.91,0.0,5.86,Stabil
2026-05-10 16:34:01,36.29,19.42,5.0,0.0,7.76,Stabil
2026-05-10 16:39:01,65.15,42.16,11.79,0.0,10.1,Stabil
2026-05-10 16:44:01,24.08,26.54,26.25,0.0,6.86,Stabil
2026-05-10 16:49:01,44.04,22.33,14.94,0.0,10.61,Stabil
2026-05-10 16:54:01,59.37,30.58,16.49,0.1,8.2,Stabil
2026-05-10 16:59:01,42.67,30.54,17.81,0.0,14.42,Stabil
2026-05-10 17:04:01,33.83,26.56,37.16,0.0,15.19,Stabil
2026-05-10 17:09:01,42.58,38.48,14.59,0.5,10.57,Stabil
2026-05-10 17:14:01,13.43,35.35,13.99,0.0,15.94,Stabil
2026-05-10 17:19:01,43.05,34.12,16.85,0.0,12.42,Stabil
2026-05-10 17:24:01,22.3,22.85,24.18,0.1,8.67,Stabil
2026-05-10 17:29:01,42.25,23.63,14.91,0.1,5.22,Stabil
2026-05-10 17:34:01,41.35,44.5,11.59,0.0,10.96,Stabil
2026-05-10 17:39:01,38.62,32.17,18.03,0.0,4.69,Stabil
2026-05-10 17:44:01,41.42,26.5,23.91,0.0,10.16,Stabil
2026-05-10 17:49:01,31.0,42.34,19.34,0.1,10.97,Stabil
2026-05-10 17:54:01,29.7,30.71,16.23,0.0,19.04,Stabil
2026-05-10 17:59:01,40.26,25.57,6.27,0.0,1.0,Stabil
2026-05-10 18:04:01,25.88,38.38,17.86,0.0,12.73,Stabil
2026-05-10 18:09:01,22.4,23.48,15.54,0.0,18.08,Stabil
2026-05-10 18:14:01,30.17,37.74,27.13,0.0,9.48,Stabil
2026-05-10 18:19:01,257.38,1.74,2.49,3.28,120.63,Tidak Stabil
2026-05-10 18:24:01,93.92,15.15,4.96,9.33,69.77,Tidak Stabil
2026-05-10 18:29:01,150.5,6.0,4.29,8.54,48.23,Tidak Stabil
2026-05-10 18:34:01,229.8,5.67,0.18,11.34,93.18,Tidak Stabil
2026-05-10 18:39:01,136.02,11.2,3.1,10.32,42.83,Tidak Stabil
2026-05-10 18:44:01,120.12,11.62,6.25,4.17,41.01,Tidak Stabil
2026-05-10 18:49:01,213.19,5.28,1.61,10.96,103.46,Tidak Stabil
2026-05-10 18:54:01,199.99,12.31,12.3,1.37,61.11,Tidak Stabil
2026-05-10 18:59:01,84.17,10.66,5.6,6.94,39.54,Tidak Stabil
2026-05-10 19:04:01,33.78,4.9,2.85,0.42,41.42,Tidak Stabil
2026-05-10 19:09:01,145.97,11.37,6.32,7.21,65.91,Tidak Stabil
2026-05-10 19:14:01,175.64,24.14,10.33,2.51,66.76,Tidak Stabil
2026-05-10 19:19:01,184.06,2.32,0.1,1.66,55.6,Tidak Stabil
2026-05-10 19:24:01,305.79,1.22,3.83,15.0,54.57,Tidak Stabil
2026-05-10 19:29:01,141.31,10.52,3.63,13.51,41.83,Tidak Stabil
2026-05-10 19:34:01,271.35,5.53,5.44,8.43,81.83,Tidak Stabil
2026-05-10 19:39:01,83.55,2.4,1.76,0.81,24.61,Tidak Stabil
2026-05-10 19:44:01,177.89,0.2,2.68,3.04,58.17,Tidak Stabil
2026-05-10 19:49:01,83.22,10.14,3.99,7.96,69.13,Tidak Stabil
2026-05-10 19:54:01,125.09,10.92,3.88,6.42,29.05,Tidak Stabil
2026-05-10 19:59:01,99.4,5.44,1.82,2.91,34.09,Tidak Stabil
2026-05-10 20:04:01,168.05,2.37,0.1,2.0,109.94,Tidak Stabil
2026-05-10 20:09:01,180.02,0.2,3.34,6.07,89.4,Tidak Stabil
2026-05-10 20:14:01,95.07,2.39,1.09,1.51,22.52,Tidak Stabil
2026-05-10 20:19:01,30.0,3.12,0.81,1.08,36.15,Tidak Stabil
2026-05-10 20:24:01,183.04,14.82,15.13,3.07,76.17,Tidak Stabil
2026-05-10 20:29:01,95.0,20.96,10.17,2.85,60.17,Tidak Stabil
2026-05-10 20:34:01,193.21,2.14,0.1,5.42,165.34,Tidak Stabil
2026-05-10 20:39:01,138.15,17.12,3.86,3.19,39.41,Tidak Stabil
2026-05-10 20:44:01,128.84,17.07,14.36,4.76,28.01,Tidak Stabil
2026-05-10 20:49:01,129.8,7.48,1.62,9.15,92.81,Tidak Stabil
2026-05-10 20:54:01,110.0,2.27,0.1,12.68,132.57,Tidak Stabil
2026-05-10 20:59:01,141.18,5.45,5.36,3.68,41.13,Tidak Stabil
2026-05-10 21:04:01,30.38,34.24,25.86,0.0,16.98,Stabil
2026-05-10 21:09:01,32.74,22.29,24.66,0.0,4.08,Stabil
2026-05-10 21:14:01,16.48,23.26,17.84,0.0,11.4,Stabil
2026-05-10 21:19:01,34.31,18.83,18.03,0.5,7.62,Stabil
2026-05-10 21:24:01,28.45,27.12,17.47,0.0,8.15,Stabil
2026-05-10 21:29:01,7.94,25.16,17.44,0.1,11.14,Stabil
2026-05-10 21:34:01,52.6,30.96,17.36,0.0,12.24,Stabil
2026-05-10 21:39:01,42.93,11.69,19.1,0.0,4.1,Stabil
2026-05-10 21:44:01,44.57,32.01,7.19,0.0,7.29,Stabil
2026-05-10 21:49:01,16.08,21.08,18.37,0.0,12.47,Stabil
2026-05-10 21:54:01,18.91,29.91,30.44,0.0,5.4,Stabil
2026-05-10 21:59:01,39.38,35.2,29.76,0.0,15.64,Stabil
2026-05-10 22:04:01,28.02,27.15,33.87,0.0,2.49,Stabil
2026-05-10 22:09:01,38.99,42.15,15.83,0.0,11.4,Stabil
2026-05-10 22:14:01,44.32,25.04,20.26,0.0,9.85,Stabil
2026-05-10 22:19:01,38.83,36.37,9.31,0.0,5.79,Stabil
2026-05-10 22:24:01,26.07,39.0,5.19,0.0,25.0,Stabil
2026-05-10 22:29:01,52.91,25.3,20.49,0.5,17.46,Stabil
2026-05-10 22:34:01,32.04,26.79,16.83,0.0,15.67,Stabil
2026-05-10 22:39:01,32.97,36.03,32.0,0.2,10.96,Stabil
2026-05-10 22:44:01,34.72,24.89,24.74,0.0,14.74,Stabil
2026-05-10 22:49:01,28.85,22.02,24.87,0.0,7.34,Stabil
2026-05-10 22:54:01,49.3,32.1,22.35,0.0,12.58,Stabil
2026-05-10 22:59:01,41.32,23.25,22.18,0.0,15.91,Stabil
2026-05-10 23:04:01,40.27,36.56,17.84,0.0,5.59,Stabil
2026-05-10 23:09:01,10.4,14.94,16.85,0.0,7.26,Stabil
2026-05-10 23:14:01,6.6,29.71,18.01,0.0,5.91,Stabil
2026-05-10 23:19:01,32.31,28.66,17.03,0.0,6.45,Stabil
2026-05-10 23:24:01,23.46,20.48,22.98,0.0,9.03,Stabil
2026-05-10 23:29:01,11.89,26.94,18.47,0.0,10.12,Stabil
2026-05-10 23:34:01,55.41,17.53,5.0,0.0,10.92,Stabil
2026-05-10 23:39:01,25.27,29.51,11.37,0.0,13.91,Stabil
2026-05-10 23:44:01,42.15,32.04,24.36,0.0,23.8,Stabil
2026-05-10 23:49:01,23.92,35.12,7.0,0.0,9.86,Stabil
2026-05-10 23:54:01,27.14,29.22,13.07,0.0,15.61,Stabil
2026-05-10 23:59:01,25.61,28.12,23.73,0.0,4.84,Stabil
2026-05-11 00:04:01,47.38,21.06,14.05,0.0,8.48,Stabil
2026-05-11 00:09:01,45.93,24.09,24.16,0.1,6.68,Stabil
2026-05-11 00:14:01,47.76,26.9,20.34,0.0,9.48,Stabil
2026-05-11 00:19:01,34.02,43.85,27.41,0.0,3.36,Stabil
2026-05-11 00:24:01,49.48,37.89,18.53,0.0,10.99,Stabil
2026-05-11 00:29:01,38.05,25.72,15.37,0.0,10.7,Stabil
2026-05-11 00:34:01,110.0,4.04,0.1,7.16,42.86,Tidak Stabil
2026-05-11 00:39:01,96.26,12.83,16.26,2.16,60.41,Tidak Stabil
2026-05-11 00:44:01,143.32,30.73,7.63,2.2,72.48,Tidak Stabil
2026-05-11 00:49:01,146.08,4.18,0.9,0.42,51.88,Tidak Stabil
2026-05-11 00:54:01,171.92,7.43,7.77,6.56,29.19,Tidak Stabil
2026-05-11 00:59:01,96.44,16.29,3.99,2.61,45.76,Tidak Stabil
2026-05-11 01:04:01,95.0,8.06,7.91,0.0,69.02,Tidak Stabil
2026-05-11 01:09:01,40.0,11.88,5.95,7.07,54.85,Tidak Stabil
2026-05-11 01:14:01,152.14,7.66,7.48,11.64,40.72,Tidak Stabil
2026-05-11 01:19:01,96.73,3.68,3.35,0.08,18.0,Tidak Stabil
2026-05-11 01:24:01,204.49,6.54,12.35,2.54,30.0,Tidak Stabil
2026-05-11 01:29:01,57.23,3.31,0.16,1.04,59.92,Tidak Stabil
2026-05-11 01:34:01,184.17,16.36,7.97,1.08,43.08,Tidak Stabil
2026-05-11 01:39:01,133.1,24.97,11.79,0.58,59.44,Tidak Stabil
2026-05-11 01:44:01,118.6,7.95,0.24,11.39,104.16,Tidak Stabil
2026-05-11 01:49:01,81.71,5.28,1.72,0.91,37.28,Tidak Stabil
2026-05-11 01:54:01,110.99,14.91,9.19,2.44,55.07,Tidak Stabil
2026-05-11 01:59:01,44.95,10.86,5.57,6.46,69.71,Tidak Stabil
2026-05-11 02:04:01,87.45,11.5,6.2,3.3,53.06,Tidak Stabil
2026-05-11 02:09:01,176.7,4.81,11.31,4.03,30.46,Tidak Stabil
2026-05-11 02:14:01,167.32,16.29,11.74,1.16,55.48,Tidak Stabil
2026-05-11 02:19:01,221.47,2.4,2.73,15.22,79.27,Tidak Stabil
2026-05-11 02:24:01,222.66,24.23,10.16,0.48,54.89,Tidak Stabil
2026-05-11 02:29:01,230.3,7.25,12.02,2.77,46.86,Tidak Stabil
2026-05-11 02:34:01,181.54,1.82,1.97,6.05,61.11,Tidak Stabil
2026-05-11 02:39:01,40.08,21.94,8.6,0.2,6.75,Stabil
2026-05-11 02:44:01,54.82,39.36,14.4,0.2,10.5,Stabil
2026-05-11 02:49:01,43.82,37.54,14.45,0.0,1.0,Stabil
2026-05-11 02:54:01,48.39,18.31,22.38,0.0,2.37,Stabil
2026-05-11 02:59:01,35.49,29.71,16.86,0.0,10.53,Stabil
2026-05-11 03:04:01,43.77,43.81,8.61,0.0,5.97,Stabil
2026-05-11 03:09:01,49.37,34.23,16.26,0.2,9.05,Stabil
2026-05-11 03:14:01,48.82,26.98,27.07,0.0,12.05,Stabil
2026-05-11 03:19:01,15.12,23.59,11.84,0.1,1.0,Stabil
2026-05-11 03:24:01,37.98,31.49,20.43,0.0,15.19,Stabil
2026-05-11 03:29:01,46.11,20.38,20.54,0.1,1.11,Stabil
2026-05-11 03:34:01,39.79,23.97,17.51,0.0,13.45,Stabil
2026-05-11 03:39:01,5.0,22.15,11.86,0.0,13.4,Stabil
2026-05-11 03:44:01,17.77,33.33,20.78,0.0,4.69,Stabil
2026-05-11 03:49:01,17.03,34.91,21.48,0.0,13.92,Stabil
2026-05-11 03:54:01,31.23,23.22,26.53,0.0,7.01,Stabil
2026-05-11 03:59:01,38.43,42.42,20.3,0.0,12.09,Stabil
2026-05-11 04:04:01,56.02,33.2,8.98,0.0,14.85,Stabil
2026-05-11 04:09:01,47.05,28.27,12.26,0.0,13.03,Stabil
2026-05-11 04:14:01,32.25,32.28,23.33,0.0,14.08,Stabil
2026-05-11 04:19:01,33.89,36.7,23.54,0.1,14.19,Stabil
2026-05-11 04:24:01,25.74,23.53,11.4,0.0,15.29,Stabil
2026-05-11 04:29:01,49.06,33.07,18.53,0.0,4.54,Stabil
2026-05-11 04:34:01,29.19,33.56,23.09,0.0,9.7,Stabil
2026-05-11 04:39:01,41.82,34.19,11.99,0.0,12.5,Stabil
2026-05-11 04:44:01,35.75,28.06,14.04,0.0,8.81,Stabil
2026-05-11 04:49:01,39.04,29.95,26.32,0.0,7.61,Stabil
2026-05-11 04:54:01,22.06,33.55,15.65,0.0,6.75,Stabil
2026-05-11 04:59:01,46.58,36.89,29.61,0.0,8.15,Stabil
2026-05-11 05:04:01,37.15,13.79,20.45,0.0,16.25,Stabil
2026-05-11 05:09:01,36.97,2.37,3.33,0.72,18.0,Tidak Stabil
2026-05-11 05:14:01,92.71,11.02,9.16,6.54,69.97,Tidak Stabil
2026-05-11 05:19:01,155.86,9.84,1.7,5.76,49.69,Tidak Stabil
2026-05-11 05:24:01,72.25,0.5,0.47,1.27,57.7,Tidak Stabil
2026-05-11 05:29:01,156.27,0.2,0.61,2.01,65.5,Tidak Stabil
2026-05-11 05:34:01,95.0,15.1,13.74,0.39,56.58,Tidak Stabil
2026-05-11 05:39:01,177.82,12.17,7.64,3.64,79.13,Tidak Stabil
2026-05-11 05:44:01,157.6,18.08,1.0,9.78,56.8,Tidak Stabil
2026-05-11 05:49:01,110.0,5.38,2.51,9.56,45.21,Tidak Stabil
2026-05-11 05:54:01,142.45,8.24,2.07,6.98,75.19,Tidak Stabil
2026-05-11 05:59:01,110.0,6.81,1.5,10.26,54.41,Tidak Stabil
2026-05-11 06:04:01,142.46,3.65,2.47,8.76,36.84,Tidak Stabil
2026-05-11 06:09:01,74.63,6.65,3.18,0.04,45.35,Tidak Stabil
2026-05-11 06:14:01,209.76,5.42,0.95,4.52,136.15,Tidak Stabil
2026-05-11 06:19:01,97.97,8.52,7.96,8.5,53.5,Tidak Stabil
2026-05-11 06:24:01,112.98,4.52,4.13,10.73,89.63,Tidak Stabil
2026-05-11 06:29:01,237.04,20.78,7.95,2.98,97.55,Tidak Stabil
2026-05-11 06:34:01,118.36,3.01,2.91,1.78,67.12,Tidak Stabil
2026-05-11 06:39:01,126.22,11.76,17.6,3.99,41.2,Tidak Stabil
2026-05-11 06:44:01,163.65,0.2,0.96,8.02,108.8,Tidak Stabil
2026-05-11 06:49:01,159.26,12.55,16.22,0.42,69.64,Tidak Stabil
2026-05-11 06:54:01,184.42,8.73,9.68,1.98,42.5,Tidak Stabil
2026-05-11 06:59:01,101.55,1.55,0.97,3.85,53.67,Tidak Stabil
2026-05-11 07:04:01,126.71,2.66,1.13,2.1,18.0,Tidak Stabil
2026-05-11 07:09:01,55.47,10.62,3.59,7.53,98.73,Tidak Stabil
2026-05-11 07:14:01,178.8,21.93,9.87,1.98,47.99,Tidak Stabil
2026-05-11 07:19:01,173.64,14.84,3.29,8.67,28.46,Tidak Stabil
2026-05-11 07:24:01,165.04,28.21,7.59,2.27,40.97,Tidak Stabil
2026-05-11 07:29:01,147.04,32.99,11.16,0.28,44.83,Tidak Stabil
2026-05-11 07:34:01,165.06,19.12,1.0,3.35,79.15,Tidak Stabil
2026-05-11 07:39:01,40.0,6.79,9.14,2.0,45.06,Tidak Stabil
2026-05-11 07:44:01,220.19,9.55,2.38,4.33,74.93,Tidak Stabil
2026-05-11 07:49:01,124.47,9.03,12.26,2.74,50.78,Tidak Stabil
2026-05-11 07:54:01,95.0,17.82,8.77,0.96,91.52,Tidak Stabil
2026-05-11 07:59:01,148.34,13.68,14.03,8.12,52.0,Tidak Stabil
2026-05-11 08:04:01,110.0,3.53,1.64,13.72,95.01,Tidak Stabil
2026-05-11 08:09:01,173.63,2.0,1.9,12.95,71.28,Tidak Stabil
2026-05-11 08:14:01,174.84,6.35,2.74,8.18,90.75,Tidak Stabil
2026-05-11 08:19:01,26.6,26.45,14.02,0.0,1.0,Stabil
2026-05-11 08:24:01,44.3,22.92,10.86,0.0,9.07,Stabil
2026-05-11 08:29:01,25.74,42.09,16.3,0.0,13.26,Stabil
2026-05-11 08:34:01,17.93,26.39,17.96,0.0,11.34,Stabil
2026-05-11 08:39:01,57.7,39.17,20.49,0.0,10.42,Stabil
2026-05-11 08:44:01,56.16,31.28,12.83,0.0,6.4,Stabil
2026-05-11 08:49:01,42.93,29.21,17.29,0.0,10.99,Stabil
2026-05-11 08:54:01,39.67,41.6,24.43,0.1,19.32,Stabil
2026-05-11 08:59:01,51.65,27.26,10.7,0.0,5.76,Stabil
2026-05-11 09:04:01,25.22,19.28,13.29,0.0,14.25,Stabil
2026-05-11 09:09:01,32.65,17.02,18.19,0.0,5.46,Stabil
2026-05-11 09:14:01,57.79,32.09,24.18,0.0,14.63,Stabil
2026-05-11 09:19:01,18.52,28.79,17.68,0.0,4.12,Stabil
2026-05-11 09:24:01,21.57,32.78,12.31,0.0,2.37,Stabil
2026-05-11 09:29:01,44.27,36.36,21.22,0.0,6.52,Stabil
2026-05-11 09:34:01,43.73,30.08,14.77,0.0,7.7,Stabil
2026-05-11 09:39:01,34.0,25.34,20.95,0.0,10.48,Stabil
2026-05-11 09:44:01,31.05,33.43,16.19,0.1,13.35,Stabil
2026-05-11 09:49:01,30.62,24.25,21.87,0.0,13.78,Stabil
2026-05-11 09:54:01,44.19,19.87,16.54,0.0,16.07,Stabil
2026-05-11 09:59:01,26.04,13.5,21.84,0.0,13.11,Stabil
2026-05-11 10:04:01,54.93,31.09,24.55,0.0,14.83,Stabil
2026-05-11 10:09:01,39.96,41.07,28.53,0.5,8.24,Stabil
2026-05-11 10:14:01,58.45,21.45,27.19,0.0,13.52,Stabil
2026-05-11 10:19:01,37.39,26.35,21.36,0.0,13.13,Stabil
2026-05-11 10:24:01,48.28,23.26,18.74,0.0,15.95,Stabil
2026-05-11 10:29:01,52.57,32.47,17.04,0.0,19.81,Stabil
2026-05-11 10:34:01,35.06,36.09,26.05,0.0,12.02,Stabil
2026-05-11 10:39:01,19.67,18.35,20.24,0.0,19.94,Stabil
2026-05-11 10:44:01,27.04,25.32,20.05,0.0,12.62,Stabil
2026-05-11 10:49:01,54.96,34.77,21.0,0.0,10.22,Stabil
2026-05-11 10:54:01,43.37,10.0,16.22,0.0,1.73,Stabil
2026-05-11 10:59:01,43.08,29.21,22.59,0.0,7.67,Stabil
2026-05-11 11:04:01,32.74,27.41,15.29,0.0,14.66,Stabil
2026-05-11 11:09:01,38.92,30.66,22.8,0.0,13.15,Stabil
2026-05-11 11:14:01,22.94,35.16,14.21,0.5,11.44,Stabil
2026-05-11 11:19:01,36.12,37.54,17.28,0.0,7.42,Stabil
2026-05-11 11:24:01,32.05,26.35,13.52,0.0,6.7,Stabil
2026-05-11 11:29:01,24.43,14.16,16.61,0.0,8.72,Stabil
2026-05-11 11:34:01,31.38,27.51,20.88,0.0,6.94,Stabil
2026-05-11 11:39:01,50.78,19.88,13.43,0.0,6.15,Stabil
2026-05-11 11:44:01,15.56,24.35,19.09,0.0,8.1,Stabil
2026-05-11 11:49:01,39.98,35.05,15.72,0.0,9.84,Stabil
2026-05-11 11:54:01,22.27,32.59,7.28,0.0,11.18,Stabil
2026-05-11 11:59:01,19.05,18.67,18.11,0.0,9.52,Stabil
2026-05-11 12:04:01,8.36,27.36,13.0,0.0,4.07,Stabil
2026-05-11 12:09:01,5.0,32.33,27.85,0.0,12.41,Stabil
2026-05-11 12:14:01,40.53,31.15,6.43,0.0,4.08,Stabil
2026-05-11 12:19:01,27.51,41.62,17.55,0.0,16.23,Stabil
2026-05-11 12:24:01,34.07,35.61,15.8,0.0,7.37,Stabil
2026-05-11 12:29:01,5.54,24.07,20.07,0.0,19.52,Stabil
2026-05-11 12:34:01,59.39,45.75,17.05,0.0,1.0,Stabil
2026-05-11 12:39:01,47.96,20.86,20.41,0.0,7.06,Stabil
2026-05-11 12:44:01,22.44,23.14,14.77,0.0,11.9,Stabil
2026-05-11 12:49:01,32.14,28.54,20.67,0.0,16.09,Stabil
2026-05-11 12:54:01,27.3,22.26,16.62,0.0,12.01,Stabil
2026-05-11 12:59:01,42.02,32.16,12.13,0.0,12.04,Stabil
2026-05-11 13:04:01,30.38,21.29,12.68,0.0,11.48,Stabil
2026-05-11 13:09:01,40.63,38.83,22.13,0.0,1.0,Stabil
2026-05-11 13:14:01,26.23,27.75,12.54,0.2,6.72,Stabil
2026-05-11 13:19:01,24.01,27.44,23.34,0.0,6.97,Stabil
2026-05-11 13:24:01,41.87,10.0,15.0,0.0,15.86,Stabil
2026-05-11 13:29:01,29.52,23.21,11.34,0.0,13.84,Stabil
2026-05-11 13:34:01,38.23,32.07,40.0,0.0,10.28,Stabil
2026-05-11 13:39:01,27.32,37.6,16.69,0.0,9.77,Stabil
2026-05-11 13:44:01,28.64,23.44,19.98,0.0,5.93,Stabil
2026-05-11 13:49:01,26.81,37.77,15.08,0.0,7.32,Stabil
2026-05-11 13:54:01,40.38,22.15,22.55,0.0,13.71,Stabil
2026-05-11 13:59:01,36.71,22.88,17.0,0.0,10.49,Stabil
2026-05-11 14:04:01,54.44,22.25,22.47,0.0,12.53,Stabil
2026-05-11 14:09:01,37.94,33.56,9.23,0.0,14.35,Stabil
2026-05-11 14:14:01,28.17,20.89,23.73,0.0,14.96,Stabil
2026-05-11 14:19:01,151.54,8.38,6.08,2.08,37.94,Tidak Stabil
2026-05-11 14:24:01,73.6,1.42,0.7,1.47,34.17,Tidak Stabil
2026-05-11 14:29:01,129.4,10.88,1.0,10.62,58.99,Tidak Stabil
2026-05-11 14:34:01,237.59,4.42,2.85,10.8,104.06,Tidak Stabil
2026-05-11 14:39:01,50.89,5.18,1.56,2.22,18.41,Tidak Stabil
2026-05-11 14:44:01,72.42,2.61,0.96,0.0,38.44,Tidak Stabil
2026-05-11 14:49:01,149.94,0.3,1.73,0.0,64.81,Tidak Stabil
2026-05-11 14:54:01,165.53,8.94,7.61,2.59,70.34,Tidak Stabil
2026-05-11 14:59:01,258.83,4.66,3.91,10.93,93.66,Tidak Stabil
2026-05-11 15:04:01,106.34,4.41,1.98,0.38,19.58,Tidak Stabil
2026-05-11 15:09:01,184.66,7.79,2.9,8.29,78.63,Tidak Stabil
2026-05-11 15:14:01,40.23,15.49,6.74,8.35,37.25,Tidak Stabil
2026-05-11 15:19:01,153.43,13.1,18.44,2.41,30.96,Tidak Stabil
2026-05-11 15:24:01,30.0,5.35,2.23,1.59,18.0,Tidak Stabil
2026-05-11 15:29:01,78.5,2.45,2.84,0.0,18.0,Tidak Stabil
2026-05-11 15:34:01,159.44,0.75,2.73,9.85,61.23,Tidak Stabil
2026-05-11 15:39:01,30.0,3.84,2.25,0.74,35.52,Tidak Stabil
2026-05-11 15:44:01,49.84,2.94,1.96,1.25,60.85,Tidak Stabil
2026-05-11 15:49:01,182.46,9.26,7.97,2.47,57.83,Tidak Stabil
2026-05-11 15:54:01,101.34,8.22,1.0,10.43,52.26,Tidak Stabil
2026-05-11 15:59:01,127.1,3.77,4.16,6.13,30.89,Tidak Stabil
2026-05-11 16:04:01,130.51,5.82,1.63,0.59,29.34,Tidak Stabil
2026-05-11 16:09:01,170.77,3.77,1.21,2.0,94.65,Tidak Stabil
2026-05-11 16:14:01,124.14,10.46,12.48,11.29,71.36,Tidak Stabil
2026-05-11 16:19:01,87.54,7.6,14.27,9.33,54.95,Tidak Stabil
2026-05-11 16:24:01,166.83,24.78,7.84,3.08,68.18,Tidak Stabil
2026-05-11 16:29:01,82.53,3.4,3.02,0.0,37.15,Tidak Stabil
2026-05-11 16:34:01,100.97,11.49,13.03,4.92,68.54,Tidak Stabil
2026-05-11 16:39:01,125.17,3.68,2.87,5.17,110.67,Tidak Stabil
2026-05-11 16:44:01,194.04,3.16,3.92,12.35,98.31,Tidak Stabil
2026-05-11 16:49:01,108.17,19.15,1.0,0.52,49.9,Tidak Stabil
2026-05-11 16:54:01,227.32,12.67,4.8,1.55,34.61,Tidak Stabil
2026-05-11 16:59:01,175.5,19.44,7.21,1.65,68.31,Tidak Stabil
2026-05-11 17:04:01,163.76,12.36,7.21,1.71,51.72,Tidak Stabil
2026-05-11 17:09:01,191.71,3.78,1.94,2.0,129.85,Tidak Stabil
2026-05-11 17:14:01,110.0,4.85,0.47,11.74,77.75,Tidak Stabil
2026-05-11 17:19:01,141.2,11.41,4.59,8.3,53.46,Tidak Stabil
2026-05-11 17:24:01,188.6,12.16,1.0,1.13,67.19,Tidak Stabil
2026-05-11 17:29:01,125.12,2.0,7.13,0.66,30.0,Tidak Stabil
2026-05-11 17:34:01,120.09,4.88,9.43,9.14,41.9,Tidak Stabil
2026-05-11 17:39:01,84.06,1.42,0.1,0.85,37.37,Tidak Stabil
2026-05-11 17:44:01,230.55,9.98,11.63,0.55,64.42,Tidak Stabil
2026-05-11 17:49:01,172.09,1.49,0.87,2.13,69.96,Tidak Stabil
2026-05-11 17:54:01,130.66,17.84,5.5,10.55,53.67,Tidak Stabil
2026-05-11 17:59:01,65.64,1.35,2.69,2.0,62.44,Tidak Stabil
2026-05-11 18:04:01,174.59,0.2,0.1,15.07,35.0,Tidak Stabil
2026-05-11 18:09:01,78.62,9.77,8.75,7.56,52.66,Tidak Stabil
2026-05-11 18:14:01,270.83,4.74,3.0,5.1,102.59,Tidak Stabil
2026-05-11 18:19:01,142.17,22.3,11.26,3.1,33.8,Tidak Stabil
2026-05-11 18:24:01,174.93,17.5,1.0,12.48,61.52,Tidak Stabil
2026-05-11 18:29:01,23.51,33.83,11.78,0.0,16.85,Stabil
2026-05-11 18:34:01,45.43,30.27,12.07,0.0,8.57,Stabil
2026-05-11 18:39:01,5.0,26.33,21.2,0.0,4.65,Stabil
2026-05-11 18:44:01,63.67,17.76,19.14,0.0,11.1,Stabil
2026-05-11 18:49:01,36.16,40.98,29.71,0.0,1.66,Stabil
2026-05-11 18:54:01,50.88,26.62,22.63,0.0,5.01,Stabil
2026-05-11 18:59:01,50.55,43.21,19.47,0.2,13.19,Stabil
2026-05-11 19:04:01,50.87,30.94,18.89,0.0,13.26,Stabil
2026-05-11 19:09:01,17.93,37.7,28.41,0.0,5.48,Stabil
2026-05-11 19:14:01,52.59,33.32,29.65,0.0,6.2,Stabil
2026-05-11 19:19:01,39.31,40.28,14.06,0.0,5.42,Stabil
2026-05-11 19:24:01,55.33,37.36,18.81,0.5,13.04,Stabil
2026-05-11 19:29:01,76.49,28.79,12.95,0.0,2.19,Stabil
2026-05-11 19:34:01,57.55,25.36,16.73,0.0,9.84,Stabil
2026-05-11 19:39:01,39.12,36.55,18.55,0.5,16.38,Stabil
2026-05-11 19:44:01,40.07,18.34,11.55,0.0,16.03,Stabil
2026-05-11 19:49:01,52.13,21.66,15.61,0.0,11.08,Stabil
2026-05-11 19:54:01,19.61,36.81,24.37,0.0,10.0,Stabil
2026-05-11 19:59:01,51.25,33.96,26.64,0.0,20.43,Stabil
2026-05-11 20:04:01,19.78,25.11,20.5,0.0,22.77,Stabil
2026-05-11 20:09:01,25.37,21.17,18.51,0.0,10.98,Stabil
2026-05-11 20:14:01,21.44,15.61,19.55,0.0,19.85,Stabil
2026-05-11 20:19:01,34.71,21.3,11.52,0.0,17.95,Stabil
2026-05-11 20:24:01,43.61,39.2,9.95,0.0,12.99,Stabil
2026-05-11 20:29:01,21.2,11.8,22.85,0.2,4.87,Stabil
2026-05-11 20:34:01,53.45,20.28,27.77,0.0,1.0,Stabil
2026-05-11 20:39:01,17.32,29.74,12.13,0.5,7.03,Stabil
2026-05-11 20:44:01,32.52,28.63,5.23,0.0,1.0,Stabil
2026-05-11 20:49:01,24.71,20.58,16.56,0.1,1.03,Stabil
2026-05-11 20:54:01,14.67,22.33,29.72,0.0,10.86,Stabil
2026-05-11 20:59:01,42.66,47.56,14.75,0.0,1.59,Stabil
2026-05-11 21:04:01,19.64,25.76,12.21,0.0,5.8,Stabil
2026-05-11 21:09:01,45.15,28.65,13.91,0.0,11.06,Stabil
2026-05-11 21:14:01,50.4,36.85,14.62,0.0,10.62,Stabil
2026-05-11 21:19:01,23.12,26.37,22.82,0.0,9.63,Stabil
2026-05-11 21:24:01,33.87,43.78,9.68,0.0,16.01,Stabil
2026-05-11 21:29:01,39.76,27.63,13.01,0.0,12.46,Stabil
2026-05-11 21:34:01,43.55,29.56,17.41,0.0,12.8,Stabil
2026-05-11 21:39:01,22.8,27.19,15.04,0.0,13.41,Stabil
2026-05-11 21:44:01,36.89,26.22,30.28,0.0,7.05,Stabil
2026-05-11 21:49:01,47.66,26.6,11.58,0.0,7.25,Stabil
2026-05-11 21:54:01,32.79,34.73,19.25,0.0,8.53,Stabil
2026-05-11 21:59:01,13.26,30.61,25.25,0.0,11.26,Stabil
2026-05-11 22:04:01,55.77,31.55,24.61,0.0,2.39,Stabil
2026-05-11 22:09:01,61.2,28.41,21.46,0.0,12.87,Stabil
2026-05-11 22:14:01,15.86,17.69,19.76,0.0,17.0,Stabil
2026-05-11 22:19:01,43.31,15.64,18.79,0.0,9.44,Stabil
2026-05-11 22:24:01,22.93,24.9,15.52,0.0,7.31,Stabil
2026-05-11 22:29:01,32.96,30.29,5.0,0.0,15.44,Stabil
2026-05-11 22:34:01,29.36,28.15,10.97,0.0,10.63,Stabil
2026-05-11 22:39:01,23.98,36.11,19.06,0.0,10.88,Stabil
2026-05-11 22:44:01,14.95,24.71,18.79,0.2,7.56,Stabil
2026-05-11 22:49:01,47.31,14.9,18.72,0.0,14.89,Stabil
2026-05-11 22:54:01,5.0,37.23,26.32,0.0,1.0,Stabil
2026-05-11 22:59:01,30.15,28.88,21.04,0.0,5.38,Stabil
2026-05-11 23:04:01,11.04,25.38,16.72,0.0,13.1,Stabil
2026-05-11 23:09:01,50.6,16.77,33.87,0.2,9.08,Stabil
2026-05-11 23:14:01,29.65,37.45,14.24,0.5,12.51,Stabil
2026-05-11 23:19:01,29.78,24.03,21.57,0.0,11.61,Stabil
2026-05-11 23:24:01,157.25,11.82,14.39,1.19,83.78,Tidak Stabil
2026-05-11 23:29:01,127.39,14.85,3.82,8.27,68.03,Tidak Stabil
2026-05-11 23:34:01,30.0,3.78,1.81,1.56,22.57,Tidak Stabil
2026-05-11 23:39:01,69.64,1.39,1.6,3.06,18.0,Tidak Stabil
2026-05-11 23:44:01,67.95,4.92,8.05,14.71,20.55,Tidak Stabil
2026-05-11 23:49:01,137.16,7.13,6.8,6.52,50.96,Tidak Stabil
2026-05-11 23:54:01,140.79,4.61,3.58,1.79,47.42,Tidak Stabil
2026-05-11 23:59:01,65.54,11.79,4.87,2.3,51.24,Tidak Stabil
2026-05-12 00:04:01,177.9,3.5,1.57,2.09,21.38,Tidak Stabil
2026-05-12 00:09:01,188.82,16.86,8.43,0.37,59.19,Tidak Stabil
2026-05-12 00:14:01,79.73,15.48,1.0,6.89,45.9,Tidak Stabil
2026-05-12 00:19:01,170.31,23.52,10.12,2.79,49.65,Tidak Stabil
2026-05-12 00:24:01,262.16,4.36,3.24,5.71,61.3,Tidak Stabil
2026-05-12 00:29:01,123.31,8.54,19.62,3.26,89.57,Tidak Stabil
2026-05-12 00:34:01,104.97,5.58,9.47,1.01,30.0,Tidak Stabil
2026-05-12 00:39:01,248.76,5.51,5.46,2.08,122.78,Tidak Stabil
2026-05-12 00:44:01,253.05,5.62,1.45,6.89,98.53,Tidak Stabil
2026-05-12 00:49:01,252.24,16.0,12.91,0.93,40.96,Tidak Stabil
2026-05-12 00:54:01,127.87,4.51,1.99,2.1,24.49,Tidak Stabil
2026-05-12 00:59:01,135.78,3.29,3.79,11.58,43.81,Tidak Stabil
2026-05-12 01:04:01,124.06,7.88,1.0,10.87,58.75,Tidak Stabil
2026-05-12 01:09:01,95.0,11.57,11.98,1.1,50.75,Tidak Stabil
2026-05-12 01:14:01,230.93,0.23,0.26,7.91,63.14,Tidak Stabil
2026-05-12 01:19:01,123.5,8.2,10.29,2.03,69.09,Tidak Stabil
2026-05-12 01:24:01,166.29,2.59,2.63,9.33,89.25,Tidak Stabil
2026-05-12 01:29:01,110.29,2.0,7.64,13.64,38.52,Tidak Stabil
2026-05-12 01:34:01,149.96,3.68,2.51,12.81,108.26,Tidak Stabil
2026-05-12 01:39:01,182.18,4.85,3.54,11.49,50.71,Tidak Stabil
2026-05-12 01:44:01,235.11,3.49,4.71,6.6,116.5,Tidak Stabil
2026-05-12 01:49:01,168.04,24.6,12.02,0.86,99.73,Tidak Stabil
2026-05-12 01:54:01,99.27,4.18,2.18,0.67,39.72,Tidak Stabil
2026-05-12 01:59:01,257.0,6.64,3.31,6.74,67.85,Tidak Stabil
2026-05-12 02:04:01,101.64,3.63,1.99,0.0,46.9,Tidak Stabil
2026-05-12 02:09:01,153.68,18.15,6.38,3.29,62.63,Tidak Stabil
2026-05-12 02:14:01,91.38,1.04,0.55,0.0,49.14,Tidak Stabil
2026-05-12 02:19:01,368.37,9.77,1.73,7.57,114.87,Tidak Stabil
2026-05-12 02:24:01,149.61,6.02,1.42,1.66,27.73,Tidak Stabil
2026-05-12 02:29:01,62.01,2.0,10.43,4.52,20.0,Tidak Stabil
2026-05-12 02:34:01,37.18,34.35,17.27,0.0,2.95,Stabil
2026-05-12 02:39:01,28.87,31.83,22.08,0.0,11.61,Stabil
2026-05-12 02:44:01,37.52,20.04,16.91,0.0,3.83,Stabil
2026-05-12 02:49:01,12.66,39.64,22.84,0.0,16.26,Stabil
2026-05-12 02:54:01,28.28,22.46,6.19,0.0,15.69,Stabil
2026-05-12 02:59:01,35.42,26.3,27.03,0.5,11.61,Stabil
2026-05-12 03:04:01,34.83,21.5,22.94,0.0,11.44,Stabil
2026-05-12 03:09:01,26.56,16.63,14.9,0.0,15.01,Stabil
2026-05-12 03:14:01,27.54,21.74,13.44,0.0,11.18,Stabil
2026-05-12 03:19:01,15.11,22.73,8.01,0.0,1.0,Stabil
2026-05-12 03:24:01,33.71,26.8,16.04,0.0,5.4,Stabil
2026-05-12 03:29:01,27.61,24.92,19.73,0.0,10.91,Stabil
2026-05-12 03:34:01,54.55,32.69,15.53,0.0,17.85,Stabil
2026-05-12 03:39:01,36.03,22.89,12.65,0.0,3.06,Stabil
2026-05-12 03:44:01,11.0,18.26,18.96,0.0,7.44,Stabil
2026-05-12 03:49:01,21.53,39.57,18.1,0.0,5.03,Stabil
2026-05-12 03:54:01,41.3,21.15,18.59,0.0,7.48,Stabil
2026-05-12 03:59:01,33.58,26.93,20.47,0.0,8.01,Stabil
2026-05-12 04:04:01,17.24,24.8,19.62,0.5,16.57,Stabil
2026-05-12 04:09:01,26.52,37.58,9.14,0.0,15.91,Stabil
2026-05-12 04:14:01,42.21,26.38,14.83,0.0,2.99,Stabil
2026-05-12 04:19:01,54.8,30.38,11.49,0.0,5.16,Stabil
2026-05-12 04:24:01,146.04,10.53,3.88,3.1,85.13,Tidak Stabil
2026-05-12 04:29:01,153.63,9.22,6.4,2.7,35.56,Tidak Stabil
2026-05-12 04:34:01,182.21,13.7,13.01,0.58,75.65,Tidak Stabil
2026-05-12 04:39:01,97.19,20.14,5.38,1.59,46.86,Tidak Stabil
2026-05-12 04:44:01,124.48,8.57,8.77,2.32,51.16,Tidak Stabil
2026-05-12 04:49:01,174.38,27.58,9.7,2.9,30.0,Tidak Stabil
2026-05-12 04:54:01,167.1,14.28,11.98,3.26,43.25,Tidak Stabil
2026-05-12 04:59:01,123.25,3.94,0.27,1.02,39.53,Tidak Stabil
2026-05-12 05:04:01,96.14,4.04,1.7,0.68,18.0,Tidak Stabil
2026-05-12 05:09:01,95.01,5.03,2.49,1.72,23.0,Tidak Stabil
2026-05-12 05:14:01,110.0,6.98,1.17,8.64,102.14,Tidak Stabil
2026-05-12 05:19:01,213.61,4.95,1.17,7.48,135.07,Tidak Stabil
2026-05-12 05:24:01,57.01,2.16,3.09,0.18,42.32,Tidak Stabil
2026-05-12 05:29:01,112.16,4.55,3.51,4.62,40.03,Tidak Stabil
2026-05-12 05:34:01,184.95,1.79,0.1,8.24,113.49,Tidak Stabil
2026-05-12 05:39:01,170.95,0.2,1.61,6.65,113.81,Tidak Stabil
2026-05-12 05:44:01,128.5,14.84,4.12,11.56,56.85,Tidak Stabil
2026-05-12 05:49:01,193.3,4.97,3.87,2.67,74.52,Tidak Stabil
2026-05-12 05:54:01,147.51,0.2,4.26,12.66,82.38,Tidak Stabil
2026-05-12 05:59:01,108.82,4.27,1.52,0.05,42.73,Tidak Stabil
2026-05-12 06:04:01,76.63,4.99,9.08,8.89,20.0,Tidak Stabil
2026-05-12 06:09:01,149.76,8.73,2.07,11.08,66.75,Tidak Stabil
2026-05-12 06:14:01,102.71,7.97,3.05,0.16,40.2,Tidak Stabil
2026-05-12 06:19:01,102.16,3.66,2.16,1.37,42.59,Tidak Stabil
2026-05-12 06:24:01,225.13,23.81,16.54,1.53,100.03,Tidak Stabil
2026-05-12 06:29:01,119.72,2.0,9.21,5.36,79.62,Tidak Stabil
2026-05-12 06:34:01,62.89,4.3,0.1,1.7,32.08,Tidak Stabil
2026-05-12 06:39:01,110.0,4.07,0.1,6.72,134.3,Tidak Stabil
2026-05-12 06:44:01,102.62,7.8,2.18,1.11,18.0,Tidak Stabil
2026-05-12 06:49:01,72.91,4.64,1.82,0.0,20.23,Tidak Stabil
2026-05-12 06:54:01,168.94,24.24,7.94,1.23,30.0,Tidak Stabil
2026-05-12 06:59:01,257.65,6.03,1.0,2.66,42.78,Tidak Stabil
2026-05-12 07:04:01,78.86,3.89,1.47,1.45,50.24,Tidak Stabil
2026-05-12 07:09:01,237.42,0.46,0.27,2.0,60.72,Tidak Stabil
2026-05-12 07:14:01,123.48,5.07,1.77,2.03,68.06,Tidak Stabil
2026-05-12 07:19:01,201.96,13.09,12.5,4.9,53.12,Tidak Stabil
2026-05-12 07:24:01,40.9,22.1,19.09,0.0,10.62,Stabil
2026-05-12 07:29:01,45.65,29.77,11.94,0.0,14.81,Stabil
2026-05-12 07:34:01,31.44,34.0,19.68,0.0,8.02,Stabil
2026-05-12 07:39:01,23.49,34.11,24.76,0.0,12.86,Stabil
2026-05-12 07:44:01,24.43,15.7,17.13,0.0,9.54,Stabil
2026-05-12 07:49:01,31.31,18.61,17.37,0.5,8.06,Stabil
2026-05-12 07:54:01,30.42,33.07,13.81,0.0,8.18,Stabil
2026-05-12 07:59:01,35.75,27.53,14.97,0.0,14.3,Stabil
2026-05-12 08:04:01,36.2,37.12,15.68,0.0,10.84,Stabil
2026-05-12 08:09:01,41.26,32.47,16.96,0.0,16.17,Stabil
2026-05-12 08:14:01,19.52,32.76,14.46,0.0,9.19,Stabil
2026-05-12 08:19:01,25.63,20.16,11.46,0.5,16.76,Stabil
2026-05-12 08:24:01,48.29,27.5,19.46,0.0,15.27,Stabil
2026-05-12 08:29:01,32.2,22.59,11.43,0.0,17.79,Stabil
2026-05-12 08:34:01,12.04,41.04,15.76,0.0,9.27,Stabil
2026-05-12 08:39:01,30.19,17.83,17.41,0.0,6.96,Stabil
2026-05-12 08:44:01,32.94,35.66,19.25,0.0,18.42,Stabil
2026-05-12 08:49:01,50.0,41.58,13.91,0.0,8.78,Stabil
2026-05-12 08:54:01,35.03,36.56,25.63,0.0,10.77,Stabil
2026-05-12 08:59:01,34.36,28.53,5.0,0.2,13.09,Stabil
2026-05-12 09:04:01,59.58,31.05,19.87,0.0,1.0,Stabil
2026-05-12 09:09:01,27.28,21.87,17.79,0.0,14.95,Stabil
2026-05-12 09:14:01,31.74,32.21,15.14,0.0,1.0,Stabil
2026-05-12 09:19:01,36.68,37.17,17.41,0.0,8.51,Stabil
2026-05-12 09:24:01,31.3,35.89,13.73,0.0,7.01,Stabil
2026-05-12 09:29:01,27.68,31.68,16.95,0.0,9.95,Stabil
2026-05-12 09:34:01,39.6,42.51,15.94,0.5,5.14,Stabil
2026-05-12 09:39:01,49.73,27.22,11.35,0.0,7.92,Stabil
2026-05-12 09:44:01,34.05,31.17,19.58,0.0,1.46,Stabil
2026-05-12 09:49:01,74.57,35.15,16.47,0.1,15.49,Stabil
2026-05-12 09:54:01,11.52,10.0,21.43,0.0,1.77,Stabil
2026-05-12 09:59:01,44.07,22.59,8.57,0.5,10.55,Stabil
2026-05-12 10:04:01,25.61,31.95,5.0,0.0,7.1,Stabil
2026-05-12 10:09:01,31.13,26.72,20.58,0.0,10.23,Stabil
2026-05-12 10:14:01,43.38,42.85,15.11,0.0,19.94,Stabil
2026-05-12 10:19:01,69.21,18.59,15.99,0.5,9.97,Stabil
2026-05-12 10:24:01,52.68,17.01,21.12,0.0,10.75,Stabil
2026-05-12 10:29:01,63.98,38.29,14.34,0.0,2.18,Stabil
2026-05-12 10:34:01,17.31,39.48,15.92,0.0,11.78,Stabil
2026-05-12 10:39:01,55.49,36.59,14.72,0.0,10.13,Stabil
2026-05-12 10:44:01,11.85,29.31,31.18,0.0,10.36,Stabil
2026-05-12 10:49:01,42.07,36.46,19.19,0.0,5.82,Stabil
2026-05-12 10:54:01,56.37,27.27,12.67,0.0,8.1,Stabil
2026-05-12 10:59:01,43.19,22.0,10.52,0.1,9.7,Stabil
2026-05-12 11:04:01,42.4,30.33,6.03,0.0,14.7,Stabil
2026-05-12 11:09:01,21.5,15.41,10.67,0.0,1.0,Stabil
2026-05-12 11:14:01,33.48,23.21,12.2,0.5,3.4,Stabil
2026-05-12 11:19:01,5.0,30.32,18.28,0.0,15.8,Stabil
2026-05-12 11:24:01,49.6,21.77,19.22,0.0,10.73,Stabil
2026-05-12 11:29:01,25.13,21.41,22.1,0.0,2.58,Stabil
2026-05-12 11:34:01,31.87,37.65,8.84,0.0,8.09,Stabil
2026-05-12 11:39:01,24.79,22.04,13.92,0.0,5.13,Stabil
2026-05-12 11:44:01,45.55,17.54,8.41,0.5,4.31,Stabil
2026-05-12 11:49:01,21.61,40.26,18.2,0.1,7.95,Stabil
2026-05-12 11:54:01,50.09,18.98,24.77,0.0,1.39,Stabil
2026-05-12 11:59:01,21.26,36.37,22.56,0.0,7.02,Stabil
2026-05-12 12:04:01,48.51,41.6,15.59,0.0,15.42,Stabil
2026-05-12 12:09:01,59.06,31.38,27.34,0.0,1.0,Stabil
2026-05-12 12:14:01,30.24,35.53,19.15,0.0,11.62,Stabil
2026-05-12 12:19:01,69.17,12.27,17.5,0.0,1.0,Stabil
2026-05-12 12:24:01,35.71,26.01,7.96,0.0,6.99,Stabil
2026-05-12 12:29:01,39.77,33.2,21.49,0.0,11.54,Stabil
2026-05-12 12:34:01,22.63,30.21,25.17,0.0,18.59,Stabil
2026-05-12 12:39:01,5.0,28.77,16.06,0.0,1.29,Stabil
2026-05-12 12:44:01,26.81,19.26,18.81,0.0,7.5,Stabil
2026-05-12 12:49:01,41.58,28.63,24.32,0.0,11.48,Stabil
2026-05-12 12:54:01,23.35,29.26,19.06,0.0,7.97,Stabil
2026-05-12 12:59:01,25.75,32.61,17.1,0.0,12.57,Stabil
2026-05-12 13:04:01,47.3,30.59,14.8,0.0,3.01,Stabil
2026-05-12 13:09:01,53.33,30.57,17.01,0.0,15.4,Stabil
2026-05-12 13:14:01,49.14,31.9,24.43,0.0,11.76,Stabil
2026-05-12 13:19:01,21.92,23.67,17.57,0.0,12.7,Stabil
2026-05-12 13:24:01,120.67,3.31,1.17,1.9,34.16,Tidak Stabil
2026-05-12 13:29:01,120.48,2.0,5.6,2.0,69.65,Tidak Stabil
2026-05-12 13:34:01,66.56,6.05,10.68,4.72,38.26,Tidak Stabil
2026-05-12 13:39:01,114.1,9.1,1.0,2.0,49.08,Tidak Stabil
2026-05-12 13:44:01,159.11,2.83,0.1,9.24,37.64,Tidak Stabil
2026-05-12 13:49:01,184.83,20.76,1.0,0.96,39.19,Tidak Stabil
2026-05-12 13:54:01,195.49,0.82,2.5,6.03,70.43,Tidak Stabil
2026-05-12 13:59:01,211.74,18.08,15.34,2.12,34.17,Tidak Stabil
2026-05-12 14:04:01,56.67,16.48,12.59,11.67,54.37,Tidak Stabil
2026-05-12 14:09:01,86.8,5.06,10.4,8.25,46.93,Tidak Stabil
2026-05-12 14:14:01,177.43,29.07,15.22,2.58,72.63,Tidak Stabil
2026-05-12 14:19:01,164.64,5.89,0.1,12.22,49.16,Tidak Stabil
2026-05-12 14:24:01,205.72,2.67,1.02,11.46,84.65,Tidak Stabil
2026-05-12 14:29:01,178.93,11.95,13.41,1.8,62.12,Tidak Stabil
2026-05-12 14:34:01,116.91,19.3,4.59,3.41,64.71,Tidak Stabil
2026-05-12 14:39:01,30.0,1.35,0.84,0.0,18.0,Tidak Stabil
2026-05-12 14:44:01,41.19,26.29,20.28,0.1,11.47,Stabil
2026-05-12 14:49:01,23.86,27.61,20.93,0.2,4.07,Stabil
2026-05-12 14:54:01,50.87,23.29,12.39,0.0,16.79,Stabil
2026-05-12 14:59:01,29.69,18.85,21.25,0.0,7.56,Stabil
2026-05-12 15:04:01,51.11,31.97,30.45,0.0,15.17,Stabil
2026-05-12 15:09:01,57.01,35.78,17.34,0.0,12.5,Stabil
2026-05-12 15:14:01,21.82,33.94,14.17,0.0,10.64,Stabil
2026-05-12 15:19:01,36.3,40.19,9.8,0.0,1.0,Stabil
2026-05-12 15:24:01,26.03,30.96,21.51,0.0,9.36,Stabil
2026-05-12 15:29:01,31.43,29.86,22.32,0.0,14.36,Stabil
2026-05-12 15:34:01,20.51,27.36,16.2,0.0,11.39,Stabil
2026-05-12 15:39:01,30.43,33.59,10.7,0.0,5.52,Stabil
2026-05-12 15:44:01,38.29,34.33,14.58,0.5,6.57,Stabil
2026-05-12 15:49:01,22.35,29.78,18.47,0.2,17.26,Stabil
2026-05-12 15:54:01,35.21,23.23,16.2,0.0,7.76,Stabil
2026-05-12 15:59:01,52.48,25.97,14.02,0.5,4.12,Stabil
2026-05-12 16:04:01,62.31,23.47,22.99,0.0,13.63,Stabil
2026-05-12 16:09:01,37.05,37.82,17.93,0.0,15.11,Stabil
2026-05-12 16:14:01,48.78,24.32,11.52,0.0,9.02,Stabil
2026-05-12 16:19:01,25.84,29.14,18.06,0.0,8.61,Stabil
2026-05-12 16:24:01,54.37,31.37,25.86,0.1,18.65,Stabil
2026-05-12 16:29:01,12.84,18.69,28.99,0.0,8.27,Stabil
2026-05-12 16:34:01,42.34,33.49,12.97,0.0,3.73,Stabil
2026-05-12 16:39:01,35.34,25.88,24.22,0.0,10.28,Stabil
2026-05-12 16:44:01,30.36,37.17,5.0,0.0,18.27,Stabil
2026-05-12 16:49:01,26.2,41.34,15.53,0.0,11.78,Stabil
2026-05-12 16:54:01,53.92,22.66,13.6,0.0,8.46,Stabil
2026-05-12 16:59:01,53.01,32.8,15.63,0.0,6.6,Stabil
2026-05-12 17:04:01,5.0,32.19,10.68,0.0,9.96,Stabil
2026-05-12 17:09:01,37.67,50.15,14.44,0.2,8.87,Stabil
2026-05-12 17:14:01,55.84,33.1,27.7,0.0,9.19,Stabil
2026-05-12 17:19:01,14.38,30.26,16.96,0.0,10.23,Stabil
2026-05-12 17:24:01,44.35,33.63,30.93,0.0,6.0,Stabil
2026-05-12 17:29:01,31.28,20.72,30.64,0.0,7.17,Stabil
2026-05-12 17:34:01,27.93,33.75,17.05,0.0,12.79,Stabil
2026-05-12 17:39:01,5.0,18.12,23.75,0.0,12.4,Stabil
2026-05-12 17:44:01,19.17,34.58,12.22,0.0,15.16,Stabil
2026-05-12 17:49:01,58.46,18.61,13.27,0.5,17.36,Stabil
2026-05-12 17:54:01,24.51,19.7,21.99,0.0,6.74,Stabil
2026-05-12 17:59:01,10.92,17.83,10.52,0.0,14.76,Stabil
2026-05-12 18:04:01,42.9,26.47,16.81,0.0,7.58,Stabil
2026-05-12 18:09:01,36.85,16.03,23.76,0.0,13.33,Stabil
2026-05-12 18:14:01,43.67,32.62,17.23,0.0,9.54,Stabil
2026-05-12 18:19:01,275.6,2.48,2.89,9.64,95.71,Tidak Stabil
2026-05-12 18:24:01,94.42,1.38,3.67,2.08,35.56,Tidak Stabil
2026-05-12 18:29:01,174.96,6.52,2.78,8.1,75.89,Tidak Stabil
2026-05-12 18:34:01,62.35,3.5,1.83,3.0,33.68,Tidak Stabil
2026-05-12 18:39:01,231.48,8.68,11.37,2.12,72.24,Tidak Stabil
2026-05-12 18:44:01,160.99,19.89,9.97,1.08,68.83,Tidak Stabil
2026-05-12 18:49:01,155.66,4.0,2.62,14.42,76.45,Tidak Stabil
2026-05-12 18:54:01,249.95,30.19,8.17,0.89,65.52,Tidak Stabil
2026-05-12 18:59:01,143.34,12.26,10.47,0.15,78.06,Tidak Stabil
2026-05-12 19:04:01,226.36,0.84,3.17,4.13,92.84,Tidak Stabil
2026-05-12 19:09:01,206.04,7.72,7.74,2.93,69.34,Tidak Stabil
2026-05-12 19:14:01,221.23,16.19,9.11,2.61,55.91,Tidak Stabil
2026-05-12 19:19:01,112.24,3.46,3.0,0.21,18.0,Tidak Stabil
2026-05-12 19:24:01,171.35,6.92,1.85,2.0,39.84,Tidak Stabil
2026-05-12 19:29:01,213.03,0.2,1.74,6.94,73.0,Tidak Stabil
2026-05-12 19:34:01,141.35,2.7,0.1,6.46,83.44,Tidak Stabil
2026-05-12 19:39:01,104.55,2.0,9.96,8.52,43.97,Tidak Stabil
2026-05-12 19:44:01,59.88,2.04,3.38,0.97,44.93,Tidak Stabil
2026-05-12 19:49:01,118.14,25.99,6.9,2.63,30.0,Tidak Stabil
2026-05-12 19:54:01,144.02,18.9,7.29,2.75,38.09,Tidak Stabil
2026-05-12 19:59:01,253.67,3.6,1.72,4.62,84.58,Tidak Stabil
2026-05-12 20:04:01,190.61,14.61,1.0,2.17,73.12,Tidak Stabil
2026-05-12 20:09:01,260.52,6.17,0.22,10.35,103.59,Tidak Stabil
2026-05-12 20:14:01,77.58,9.21,3.66,2.65,49.46,Tidak Stabil
2026-05-12 20:19:01,232.06,20.8,8.29,3.08,64.56,Tidak Stabil
2026-05-12 20:24:01,61.57,2.98,2.1,1.55,35.71,Tidak Stabil
2026-05-12 20:29:01,45.26,4.46,1.95,2.26,70.15,Tidak Stabil
2026-05-12 20:34:01,129.53,18.91,7.62,2.1,36.16,Tidak Stabil
2026-05-12 20:39:01,60.99,3.36,0.12,1.37,34.46,Tidak Stabil
2026-05-12 20:44:01,135.96,17.06,9.22,3.18,101.7,Tidak Stabil
2026-05-12 20:49:01,211.19,11.74,3.93,0.33,62.78,Tidak Stabil
2026-05-12 20:54:01,186.29,20.3,5.28,1.34,63.01,Tidak Stabil
2026-05-12 20:59:01,78.04,6.89,8.9,8.9,36.46,Tidak Stabil
2026-05-12 21:04:01,169.05,13.04,12.75,1.61,42.52,Tidak Stabil
2026-05-12 21:09:01,203.99,1.94,0.17,5.72,81.28,Tidak Stabil
2026-05-12 21:14:01,81.1,1.76,3.01,0.6,28.52,Tidak Stabil
2026-05-12 21:19:01,103.23,1.65,1.43,1.78,48.92,Tidak Stabil
2026-05-12 21:24:01,123.46,14.08,4.52,2.13,78.98,Tidak Stabil
2026-05-12 21:29:01,110.0,0.82,2.32,12.25,73.73,Tidak Stabil
2026-05-12 21:34:01,145.62,14.2,7.39,4.3,60.57,Tidak Stabil
2026-05-12 21:39:01,142.4,14.68,5.0,5.65,49.29,Tidak Stabil
2026-05-12 21:44:01,72.43,1.69,1.75,0.98,67.18,Tidak Stabil
2026-05-12 21:49:01,145.79,9.24,9.17,7.01,67.14,Tidak Stabil
2026-05-12 21:54:01,174.02,2.51,0.1,13.13,151.17,Tidak Stabil
2026-05-12 21:59:01,157.97,7.56,1.66,5.84,52.82,Tidak Stabil
2026-05-12 22:04:01,274.09,4.91,0.62,10.68,116.76,Tidak Stabil
2026-05-12 22:09:01,96.93,3.41,2.3,0.91,19.55,Tidak Stabil
2026-05-12 22:14:01,234.04,3.02,1.51,11.32,91.66,Tidak Stabil
2026-05-12 22:19:01,75.59,2.97,3.25,2.58,33.78,Tidak Stabil
2026-05-12 22:24:01,30.0,1.79,2.24,0.0,27.34,Tidak Stabil
2026-05-12 22:29:01,155.63,4.81,10.55,7.86,42.35,Tidak Stabil
2026-05-12 22:34:01,292.19,6.43,2.13,6.66,175.44,Tidak Stabil
2026-05-12 22:39:01,111.93,3.29,2.37,0.61,34.27,Tidak Stabil
2026-05-12 22:44:01,174.07,28.48,1.0,1.86,42.28,Tidak Stabil
2026-05-12 22:49:01,183.47,3.43,7.35,2.61,32.06,Tidak Stabil
2026-05-12 22:54:01,97.55,19.37,6.31,6.02,46.03,Tidak Stabil
2026-05-12 22:59:01,205.67,4.02,1.64,8.31,69.65,Tidak Stabil
2026-05-12 23:04:01,192.35,5.24,3.0,7.75,70.77,Tidak Stabil
2026-05-12 23:09:01,37.84,15.25,16.74,0.0,21.39,Stabil
2026-05-12 23:14:01,16.48,19.74,15.36,0.0,12.46,Stabil
2026-05-12 23:19:01,49.83,32.07,16.87,0.2,13.66,Stabil
2026-05-12 23:24:01,43.08,33.73,32.37,0.0,8.71,Stabil
2026-05-12 23:29:01,10.8,35.33,30.34,0.0,12.5,Stabil
2026-05-12 23:34:01,9.62,26.64,13.12,0.0,9.93,Stabil
2026-05-12 23:39:01,7.98,22.69,6.56,0.1,13.65,Stabil
2026-05-12 23:44:01,40.27,30.73,16.37,0.0,8.37,Stabil
2026-05-12 23:49:01,46.11,29.04,6.09,0.2,9.31,Stabil
2026-05-12 23:54:01,28.64,25.56,24.28,0.0,1.0,Stabil
2026-05-12 23:59:01,16.25,29.14,19.36,0.0,9.9,Stabil
2026-05-13 00:04:01,39.34,18.57,16.68,0.2,6.14,Stabil
2026-05-13 00:09:01,48.34,40.71,21.91,0.2,10.21,Stabil
2026-05-13 00:14:01,50.56,30.68,26.87,0.0,1.33,Stabil
2026-05-13 00:19:01,38.32,28.69,15.46,0.0,9.91,Stabil
2026-05-13 00:24:01,42.58,28.68,13.72,0.0,13.13,Stabil
2026-05-13 00:29:01,30.84,31.62,10.74,0.0,9.42,Stabil
2026-05-13 00:34:01,29.81,35.11,11.27,0.2,14.03,Stabil
2026-05-13 00:39:01,25.99,28.46,13.97,0.0,15.14,Stabil
2026-05-13 00:44:01,42.53,29.99,18.47,0.0,10.16,Stabil
2026-05-13 00:49:01,47.08,28.6,11.85,0.0,7.6,Stabil
2026-05-13 00:54:01,73.09,27.68,9.57,0.5,3.83,Stabil
2026-05-13 00:59:01,6.52,33.99,27.3,0.0,3.1,Stabil
2026-05-13 01:04:01,28.46,25.94,17.58,0.0,6.75,Stabil
2026-05-13 01:09:01,44.16,27.6,13.02,0.0,10.75,Stabil
2026-05-13 01:14:01,36.47,31.49,23.06,0.0,12.6,Stabil
2026-05-13 01:19:01,41.39,28.32,26.6,0.0,12.4,Stabil
2026-05-13 01:24:01,45.93,22.46,14.05,0.0,7.88,Stabil
2026-05-13 01:29:01,50.87,29.53,25.19,0.2,9.38,Stabil
2026-05-13 01:34:01,31.83,33.97,19.95,0.0,3.89,Stabil
2026-05-13 01:39:01,41.3,27.69,7.47,0.0,10.69,Stabil
2026-05-13 01:44:01,78.77,26.53,11.22,0.0,22.76,Stabil
2026-05-13 01:49:01,44.75,20.95,26.42,0.0,6.17,Stabil
2026-05-13 01:54:01,18.08,30.48,10.36,0.0,16.84,Stabil
2026-05-13 01:59:01,20.01,11.52,24.55,0.0,9.38,Stabil
2026-05-13 02:04:01,35.24,29.75,15.32,0.2,6.06,Stabil
2026-05-13 02:09:01,14.08,35.93,19.07,0.2,8.16,Stabil
2026-05-13 02:14:01,38.21,20.66,28.39,0.0,8.86,Stabil
2026-05-13 02:19:01,56.58,20.88,8.87,0.1,5.77,Stabil
2026-05-13 02:24:01,48.89,25.35,14.94,0.2,15.0,Stabil
2026-05-13 02:29:01,71.56,14.33,25.38,0.0,4.87,Stabil
2026-05-13 02:34:01,35.93,28.86,11.53,0.2,13.8,Stabil
2026-05-13 02:39:01,29.09,21.81,22.87,0.0,11.45,Stabil
2026-05-13 02:44:01,27.39,23.89,10.81,0.0,7.13,Stabil
2026-05-13 02:49:01,40.02,24.75,5.0,0.0,7.86,Stabil
2026-05-13 02:54:01,41.24,32.8,23.75,0.0,6.32,Stabil
2026-05-13 02:59:01,60.01,31.19,12.78,0.0,3.01,Stabil
2026-05-13 03:04:01,53.04,29.44,23.03,0.0,17.91,Stabil
2026-05-13 03:09:01,30.36,27.79,26.74,0.1,7.0,Stabil
2026-05-13 03:14:01,110.0,4.77,2.99,6.4,109.47,Tidak Stabil
2026-05-13 03:19:01,139.0,5.62,4.91,0.55,47.58,Tidak Stabil
2026-05-13 03:24:01,80.45,2.0,4.0,8.38,50.2,Tidak Stabil
2026-05-13 03:29:01,255.51,1.95,3.64,5.81,44.92,Tidak Stabil
2026-05-13 03:34:01,138.97,24.69,8.5,8.54,38.22,Tidak Stabil
2026-05-13 03:39:01,38.53,1.23,1.02,1.27,25.38,Tidak Stabil
2026-05-13 03:44:01,136.36,13.66,12.43,9.47,67.04,Tidak Stabil
2026-05-13 03:49:01,68.82,5.14,3.37,1.61,18.0,Tidak Stabil
2026-05-13 03:54:01,57.86,7.12,2.36,1.89,20.29,Tidak Stabil
2026-05-13 03:59:01,175.85,6.71,1.81,4.59,62.23,Tidak Stabil
2026-05-13 04:04:01,136.17,8.77,0.1,6.96,65.31,Tidak Stabil
2026-05-13 04:09:01,95.0,14.46,8.03,2.39,59.02,Tidak Stabil
2026-05-13 04:14:01,124.09,4.44,0.55,7.71,118.95,Tidak Stabil
2026-05-13 04:19:01,161.52,4.54,2.71,2.0,68.84,Tidak Stabil
2026-05-13 04:24:01,148.53,24.58,8.08,0.69,37.43,Tidak Stabil
2026-05-13 04:29:01,136.94,10.39,7.26,2.65,36.03,Tidak Stabil
2026-05-13 04:34:01,104.97,5.3,0.9,1.43,34.63,Tidak Stabil
2026-05-13 04:39:01,147.63,2.0,1.0,1.84,66.05,Tidak Stabil
2026-05-13 04:44:01,210.65,5.02,2.53,13.1,90.93,Tidak Stabil
2026-05-13 04:49:01,32.88,1.87,0.1,0.95,34.31,Tidak Stabil
2026-05-13 04:54:01,165.13,11.17,9.21,1.54,49.1,Tidak Stabil
2026-05-13 04:59:01,137.71,2.95,1.31,2.63,18.0,Tidak Stabil
2026-05-13 05:04:01,128.09,3.72,4.16,6.55,69.86,Tidak Stabil
2026-05-13 05:09:01,213.74,5.85,5.86,2.0,103.26,Tidak Stabil
2026-05-13 05:14:01,134.93,20.62,3.63,2.56,52.28,Tidak Stabil
2026-05-13 05:19:01,197.9,16.16,15.76,0.14,31.05,Tidak Stabil
2026-05-13 05:24:01,40.0,18.55,1.09,8.37,40.49,Tidak Stabil
2026-05-13 05:29:01,40.0,13.87,2.25,5.81,54.62,Tidak Stabil
2026-05-13 05:34:01,113.64,13.25,4.11,9.73,37.66,Tidak Stabil
2026-05-13 05:39:01,71.57,2.56,1.04,1.99,24.36,Tidak Stabil
2026-05-13 05:44:01,112.56,4.73,1.75,0.32,29.06,Tidak Stabil
2026-05-13 05:49:01,147.04,11.45,6.29,8.97,62.35,Tidak Stabil
2026-05-13 05:54:01,188.89,0.36,1.37,2.74,108.8,Tidak Stabil
2026-05-13 05:59:01,190.96,11.71,8.71,3.1,61.15,Tidak Stabil
2026-05-13 06:04:01,157.3,11.12,4.23,1.34,34.73,Tidak Stabil
2026-05-13 06:09:01,115.76,8.42,2.48,2.37,71.74,Tidak Stabil
2026-05-13 06:14:01,93.88,5.91,2.81,0.0,51.29,Tidak Stabil
2026-05-13 06:19:01,113.37,14.58,8.82,2.53,74.62,Tidak Stabil
2026-05-13 06:24:01,63.82,5.22,1.22,1.55,47.39,Tidak Stabil
2026-05-13 06:29:01,228.2,18.67,7.13,1.25,51.94,Tidak Stabil
2026-05-13 06:34:01,147.29,4.62,0.1,2.27,50.54,Tidak Stabil
2026-05-13 06:39:01,110.0,5.86,2.2,9.71,63.66,Tidak Stabil
2026-05-13 06:44:01,168.85,7.52,0.19,2.35,80.9,Tidak Stabil
2026-05-13 06:49:01,104.86,8.09,1.0,11.8,57.66,Tidak Stabil
2026-05-13 06:54:01,219.33,5.84,2.09,9.18,93.67,Tidak Stabil
2026-05-13 06:59:01,53.21,0.3,1.57,1.07,37.03,Tidak Stabil
2026-05-13 07:04:01,139.14,10.49,9.69,5.74,46.99,Tidak Stabil
2026-05-13 07:09:01,182.71,20.39,2.8,0.15,41.57,Tidak Stabil
2026-05-13 07:14:01,66.85,2.38,2.66,1.22,18.0,Tidak Stabil
2026-05-13 07:19:01,180.14,3.72,3.94,5.0,124.47,Tidak Stabil
2026-05-13 07:24:01,201.58,5.15,3.95,5.69,84.75,Tidak Stabil
2026-05-13 07:29:01,131.94,3.12,0.15,11.81,135.68,Tidak Stabil
2026-05-13 07:34:01,60.05,37.79,16.81,0.0,18.49,Stabil
2026-05-13 07:39:01,5.0,37.01,21.89,0.0,5.14,Stabil
2026-05-13 07:44:01,41.1,26.62,21.83,0.0,15.27,Stabil
2026-05-13 07:49:01,34.46,34.17,18.29,0.0,4.77,Stabil
2026-05-13 07:54:01,34.61,23.0,22.48,0.1,20.09,Stabil
2026-05-13 07:59:01,38.46,24.42,20.02,0.0,9.99,Stabil
2026-05-13 08:04:01,27.0,25.25,15.75,0.0,19.88,Stabil
2026-05-13 08:09:01,18.74,28.06,13.18,0.0,19.5,Stabil
2026-05-13 08:14:01,50.35,41.15,20.35,0.0,8.09,Stabil
2026-05-13 08:19:01,57.59,45.51,16.6,0.0,15.93,Stabil
2026-05-13 08:24:01,58.1,23.57,16.48,0.0,11.12,Stabil
2026-05-13 08:29:01,42.53,25.28,12.69,0.0,12.05,Stabil
2026-05-13 08:34:01,30.85,28.91,20.75,0.0,12.43,Stabil
2026-05-13 08:39:01,30.12,40.96,14.29,0.2,3.65,Stabil
2026-05-13 08:44:01,29.32,35.19,18.23,0.0,10.92,Stabil
2026-05-13 08:49:01,28.78,34.86,18.91,0.0,15.19,Stabil
2026-05-13 08:54:01,36.4,23.91,5.0,0.0,5.32,Stabil
2026-05-13 08:59:01,17.24,27.32,19.04,0.0,5.3,Stabil
2026-05-13 09:04:01,42.15,41.73,17.41,0.1,17.44,Stabil
2026-05-13 09:09:01,51.67,30.81,15.18,0.0,10.76,Stabil
2026-05-13 09:14:01,39.48,21.74,22.24,0.0,16.67,Stabil
2026-05-13 09:19:01,186.18,21.5,6.2,0.0,79.47,Tidak Stabil
2026-05-13 09:24:01,145.97,4.51,3.57,0.1,51.08,Tidak Stabil
2026-05-13 09:29:01,205.55,15.08,14.64,0.84,40.5,Tidak Stabil
2026-05-13 09:34:01,80.39,5.07,1.41,1.42,38.74,Tidak Stabil
2026-05-13 09:39:01,189.33,4.02,0.1,6.05,41.91,Tidak Stabil
2026-05-13 09:44:01,150.0,5.81,2.25,10.98,86.15,Tidak Stabil
2026-05-13 09:49:01,40.0,8.15,18.3,3.04,45.36,Tidak Stabil
2026-05-13 09:54:01,130.37,4.31,1.78,10.03,86.7,Tidak Stabil
2026-05-13 09:59:01,109.56,12.05,1.53,3.18,46.04,Tidak Stabil
2026-05-13 10:04:01,71.26,2.14,0.62,1.23,52.69,Tidak Stabil
2026-05-13 10:09:01,300.15,3.0,0.88,7.58,103.38,Tidak Stabil
2026-05-13 10:14:01,133.41,15.48,1.0,2.4,97.33,Tidak Stabil
2026-05-13 10:19:01,159.64,2.07,4.85,8.35,53.92,Tidak Stabil
2026-05-13 10:24:01,94.5,2.88,1.67,1.33,40.43,Tidak Stabil
2026-05-13 10:29:01,207.59,5.13,1.61,10.22,35.0,Tidak Stabil
2026-05-13 10:34:01,95.0,13.41,11.84,0.66,49.24,Tidak Stabil
2026-05-13 10:39:01,30.0,3.74,1.75,1.07,35.65,Tidak Stabil
2026-05-13 10:44:01,76.73,4.79,2.01,0.9,54.4,Tidak Stabil
2026-05-13 10:49:01,247.75,18.37,4.04,1.82,30.0,Tidak Stabil
2026-05-13 10:54:01,114.62,11.67,8.96,9.26,22.59,Tidak Stabil
2026-05-13 10:59:01,188.54,3.89,0.15,13.56,44.32,Tidak Stabil
2026-05-13 11:04:01,95.0,12.41,13.83,1.06,30.0,Tidak Stabil
2026-05-13 11:09:01,99.01,3.69,1.48,1.76,33.8,Tidak Stabil
2026-05-13 11:14:01,95.0,35.0,7.05,2.0,44.65,Tidak Stabil
2026-05-13 11:19:01,156.09,4.77,0.1,9.81,74.32,Tidak Stabil
2026-05-13 11:24:01,110.0,4.68,3.27,2.9,105.36,Tidak Stabil
2026-05-13 11:29:01,91.8,3.31,3.74,0.0,36.42,Tidak Stabil
2026-05-13 11:34:01,154.79,3.03,1.63,1.6,34.93,Tidak Stabil
2026-05-13 11:39:01,86.25,15.06,4.4,7.89,40.71,Tidak Stabil
2026-05-13 11:44:01,295.2,0.2,1.9,12.77,81.26,Tidak Stabil
2026-05-13 11:49:01,40.0,18.62,12.77,7.66,29.85,Tidak Stabil
2026-05-13 11:54:01,162.39,10.25,16.79,0.0,52.45,Tidak Stabil
2026-05-13 11:59:01,122.07,16.24,10.34,0.57,76.54,Tidak Stabil
2026-05-13 12:04:01,243.76,9.38,1.0,2.12,60.65,Tidak Stabil
2026-05-13 12:09:01,189.97,17.29,6.9,0.0,81.0,Tidak Stabil
2026-05-13 12:14:01,16.58,23.27,20.15,0.0,4.02,Stabil
2026-05-13 12:19:01,10.7,25.19,17.64,0.0,16.55,Stabil
2026-05-13 12:24:01,21.18,23.48,19.46,0.0,7.65,Stabil
2026-05-13 12:29:01,21.4,40.58,12.59,0.0,1.0,Stabil
2026-05-13 12:34:01,30.49,22.95,25.46,0.0,16.14,Stabil
2026-05-13 12:39:01,14.37,26.57,17.05,0.0,11.09,Stabil
2026-05-13 12:44:01,25.2,24.91,14.19,0.0,11.04,Stabil
2026-05-13 12:49:01,14.6,37.82,20.93,0.0,18.84,Stabil
2026-05-13 12:54:01,22.74,30.57,5.0,0.0,16.96,Stabil
2026-05-13 12:59:01,49.72,30.2,9.65,0.0,7.59,Stabil
2026-05-13 13:04:01,5.0,25.19,16.63,0.0,13.58,Stabil
2026-05-13 13:09:01,51.51,24.95,25.14,0.0,17.86,Stabil
2026-05-13 13:14:01,35.56,36.73,17.58,0.0,1.0,Stabil
2026-05-13 13:19:01,5.15,22.6,16.9,0.0,4.51,Stabil
2026-05-13 13:24:01,60.07,20.79,21.03,0.0,9.57,Stabil
2026-05-13 13:29:01,33.21,28.75,8.09,0.0,4.8,Stabil
2026-05-13 13:34:01,44.69,19.21,25.51,0.0,10.81,Stabil
2026-05-13 13:39:01,37.45,19.5,17.31,0.0,13.04,Stabil
2026-05-13 13:44:01,45.09,29.33,25.09,0.0,12.02,Stabil
2026-05-13 13:49:01,46.19,22.57,17.05,0.0,7.32,Stabil
2026-05-13 13:54:01,60.1,31.53,25.36,0.0,2.1,Stabil
2026-05-13 13:59:01,66.32,33.66,15.9,0.0,8.99,Stabil
2026-05-13 14:04:01,35.02,15.64,20.96,0.0,14.17,Stabil
2026-05-13 14:09:01,18.52,14.26,10.58,0.0,7.87,Stabil
2026-05-13 14:14:01,37.05,28.2,13.7,0.0,14.05,Stabil
2026-05-13 14:19:01,38.85,28.94,28.41,0.0,5.12,Stabil
2026-05-13 14:24:01,22.81,44.84,18.21,0.0,3.12,Stabil
2026-05-13 14:29:01,44.04,34.36,13.38,0.0,11.63,Stabil
2026-05-13 14:34:01,49.64,28.01,22.12,0.0,1.0,Stabil
2026-05-13 14:39:01,39.39,18.39,20.72,0.0,11.17,Stabil
2026-05-13 14:44:01,20.02,40.99,29.95,0.0,11.96,Stabil
2026-05-13 14:49:01,37.48,41.97,20.99,0.1,13.77,Stabil
2026-05-13 14:54:01,20.03,32.15,23.18,0.0,10.86,Stabil
2026-05-13 14:59:01,19.62,32.47,9.01,0.0,15.72,Stabil
2026-05-13 15:04:01,20.87,23.62,16.72,0.0,14.19,Stabil
2026-05-13 15:09:01,6.39,23.61,24.6,0.0,9.06,Stabil
2026-05-13 15:14:01,42.19,21.11,31.07,0.1,10.97,Stabil
2026-05-13 15:19:01,48.58,26.92,17.55,0.0,18.29,Stabil
2026-05-13 15:24:01,30.23,28.93,24.43,0.0,2.47,Stabil
2026-05-13 15:29:01,34.35,24.68,13.78,0.0,1.0,Stabil
2026-05-13 15:34:01,42.54,20.87,9.44,0.0,10.35,Stabil
2026-05-13 15:39:01,24.28,29.23,21.53,0.0,13.64,Stabil
2026-05-13 15:44:01,49.31,37.75,31.21,0.0,8.22,Stabil
2026-05-13 15:49:01,54.44,32.53,5.0,0.0,10.03,Stabil
2026-05-13 15:54:01,55.66,36.16,15.82,0.0,14.27,Stabil
2026-05-13 15:59:01,49.94,29.28,28.6,0.0,23.93,Stabil
2026-05-13 16:04:01,35.74,33.78,15.81,0.0,21.94,Stabil
2026-05-13 16:09:01,46.43,34.61,11.25,0.0,4.53,Stabil
2026-05-13 16:14:01,43.65,15.93,19.11,0.0,12.26,Stabil
2026-05-13 16:19:01,18.92,38.42,22.43,0.0,16.4,Stabil
2026-05-13 16:24:01,58.23,30.56,25.33,0.0,10.67,Stabil
2026-05-13 16:29:01,15.55,22.74,13.41,0.5,9.53,Stabil
2026-05-13 16:34:01,153.9,21.41,9.17,2.13,62.17,Tidak Stabil
2026-05-13 16:39:01,171.04,14.86,4.64,1.88,68.29,Tidak Stabil
2026-05-13 16:44:01,138.25,13.37,9.5,3.7,48.24,Tidak Stabil
2026-05-13 16:49:01,127.09,9.73,14.31,4.37,39.51,Tidak Stabil
2026-05-13 16:54:01,120.9,23.45,4.23,2.3,41.29,Tidak Stabil
2026-05-13 16:59:01,103.49,4.98,0.96,1.7,29.84,Tidak Stabil
2026-05-13 17:04:01,215.42,0.92,1.7,4.91,113.51,Tidak Stabil
2026-05-13 17:09:01,160.86,7.1,1.18,7.91,35.15,Tidak Stabil
2026-05-13 17:14:01,69.85,17.01,2.31,3.28,45.51,Tidak Stabil
2026-05-13 17:19:01,110.87,9.09,6.82,6.95,57.3,Tidak Stabil
2026-05-13 17:24:01,136.47,7.48,1.44,0.0,54.36,Tidak Stabil
2026-05-13 17:29:01,198.93,10.59,4.65,2.6,63.07,Tidak Stabil
2026-05-13 17:34:01,38.12,2.82,0.12,1.3,18.0,Tidak Stabil
2026-05-13 17:39:01,121.15,6.34,1.19,2.22,32.69,Tidak Stabil
2026-05-13 17:44:01,229.12,0.2,0.1,6.42,152.15,Tidak Stabil
2026-05-13 17:49:01,72.44,17.78,5.78,2.0,80.15,Tidak Stabil
2026-05-13 17:54:01,219.2,14.99,14.62,2.23,36.29,Tidak Stabil
2026-05-13 17:59:01,159.27,23.58,3.62,1.06,72.24,Tidak Stabil
2026-05-13 18:04:01,30.0,0.65,1.29,0.86,18.0,Tidak Stabil
2026-05-13 18:09:01,246.24,2.62,0.35,17.17,141.02,Tidak Stabil
2026-05-13 18:14:01,173.19,4.73,15.64,2.0,35.93,Tidak Stabil
2026-05-13 18:19:01,109.62,1.89,0.16,1.21,18.0,Tidak Stabil
2026-05-13 18:24:01,164.53,0.2,2.7,11.16,35.0,Tidak Stabil
2026-05-13 18:29:01,186.32,0.43,2.59,11.32,66.05,Tidak Stabil
2026-05-13 18:34:01,139.46,24.99,14.22,1.78,73.36,Tidak Stabil
2026-05-13 18:39:01,95.0,10.71,10.8,1.56,38.09,Tidak Stabil
2026-05-13 18:44:01,54.99,35.43,14.37,0.0,12.49,Stabil
2026-05-13 18:49:01,42.58,39.25,10.65,0.0,5.8,Stabil
2026-05-13 18:54:01,74.57,30.41,15.68,0.0,1.0,Stabil
2026-05-13 18:59:01,46.38,30.13,15.68,0.0,4.51,Stabil
2026-05-13 19:04:01,56.25,34.19,17.05,0.5,11.54,Stabil
2026-05-13 19:09:01,37.27,22.88,30.21,0.0,11.79,Stabil
2026-05-13 19:14:01,29.56,33.93,17.45,0.0,4.59,Stabil
2026-05-13 19:19:01,33.83,24.35,11.76,0.2,12.11,Stabil
2026-05-13 19:24:01,16.86,28.45,18.68,0.0,10.93,Stabil
2026-05-13 19:29:01,21.23,33.13,21.99,0.0,4.89,Stabil
2026-05-13 19:34:01,56.73,25.48,16.55,0.0,17.33,Stabil
2026-05-13 19:39:01,41.77,35.9,13.48,0.0,5.47,Stabil
2026-05-13 19:44:01,29.8,23.31,16.67,0.2,2.8,Stabil
2026-05-13 19:49:01,39.6,23.59,14.3,0.2,11.43,Stabil
2026-05-13 19:54:01,5.79,35.83,13.14,0.0,14.28,Stabil
2026-05-13 19:59:01,66.11,21.71,22.14,0.0,4.56,Stabil
2026-05-13 20:04:01,69.87,23.77,23.74,0.0,9.47,Stabil
2026-05-13 20:09:01,41.04,31.66,9.44,0.0,7.64,Stabil
2026-05-13 20:14:01,27.25,32.95,26.35,0.0,10.56,Stabil
2026-05-13 20:19:01,15.76,33.74,19.07,0.0,8.82,Stabil
2026-05-13 20:24:01,45.36,24.44,18.83,0.5,9.77,Stabil
2026-05-13 20:29:01,28.52,42.46,19.8,0.0,7.12,Stabil
2026-05-13 20:34:01,32.85,26.68,18.19,0.0,10.38,Stabil
2026-05-13 20:39:01,10.19,19.72,17.31,0.0,2.08,Stabil
2026-05-13 20:44:01,14.69,33.88,5.54,0.0,8.82,Stabil
2026-05-13 20:49:01,9.01,43.21,27.44,0.0,7.12,Stabil
2026-05-13 20:54:01,27.31,33.47,26.34,0.0,18.94,Stabil
2026-05-13 20:59:01,5.31,26.81,15.79,0.0,7.7,Stabil
2026-05-13 21:04:01,51.78,38.2,16.97,0.0,15.49,Stabil
2026-05-13 21:09:01,35.44,31.45,16.46,0.0,3.31,Stabil
2026-05-13 21:14:01,27.27,26.99,20.64,0.0,16.34,Stabil
2026-05-13 21:19:01,60.52,27.71,17.99,0.0,17.84,Stabil
2026-05-13 21:24:01,11.15,22.68,12.58,0.0,14.05,Stabil
2026-05-13 21:29:01,7.5,30.08,12.73,0.0,11.48,Stabil
2026-05-13 21:34:01,29.51,32.03,21.13,0.5,16.68,Stabil
2026-05-13 21:39:01,57.23,19.74,17.09,0.5,6.8,Stabil
2026-05-13 21:44:01,7.94,30.65,20.19,0.0,6.6,Stabil
2026-05-13 21:49:01,42.4,26.9,16.6,0.0,12.74,Stabil
2026-05-13 21:54:01,54.54,29.1,14.7,0.0,12.55,Stabil
2026-05-13 21:59:01,13.75,14.65,16.7,0.0,4.92,Stabil
2026-05-13 22:04:01,12.78,17.28,18.81,0.0,8.37,Stabil
2026-05-13 22:09:01,42.76,24.0,17.62,0.0,17.07,Stabil
2026-05-13 22:14:01,14.25,35.21,22.7,0.0,5.51,Stabil
2026-05-13 22:19:01,28.4,23.24,18.2,0.0,13.68,Stabil
2026-05-13 22:24:01,30.91,35.76,11.41,0.0,6.9,Stabil
2026-05-13 22:29:01,52.11,18.56,21.7,0.0,1.59,Stabil
2026-05-13 22:34:01,29.29,17.84,16.99,0.0,13.0,Stabil
2026-05-13 22:39:01,26.54,25.04,17.08,0.0,8.27,Stabil
2026-05-13 22:44:01,42.96,22.69,18.23,0.0,8.43,Stabil
2026-05-13 22:49:01,77.92,30.39,11.19,0.0,4.83,Stabil
2026-05-13 22:54:01,31.34,30.36,22.16,0.0,1.0,Stabil
2026-05-13 22:59:01,38.57,20.03,9.4,0.0,10.61,Stabil
2026-05-13 23:04:01,41.03,38.57,18.65,0.0,5.47,Stabil
2026-05-13 23:09:01,43.09,37.78,20.84,0.0,6.1,Stabil
2026-05-13 23:14:01,34.0,25.14,25.36,0.0,3.95,Stabil
2026-05-13 23:19:01,46.98,29.4,10.39,0.1,18.93,Stabil
2026-05-13 23:24:01,54.03,31.93,10.66,0.0,17.12,Stabil
2026-05-13 23:29:01,19.42,38.34,21.54,0.0,22.7,Stabil
2026-05-13 23:34:01,5.0,30.71,15.91,0.0,9.63,Stabil
2026-05-13 23:39:01,48.43,14.08,16.82,0.0,15.84,Stabil
2026-05-13 23:44:01,35.29,21.58,21.47,0.0,12.3,Stabil
2026-05-13 23:49:01,31.66,28.54,20.9,0.0,12.76,Stabil
2026-05-13 23:54:01,20.74,33.57,14.9,0.0,4.88,Stabil
2026-05-13 23:59:01,5.0,37.56,8.68,0.0,17.83,Stabil
2026-05-14 00:04:01,40.87,32.65,17.9,0.0,15.78,Stabil
2026-05-14 00:09:01,20.3,33.23,13.71,0.0,9.52,Stabil
2026-05-14 00:14:01,33.38,36.9,22.11,0.0,17.01,Stabil
2026-05-14 00:19:01,56.28,25.29,22.18,0.0,9.7,Stabil
2026-05-14 00:24:01,57.13,26.45,19.31,0.0,16.44,Stabil
2026-05-14 00:29:01,42.55,27.72,22.37,0.0,12.96,Stabil
2026-05-14 00:34:01,67.15,24.24,18.95,0.0,15.78,Stabil
2026-05-14 00:39:01,17.73,20.28,14.09,0.0,10.22,Stabil
2026-05-14 00:44:01,30.68,29.96,16.38,0.0,2.28,Stabil
2026-05-14 00:49:01,30.37,40.36,21.1,0.0,16.33,Stabil
2026-05-14 00:54:01,31.76,18.58,26.82,0.0,6.89,Stabil
2026-05-14 00:59:01,17.88,24.9,20.41,0.0,2.74,Stabil
2026-05-14 01:04:01,15.66,28.47,23.48,0.0,12.11,Stabil
2026-05-14 01:09:01,61.66,3.84,1.01,1.38,45.23,Tidak Stabil
2026-05-14 01:14:01,148.5,18.76,6.37,7.0,55.82,Tidak Stabil
2026-05-14 01:19:01,249.92,9.91,0.1,7.1,35.0,Tidak Stabil
2026-05-14 01:24:01,96.74,1.54,1.66,2.56,41.16,Tidak Stabil
2026-05-14 01:29:01,95.0,19.2,7.03,0.96,41.31,Tidak Stabil
2026-05-14 01:34:01,142.29,11.3,9.68,1.45,30.0,Tidak Stabil
2026-05-14 01:39:01,110.54,28.58,4.73,1.06,37.39,Tidak Stabil
2026-05-14 01:44:01,240.93,20.36,18.05,2.52,74.53,Tidak Stabil
2026-05-14 01:49:01,135.47,28.72,2.65,3.49,53.0,Tidak Stabil
2026-05-14 01:54:01,206.45,3.31,2.73,6.38,37.34,Tidak Stabil
2026-05-14 01:59:01,81.2,6.46,1.99,6.36,51.94,Tidak Stabil
2026-05-14 02:04:01,191.62,25.21,15.42,1.96,53.48,Tidak Stabil
2026-05-14 02:09:01,241.48,5.94,2.05,4.41,65.41,Tidak Stabil
2026-05-14 02:14:01,159.76,3.76,0.33,3.0,91.32,Tidak Stabil
2026-05-14 02:19:01,30.0,2.25,2.27,0.57,31.43,Tidak Stabil
2026-05-14 02:24:01,180.99,25.18,13.68,0.57,75.94,Tidak Stabil
2026-05-14 02:29:01,131.69,3.24,0.1,0.0,31.26,Tidak Stabil
2026-05-14 02:34:01,63.48,11.72,5.43,9.05,64.26,Tidak Stabil
2026-05-14 02:39:01,167.37,13.71,1.0,8.38,63.87,Tidak Stabil
2026-05-14 02:44:01,106.76,18.2,9.37,3.81,74.9,Tidak Stabil
2026-05-14 02:49:01,90.03,19.18,3.77,6.33,26.19,Tidak Stabil
2026-05-14 02:54:01,152.44,2.65,1.99,2.47,42.26,Tidak Stabil
2026-05-14 02:59:01,234.64,4.83,6.4,3.89,35.0,Tidak Stabil
2026-05-14 03:04:01,76.24,0.78,1.0,1.79,28.66,Tidak Stabil
2026-05-14 03:09:01,117.04,19.63,6.47,1.6,71.1,Tidak Stabil
2026-05-14 03:14:01,147.85,3.51,0.1,12.28,82.45,Tidak Stabil
2026-05-14 03:19:01,303.53,4.4,3.23,7.22,93.92,Tidak Stabil
2026-05-14 03:24:01,176.69,13.74,1.0,4.14,77.61,Tidak Stabil
2026-05-14 03:29:01,188.24,4.08,0.1,3.33,52.09,Tidak Stabil
2026-05-14 03:34:01,142.88,10.71,10.97,6.25,38.37,Tidak Stabil
2026-05-14 03:39:01,256.11,4.02,2.09,6.94,105.53,Tidak Stabil
2026-05-14 03:44:01,75.26,5.51,3.0,0.0,24.53,Tidak Stabil
2026-05-14 03:49:01,178.99,7.5,4.31,14.29,76.54,Tidak Stabil
2026-05-14 03:54:01,133.07,3.97,0.1,0.0,18.0,Tidak Stabil
2026-05-14 03:59:01,119.04,20.87,7.12,0.36,62.95,Tidak Stabil
2026-05-14 04:04:01,39.82,6.55,0.1,0.78,28.94,Tidak Stabil
2026-05-14 04:09:01,32.38,36.01,15.2,0.0,9.56,Stabil
2026-05-14 04:14:01,64.88,42.67,12.79,0.0,12.79,Stabil
2026-05-14 04:19:01,34.89,18.99,12.82,0.0,7.88,Stabil
2026-05-14 04:24:01,17.72,28.87,20.32,0.0,4.12,Stabil
2026-05-14 04:29:01,9.17,34.39,17.51,0.0,9.4,Stabil
2026-05-14 04:34:01,63.07,21.19,32.65,0.5,12.19,Stabil
2026-05-14 04:39:01,23.11,47.69,22.44,0.0,10.64,Stabil
2026-05-14 04:44:01,18.19,21.96,18.19,0.0,1.37,Stabil
2026-05-14 04:49:01,23.55,28.05,23.1,0.0,13.11,Stabil
2026-05-14 04:54:01,22.61,42.77,29.6,0.1,11.28,Stabil
2026-05-14 04:59:01,5.24,27.64,13.29,0.0,13.56,Stabil
2026-05-14 05:04:01,41.14,33.33,9.9,0.0,7.72,Stabil
2026-05-14 05:09:01,22.51,23.56,12.83,0.0,14.23,Stabil
2026-05-14 05:14:01,37.8,27.65,13.63,0.0,9.05,Stabil
2026-05-14 05:19:01,60.38,40.36,8.4,0.0,1.0,Stabil
2026-05-14 05:24:01,50.16,56.23,10.53,0.0,12.25,Stabil
2026-05-14 05:29:01,28.83,32.33,11.53,0.0,6.8,Stabil
2026-05-14 05:34:01,49.2,28.44,20.53,0.0,7.67,Stabil
2026-05-14 05:39:01,31.0,20.16,14.83,0.0,6.45,Stabil
2026-05-14 05:44:01,5.0,38.71,13.88,0.0,15.82,Stabil
2026-05-14 05:49:01,28.54,34.45,22.78,0.0,19.53,Stabil
2026-05-14 05:54:01,61.26,27.75,19.54,0.1,6.85,Stabil
2026-05-14 05:59:01,27.56,41.71,11.8,0.0,8.63,Stabil
2026-05-14 06:04:01,33.99,19.4,13.31,0.0,14.27,Stabil
2026-05-14 06:09:01,30.7,37.2,16.5,0.0,8.41,Stabil
2026-05-14 06:14:01,28.57,35.72,25.8,0.0,14.8,Stabil
2026-05-14 06:19:01,50.12,13.06,14.17,0.5,8.79,Stabil
2026-05-14 06:24:01,29.48,33.62,10.01,0.0,15.86,Stabil
2026-05-14 06:29:01,22.61,17.99,27.59,0.0,6.76,Stabil
2026-05-14 06:34:01,75.0,28.78,24.7,0.0,11.16,Stabil
2026-05-14 06:39:01,38.45,28.99,13.48,0.0,19.72,Stabil
2026-05-14 06:44:01,34.12,34.61,11.6,0.0,9.74,Stabil
2026-05-14 06:49:01,36.77,22.45,18.67,0.0,21.86,Stabil
2026-05-14 06:54:01,39.81,36.02,27.36,0.0,1.0,Stabil
2026-05-14 06:59:01,44.81,26.12,20.35,0.0,5.82,Stabil
2026-05-14 07:04:01,30.85,22.63,10.48,0.0,7.22,Stabil
2026-05-14 07:09:01,27.51,27.51,23.97,0.0,7.11,Stabil
2026-05-14 07:14:01,49.19,36.59,14.21,0.0,8.51,Stabil
2026-05-14 07:19:01,30.81,27.97,15.51,0.0,5.8,Stabil
2026-05-14 07:24:01,45.72,26.13,22.24,0.0,13.88,Stabil
2026-05-14 07:29:01,56.89,38.72,23.22,0.5,20.43,Stabil
2026-05-14 07:34:01,48.09,33.86,16.15,0.0,12.02,Stabil
2026-05-14 07:39:01,68.66,10.0,16.72,0.0,16.26,Stabil
2026-05-14 07:44:01,26.65,28.26,24.82,0.0,12.0,Stabil
2026-05-14 07:49:01,59.32,41.07,17.66,0.0,11.27,Stabil
2026-05-14 07:54:01,42.51,20.14,27.63,0.0,16.12,Stabil
2026-05-14 07:59:01,31.35,34.91,15.67,0.0,1.0,Stabil
2026-05-14 08:04:01,46.5,24.69,20.76,0.0,2.39,Stabil
2026-05-14 08:09:01,6.36,34.16,24.71,0.1,3.16,Stabil
2026-05-14 08:14:01,50.75,30.6,18.86,0.0,1.37,Stabil
2026-05-14 08:19:01,35.45,25.94,23.9,0.0,18.65,Stabil
2026-05-14 08:24:01,24.33,28.94,19.42,0.0,5.3,Stabil
2026-05-14 08:29:01,33.02,21.69,6.43,0.0,13.06,Stabil
2026-05-14 08:34:01,14.42,37.44,22.39,0.0,16.27,Stabil
2026-05-14 08:39:01,31.1,28.23,12.4,0.2,17.4,Stabil
2026-05-14 08:44:01,40.14,37.95,13.32,0.0,6.74,Stabil
2026-05-14 08:49:01,6.88,26.28,10.41,0.5,10.28,Stabil
2026-05-14 08:54:01,35.8,34.92,15.14,0.0,18.39,Stabil
2026-05-14 08:59:01,15.79,19.78,17.61,0.0,23.61,Stabil
2026-05-14 09:04:01,21.84,16.74,16.68,0.0,9.36,Stabil
2026-05-14 09:09:01,16.13,35.03,17.74,0.0,15.44,Stabil
2026-05-14 09:14:01,5.0,30.83,12.12,0.5,10.82,Stabil
2026-05-14 09:19:01,6.95,20.66,12.58,0.0,16.98,Stabil
2026-05-14 09:24:01,70.12,4.07,2.27,1.83,28.03,Tidak Stabil
2026-05-14 09:29:01,76.78,2.64,1.76,2.41,18.0,Tidak Stabil
2026-05-14 09:34:01,263.5,4.18,1.16,8.23,106.73,Tidak Stabil
2026-05-14 09:39:01,110.0,3.02,2.77,5.39,66.66,Tidak Stabil
2026-05-14 09:44:01,212.6,5.32,2.15,2.0,35.44,Tidak Stabil
2026-05-14 09:49:01,100.44,13.86,8.9,8.77,20.0,Tidak Stabil
2026-05-14 09:54:01,118.98,4.76,2.59,2.04,25.94,Tidak Stabil
2026-05-14 09:59:01,51.45,5.6,1.02,0.43,28.95,Tidak Stabil
2026-05-14 10:04:01,48.4,7.08,1.78,0.5,36.86,Tidak Stabil
2026-05-14 10:09:01,294.33,2.79,1.63,7.33,103.11,Tidak Stabil
2026-05-14 10:14:01,84.46,18.37,4.2,8.24,31.35,Tidak Stabil
2026-05-14 10:19:01,165.49,5.82,0.6,8.17,105.61,Tidak Stabil
2026-05-14 10:24:01,40.0,9.34,16.71,5.28,82.58,Tidak Stabil
2026-05-14 10:29:01,166.55,5.13,1.84,15.1,40.62,Tidak Stabil
2026-05-14 10:34:01,197.78,8.18,3.32,5.07,144.4,Tidak Stabil
2026-05-14 10:39:01,112.48,7.76,1.42,0.04,28.9,Tidak Stabil
2026-05-14 10:44:01,285.68,4.21,0.1,3.65,36.29,Tidak Stabil
2026-05-14 10:49:01,43.6,10.78,19.47,6.96,24.83,Tidak Stabil
2026-05-14 10:54:01,233.77,23.55,13.04,1.59,77.72,Tidak Stabil
2026-05-14 10:59:01,112.63,3.04,2.08,0.36,20.05,Tidak Stabil
2026-05-14 11:04:01,83.42,2.87,1.18,0.57,39.38,Tidak Stabil
2026-05-14 11:09:01,221.99,2.58,1.64,2.17,41.73,Tidak Stabil
2026-05-14 11:14:01,243.24,6.34,2.66,9.6,92.34,Tidak Stabil
2026-05-14 11:19:01,167.07,5.8,4.73,7.67,104.47,Tidak Stabil
2026-05-14 11:24:01,140.18,11.75,7.01,4.56,63.35,Tidak Stabil
2026-05-14 11:29:01,136.11,11.12,4.37,9.62,46.41,Tidak Stabil
2026-05-14 11:34:01,238.01,10.07,2.72,6.88,80.16,Tidak Stabil
2026-05-14 11:39:01,228.91,7.59,0.94,3.78,82.98,Tidak Stabil
2026-05-14 11:44:01,282.76,3.17,1.88,7.91,84.73,Tidak Stabil
2026-05-14 11:49:01,72.1,19.5,2.77,10.23,63.85,Tidak Stabil
2026-05-14 11:54:01,89.21,5.05,0.41,0.99,32.66,Tidak Stabil
2026-05-14 11:59:01,107.38,7.05,2.76,4.85,65.19,Tidak Stabil
2026-05-14 12:04:01,182.3,11.82,8.33,0.62,90.63,Tidak Stabil
2026-05-14 12:09:01,112.93,5.7,3.11,5.65,31.39,Tidak Stabil
2026-05-14 12:14:01,163.02,4.0,3.27,0.49,18.0,Tidak Stabil
2026-05-14 12:19:01,70.89,15.81,6.53,5.63,49.41,Tidak Stabil
2026-05-14 12:24:01,228.63,7.68,1.45,12.86,86.98,Tidak Stabil
2026-05-14 12:29:01,48.91,26.22,12.58,7.73,50.43,Tidak Stabil
2026-05-14 12:34:01,175.07,2.84,3.82,7.93,135.22,Tidak Stabil
2026-05-14 12:39:01,35.52,24.7,14.39,0.0,7.74,Stabil
2026-05-14 12:44:01,19.73,21.42,10.27,0.0,14.31,Stabil
2026-05-14 12:49:01,5.0,39.6,10.38,0.0,11.53,Stabil
2026-05-14 12:54:01,31.53,18.47,29.66,0.0,6.91,Stabil
2026-05-14 12:59:01,18.35,32.77,23.66,0.0,18.64,Stabil
2026-05-14 13:04:01,27.96,17.71,14.97,0.0,19.91,Stabil
2026-05-14 13:09:01,28.33,37.64,18.87,0.0,12.86,Stabil
2026-05-14 13:14:01,40.96,35.45,20.37,0.0,14.23,Stabil
2026-05-14 13:19:01,29.87,32.25,20.74,0.0,12.2,Stabil
2026-05-14 13:24:01,47.5,38.26,18.47,0.0,6.9,Stabil
2026-05-14 13:29:01,21.78,54.21,21.24,0.0,11.91,Stabil
2026-05-14 13:34:01,55.48,22.96,21.44,0.0,14.08,Stabil
2026-05-14 13:39:01,19.12,35.87,16.58,0.0,1.0,Stabil
2026-05-14 13:44:01,52.7,36.42,18.58,0.2,8.62,Stabil
2026-05-14 13:49:01,9.42,33.06,18.42,0.5,13.91,Stabil
2026-05-14 13:54:01,21.33,27.84,16.51,0.0,12.57,Stabil
2026-05-14 13:59:01,8.5,21.08,14.9,0.0,11.01,Stabil
2026-05-14 14:04:01,11.65,28.32,9.46,0.0,15.81,Stabil
2026-05-14 14:09:01,46.74,27.35,12.07,0.0,2.43,Stabil
2026-05-14 14:14:01,44.46,42.12,34.75,0.2,21.04,Stabil
2026-05-14 14:19:01,54.59,32.53,17.26,0.0,13.88,Stabil
2026-05-14 14:24:01,27.74,37.9,16.47,0.0,12.97,Stabil
2026-05-14 14:29:01,21.21,19.82,11.66,0.0,5.45,Stabil
2026-05-14 14:34:01,46.39,23.07,9.91,0.0,5.17,Stabil
2026-05-14 14:39:01,52.72,23.68,6.6,0.0,8.38,Stabil
2026-05-14 14:44:01,29.49,24.63,21.73,0.0,11.84,Stabil
2026-05-14 14:49:01,47.57,38.31,11.34,0.0,9.52,Stabil
2026-05-14 14:54:01,60.95,10.04,19.17,0.0,13.52,Stabil
2026-05-14 14:59:01,40.23,25.12,21.74,0.0,8.31,Stabil
2026-05-14 15:04:01,25.59,37.83,20.77,0.1,10.11,Stabil
2026-05-14 15:09:01,5.0,27.01,15.76,0.0,7.42,Stabil
2026-05-14 15:14:01,66.87,10.0,16.92,0.5,10.44,Stabil
2026-05-14 15:19:01,12.6,31.18,27.92,0.2,6.66,Stabil
2026-05-14 15:24:01,5.0,29.64,13.35,0.0,10.8,Stabil
2026-05-14 15:29:01,16.71,21.59,18.37,0.0,4.11,Stabil
2026-05-14 15:34:01,42.03,42.26,16.52,0.0,1.89,Stabil
2026-05-14 15:39:01,20.68,32.89,18.92,0.0,9.63,Stabil
2026-05-14 15:44:01,23.14,36.13,15.58,0.0,20.13,Stabil
2026-05-14 15:49:01,21.61,18.0,20.23,0.0,7.84,Stabil
2026-05-14 15:54:01,5.0,22.11,16.13,0.0,9.84,Stabil
2026-05-14 15:59:01,27.24,39.12,25.9,0.0,10.06,Stabil
2026-05-14 16:04:01,20.29,33.92,28.08,0.0,11.04,Stabil
2026-05-14 16:09:01,27.99,10.0,21.82,0.0,14.28,Stabil
2026-05-14 16:14:01,38.96,38.51,17.91,0.0,9.3,Stabil
2026-05-14 16:19:01,27.12,38.0,12.4,0.0,11.82,Stabil
2026-05-14 16:24:01,9.18,25.13,10.65,0.0,10.26,Stabil
2026-05-14 16:29:01,57.05,31.03,14.46,0.0,6.33,Stabil
2026-05-14 16:34:01,14.01,10.78,17.82,0.0,8.71,Stabil
2026-05-14 16:39:01,34.18,23.11,21.04,0.0,15.95,Stabil
2026-05-14 16:44:01,45.01,27.77,26.19,0.0,14.45,Stabil
2026-05-14 16:49:01,50.86,30.97,16.6,0.0,11.98,Stabil
2026-05-14 16:54:01,37.55,21.23,21.65,0.0,9.13,Stabil
2026-05-14 16:59:01,24.84,22.61,26.6,0.0,14.97,Stabil
2026-05-14 17:04:01,38.82,26.97,14.95,0.0,6.8,Stabil
2026-05-14 17:09:01,39.76,18.05,23.75,0.0,8.12,Stabil
2026-05-14 17:14:01,34.27,29.88,5.0,0.0,8.4,Stabil
2026-05-14 17:19:01,20.68,36.78,22.02,0.0,3.44,Stabil
2026-05-14 17:24:01,40.91,21.58,14.97,0.0,10.54,Stabil
2026-05-14 17:29:01,11.92,33.18,18.55,0.0,15.51,Stabil
2026-05-14 17:34:01,42.38,15.15,20.37,0.0,13.56,Stabil
2026-05-14 17:39:01,20.46,26.13,26.85,0.0,4.51,Stabil
2026-05-14 17:44:01,29.58,39.48,7.03,0.2,10.07,Stabil
2026-05-14 17:49:01,23.47,28.8,5.59,0.0,14.73,Stabil
2026-05-14 17:54:01,26.71,13.02,30.27,0.0,5.63,Stabil
2026-05-14 17:59:01,12.33,11.58,10.91,0.0,17.6,Stabil
2026-05-14 18:04:01,5.0,34.08,12.96,0.0,12.86,Stabil
2026-05-14 18:09:01,44.43,33.59,12.45,0.0,4.85,Stabil
2026-05-14 18:14:01,27.74,27.97,17.75,0.0,3.35,Stabil
2026-05-14 18:19:01,202.88,1.9,0.89,7.14,35.0,Tidak Stabil
2026-05-14 18:24:01,125.3,12.27,13.69,2.63,87.36,Tidak Stabil
2026-05-14 18:29:01,172.6,2.75,2.81,7.06,79.12,Tidak Stabil
2026-05-14 18:34:01,150.91,27.57,12.52,2.69,83.94,Tidak Stabil
2026-05-14 18:39:01,200.61,23.22,1.96,2.29,70.31,Tidak Stabil
2026-05-14 18:44:01,125.5,4.67,1.6,1.69,34.7,Tidak Stabil
2026-05-14 18:49:01,136.21,2.18,0.68,9.33,45.01,Tidak Stabil
2026-05-14 18:54:01,221.75,0.93,2.82,5.36,54.49,Tidak Stabil
2026-05-14 18:59:01,72.31,3.19,3.24,1.35,35.19,Tidak Stabil
2026-05-14 19:04:01,35.88,5.88,3.38,0.42,36.03,Tidak Stabil
2026-05-14 19:09:01,229.17,2.99,2.0,8.47,35.0,Tidak Stabil
2026-05-14 19:14:01,164.64,3.89,12.77,1.94,36.0,Tidak Stabil
2026-05-14 19:19:01,288.95,2.42,2.9,9.54,60.7,Tidak Stabil
2026-05-14 19:24:01,137.24,16.96,2.99,7.26,35.42,Tidak Stabil
2026-05-14 19:29:01,228.73,4.14,2.19,4.18,154.53,Tidak Stabil
2026-05-14 19:34:01,135.51,0.98,2.61,2.22,34.57,Tidak Stabil
2026-05-14 19:39:01,111.82,10.5,0.1,10.78,120.0,Tidak Stabil
2026-05-14 19:44:01,118.73,1.86,2.14,1.47,25.45,Tidak Stabil
2026-05-14 19:49:01,102.18,2.8,2.82,1.3,74.1,Tidak Stabil
2026-05-14 19:54:01,152.92,13.31,3.71,6.89,20.0,Tidak Stabil
2026-05-14 19:59:01,190.98,16.52,14.97,0.33,49.24,Tidak Stabil
2026-05-14 20:04:01,159.79,1.91,0.1,8.49,98.56,Tidak Stabil
2026-05-14 20:09:01,100.44,14.88,6.22,2.27,86.02,Tidak Stabil
2026-05-14 20:14:01,30.0,5.24,2.52,1.49,27.16,Tidak Stabil
2026-05-14 20:19:01,107.6,2.69,2.03,1.74,47.8,Tidak Stabil
2026-05-14 20:24:01,206.12,2.66,3.4,10.03,54.52,Tidak Stabil
2026-05-14 20:29:01,95.31,10.84,9.98,8.93,40.14,Tidak Stabil
2026-05-14 20:34:01,115.0,31.36,1.0,1.25,60.04,Tidak Stabil
2026-05-14 20:39:01,149.44,6.65,7.28,5.05,39.12,Tidak Stabil
2026-05-14 20:44:01,117.44,4.17,0.54,2.07,22.83,Tidak Stabil
2026-05-14 20:49:01,48.6,0.3,2.34,3.05,37.22,Tidak Stabil
2026-05-14 20:54:01,65.97,2.58,3.07,0.49,46.45,Tidak Stabil
2026-05-14 20:59:01,212.84,26.69,18.51,4.95,38.76,Tidak Stabil
2026-05-14 21:04:01,149.81,4.43,2.1,0.78,33.67,Tidak Stabil
2026-05-14 21:09:01,129.01,25.0,8.71,1.96,63.55,Tidak Stabil
2026-05-14 21:14:01,33.57,5.1,0.1,1.77,31.89,Tidak Stabil
2026-05-14 21:19:01,136.25,5.89,1.68,0.0,27.71,Tidak Stabil
2026-05-14 21:24:01,55.01,2.57,1.28,3.37,53.83,Tidak Stabil
2026-05-14 21:29:01,227.77,4.84,2.85,7.15,101.27,Tidak Stabil
2026-05-14 21:34:01,95.23,10.56,4.0,5.33,50.41,Tidak Stabil
2026-05-14 21:39:01,140.7,4.46,12.16,6.05,55.81,Tidak Stabil
2026-05-14 21:44:01,21.41,29.14,19.88,0.0,2.58,Stabil
2026-05-14 21:49:01,14.98,32.76,23.46,0.0,9.55,Stabil
2026-05-14 21:54:01,5.0,47.35,26.97,0.0,8.58,Stabil
2026-05-14 21:59:01,18.1,21.17,18.53,0.0,7.54,Stabil
2026-05-14 22:04:01,41.17,20.47,24.73,0.0,14.03,Stabil
2026-05-14 22:09:01,42.64,37.23,12.84,0.0,6.73,Stabil
2026-05-14 22:14:01,55.28,44.8,17.75,0.0,20.8,Stabil
2026-05-14 22:19:01,57.57,34.26,26.95,0.0,7.59,Stabil
2026-05-14 22:24:01,26.61,24.32,24.18,0.0,8.1,Stabil
2026-05-14 22:29:01,55.08,13.92,12.34,0.0,14.03,Stabil
2026-05-14 22:34:01,36.2,30.57,12.07,0.0,13.62,Stabil
2026-05-14 22:39:01,5.0,29.06,14.86,0.0,6.34,Stabil
2026-05-14 22:44:01,33.91,43.11,19.43,0.0,5.8,Stabil
2026-05-14 22:49:01,41.89,25.64,15.83,0.0,10.93,Stabil
2026-05-14 22:54:01,53.14,27.81,27.83,0.5,14.54,Stabil
2026-05-14 22:59:01,44.16,17.45,14.65,0.0,9.76,Stabil
2026-05-14 23:04:01,39.9,21.32,27.92,0.0,20.39,Stabil
2026-05-14 23:09:01,47.0,27.54,27.86,0.0,3.26,Stabil
2026-05-14 23:14:01,36.53,39.98,16.12,0.1,15.15,Stabil
2026-05-14 23:19:01,22.98,20.42,9.35,0.0,7.79,Stabil
2026-05-14 23:24:01,66.81,35.82,5.0,0.2,7.17,Stabil
2026-05-14 23:29:01,31.71,19.93,17.85,0.0,1.0,Stabil
2026-05-14 23:34:01,17.87,28.48,8.25,0.0,10.41,Stabil
2026-05-14 23:39:01,63.88,19.17,23.49,0.0,15.8,Stabil
2026-05-14 23:44:01,11.7,16.77,17.5,0.0,21.27,Stabil
2026-05-14 23:49:01,34.08,28.56,20.06,0.0,5.22,Stabil
2026-05-14 23:54:01,49.3,34.31,14.22,0.0,6.47,Stabil
2026-05-14 23:59:01,27.03,20.84,12.55,0.0,7.62,Stabil
2026-05-15 00:04:01,26.93,31.73,18.47,0.5,8.56,Stabil
2026-05-15 00:09:01,23.31,25.24,23.19,0.0,10.75,Stabil
2026-05-15 00:14:01,12.45,35.97,12.71,0.0,10.45,Stabil
2026-05-15 00:19:01,62.15,31.19,14.42,0.0,12.83,Stabil
2026-05-15 00:24:01,5.0,29.23,17.5,0.0,15.68,Stabil
2026-05-15 00:29:01,56.59,31.4,23.84,0.0,7.54,Stabil
2026-05-15 00:34:01,13.12,29.88,6.09,0.0,8.66,Stabil
2026-05-15 00:39:01,44.91,26.82,18.19,0.0,9.13,Stabil
2026-05-15 00:44:01,52.3,37.3,20.61,0.0,10.83,Stabil
2026-05-15 00:49:01,34.45,23.33,8.3,0.0,5.66,Stabil
2026-05-15 00:54:01,17.64,12.15,17.77,0.0,14.09,Stabil
2026-05-15 00:59:01,28.26,36.5,6.44,0.0,2.59,Stabil
2026-05-15 01:04:01,21.67,26.72,11.92,0.0,11.69,Stabil
2026-05-15 01:09:01,32.26,44.2,15.45,0.0,9.34,Stabil
2026-05-15 01:14:01,48.19,20.43,16.91,0.2,11.41,Stabil
2026-05-15 01:19:01,36.5,26.29,7.13,0.0,23.15,Stabil
2026-05-15 01:24:01,21.37,32.83,8.3,0.5,11.73,Stabil
2026-05-15 01:29:01,27.59,16.14,17.69,0.1,2.09,Stabil
2026-05-15 01:34:01,44.42,41.32,19.58,0.0,7.21,Stabil
2026-05-15 01:39:01,24.67,34.31,7.13,0.1,4.98,Stabil
2026-05-15 01:44:01,37.73,19.71,20.62,0.2,6.19,Stabil
2026-05-15 01:49:01,27.37,10.0,18.23,0.0,13.94,Stabil
2026-05-15 01:54:01,61.19,33.78,13.48,0.0,9.43,Stabil
2026-05-15 01:59:01,22.88,26.01,23.26,0.1,11.54,Stabil
2026-05-15 02:04:01,27.94,36.97,27.6,0.0,17.64,Stabil
2026-05-15 02:09:01,35.11,35.37,18.6,0.0,9.96,Stabil
2026-05-15 02:14:01,35.81,17.39,21.34,0.0,13.16,Stabil
2026-05-15 02:19:01,19.81,34.86,16.12,0.5,8.7,Stabil
2026-05-15 02:24:01,36.62,35.99,21.86,0.0,20.39,Stabil
2026-05-15 02:29:01,35.55,41.49,18.24,0.0,21.04,Stabil
2026-05-15 02:34:01,26.89,21.59,15.61,0.5,7.77,Stabil
2026-05-15 02:39:01,27.9,22.31,28.38,0.0,17.11,Stabil
2026-05-15 02:44:01,44.34,33.13,13.28,0.2,5.11,Stabil
2026-05-15 02:49:01,43.12,35.13,17.08,0.0,6.06,Stabil
2026-05-15 02:54:01,31.69,17.34,8.09,0.0,14.83,Stabil
2026-05-15 02:59:01,27.89,35.32,16.47,0.0,11.24,Stabil
2026-05-15 03:04:01,28.51,45.49,16.52,0.0,13.68,Stabil
2026-05-15 03:09:01,5.0,28.42,25.82,0.0,4.76,Stabil
2026-05-15 03:14:01,48.71,20.1,27.7,0.0,5.18,Stabil
2026-05-15 03:19:01,10.46,25.85,17.1,0.0,9.8,Stabil
2026-05-15 03:24:01,80.0,33.41,15.54,0.0,4.72,Stabil
2026-05-15 03:29:01,52.55,23.63,33.62,0.1,14.34,Stabil
2026-05-15 03:34:01,30.15,30.15,14.89,0.0,18.59,Stabil
2026-05-15 03:39:01,34.72,22.82,10.28,0.0,6.26,Stabil
2026-05-15 03:44:01,23.74,34.34,9.14,0.0,15.29,Stabil
2026-05-15 03:49:01,39.67,19.96,18.65,0.0,3.69,Stabil
2026-05-15 03:54:01,22.04,37.08,16.1,0.0,16.87,Stabil
2026-05-15 03:59:01,62.63,28.89,14.35,0.0,8.18,Stabil
2026-05-15 04:04:01,25.5,12.75,17.47,0.0,21.05,Stabil
2026-05-15 04:09:01,60.0,30.46,19.84,0.0,19.22,Stabil
2026-05-15 04:14:01,110.0,0.23,2.69,13.87,88.85,Tidak Stabil
2026-05-15 04:19:01,69.3,2.35,1.53,0.39,75.47,Tidak Stabil
2026-05-15 04:24:01,225.18,20.79,10.43,2.01,64.92,Tidak Stabil
2026-05-15 04:29:01,183.94,1.94,1.26,2.0,45.28,Tidak Stabil
2026-05-15 04:34:01,170.73,15.04,3.12,7.07,37.28,Tidak Stabil
2026-05-15 04:39:01,234.42,3.6,1.63,8.23,81.25,Tidak Stabil
2026-05-15 04:44:01,231.05,3.71,4.64,12.89,70.69,Tidak Stabil
2026-05-15 04:49:01,118.38,3.77,1.63,1.28,34.76,Tidak Stabil
2026-05-15 04:54:01,139.04,8.0,1.27,1.0,36.11,Tidak Stabil
2026-05-15 04:59:01,164.35,20.09,15.42,0.14,44.98,Tidak Stabil
2026-05-15 05:04:01,214.04,8.58,0.82,8.84,43.3,Tidak Stabil
2026-05-15 05:09:01,154.67,20.59,10.28,0.34,47.15,Tidak Stabil
2026-05-15 05:14:01,124.95,15.35,7.43,10.27,34.39,Tidak Stabil
2026-05-15 05:19:01,104.44,3.95,0.1,1.03,31.91,Tidak Stabil
2026-05-15 05:24:01,118.95,0.79,2.79,1.61,18.0,Tidak Stabil
2026-05-15 05:29:01,115.04,21.78,8.48,5.23,22.44,Tidak Stabil
2026-05-15 05:34:01,87.64,4.49,2.61,1.94,42.42,Tidak Stabil
2026-05-15 05:39:01,110.0,5.69,1.94,8.94,119.95,Tidak Stabil
2026-05-15 05:44:01,86.13,4.77,0.1,2.69,18.0,Tidak Stabil
2026-05-15 05:49:01,274.36,14.97,14.03,0.64,59.69,Tidak Stabil
2026-05-15 05:54:01,196.77,8.88,5.8,1.12,63.06,Tidak Stabil
2026-05-15 05:59:01,122.99,8.41,3.52,8.84,44.41,Tidak Stabil
2026-05-15 06:04:01,140.47,27.62,7.0,0.0,69.66,Tidak Stabil
2026-05-15 06:09:01,118.26,17.1,9.97,1.77,64.19,Tidak Stabil
2026-05-15 06:14:01,127.05,2.83,0.16,7.16,138.09,Tidak Stabil
2026-05-15 06:19:01,159.94,7.28,8.33,2.0,53.17,Tidak Stabil
2026-05-15 06:24:01,232.82,1.19,2.08,2.0,95.13,Tidak Stabil
2026-05-15 06:29:01,113.65,2.15,0.1,1.61,18.43,Tidak Stabil
2026-05-15 06:34:01,105.27,4.58,0.21,2.36,44.74,Tidak Stabil
2026-05-15 06:39:01,66.12,2.31,1.21,1.63,26.34,Tidak Stabil
2026-05-15 06:44:01,95.0,26.01,13.99,2.03,52.41,Tidak Stabil
2026-05-15 06:49:01,208.74,29.39,2.38,3.98,68.63,Tidak Stabil
2026-05-15 06:54:01,111.11,19.51,5.11,3.13,53.2,Tidak Stabil
2026-05-15 06:59:01,91.63,1.72,2.54,1.68,53.14,Tidak Stabil
2026-05-15 07:04:01,99.48,2.0,4.25,14.3,34.34,Tidak Stabil
2026-05-15 07:09:01,239.7,23.34,4.81,1.14,65.68,Tidak Stabil
2026-05-15 07:14:01,236.87,4.01,3.55,11.85,119.47,Tidak Stabil
2026-05-15 07:19:01,68.18,3.08,2.0,0.75,19.76,Tidak Stabil
2026-05-15 07:24:01,132.83,2.24,1.53,0.54,31.15,Tidak Stabil
2026-05-15 07:29:01,72.29,4.36,3.18,2.34,45.65,Tidak Stabil
2026-05-15 07:34:01,183.37,21.89,13.7,2.01,37.82,Tidak Stabil
2026-05-15 07:39:01,112.43,2.27,1.79,1.25,63.89,Tidak Stabil
2026-05-15 07:44:01,95.0,16.97,7.42,0.84,55.83,Tidak Stabil
2026-05-15 07:49:01,110.0,6.36,2.27,6.59,149.45,Tidak Stabil
2026-05-15 07:54:01,250.25,3.79,0.95,6.43,93.01,Tidak Stabil
2026-05-15 07:59:01,249.68,0.2,2.03,12.92,100.82,Tidak Stabil
2026-05-15 08:04:01,151.83,4.37,2.05,0.94,43.22,Tidak Stabil
2026-05-15 08:09:01,94.53,3.53,0.81,0.0,41.47,Tidak Stabil
2026-05-15 08:14:01,216.66,28.64,11.37,1.52,46.49,Tidak Stabil
2026-05-15 08:19:01,40.0,7.8,6.16,11.36,20.0,Tidak Stabil
2026-05-15 08:24:01,97.31,12.83,10.39,5.29,67.91,Tidak Stabil
2026-05-15 08:29:01,95.0,13.31,5.19,4.64,62.54,Tidak Stabil
2026-05-15 08:34:01,251.76,8.03,0.89,2.0,119.39,Tidak Stabil
2026-05-15 08:39:01,147.11,17.53,8.17,1.79,37.4,Tidak Stabil
2026-05-15 08:44:01,148.04,6.07,1.0,9.74,54.83,Tidak Stabil
2026-05-15 08:49:01,73.7,5.34,2.01,0.89,49.41,Tidak Stabil
2026-05-15 08:54:01,44.7,22.52,10.03,0.2,8.56,Stabil
2026-05-15 08:59:01,35.74,26.46,10.38,0.0,15.43,Stabil
2026-05-15 09:04:01,54.12,18.91,21.06,0.0,6.92,Stabil
2026-05-15 09:09:01,30.76,36.42,21.03,0.1,18.96,Stabil
2026-05-15 09:14:01,38.78,12.24,5.0,0.1,8.9,Stabil
2026-05-15 09:19:01,31.11,26.02,29.04,0.0,14.49,Stabil
2026-05-15 09:24:01,43.44,26.9,22.68,0.0,4.13,Stabil
2026-05-15 09:29:01,45.6,27.33,16.2,0.0,18.43,Stabil
2026-05-15 09:34:01,46.95,41.31,16.05,0.0,14.3,Stabil
2026-05-15 09:39:01,52.19,38.19,24.32,0.0,11.73,Stabil
2026-05-15 09:44:01,29.87,35.22,19.24,0.0,12.23,Stabil
2026-05-15 09:49:01,54.13,47.79,19.58,0.0,4.76,Stabil
2026-05-15 09:54:01,48.07,30.62,11.27,0.0,16.9,Stabil
2026-05-15 09:59:01,38.41,28.69,21.3,0.2,8.19,Stabil
2026-05-15 10:04:01,42.66,29.61,21.18,0.0,9.4,Stabil
2026-05-15 10:09:01,5.0,18.85,11.15,0.0,11.08,Stabil
2026-05-15 10:14:01,58.88,23.3,9.34,0.2,13.19,Stabil
2026-05-15 10:19:01,40.87,39.57,20.84,0.0,11.09,Stabil
2026-05-15 10:24:01,56.22,21.01,17.33,0.0,7.74,Stabil
2026-05-15 10:29:01,40.57,20.95,24.53,0.2,1.58,Stabil
2026-05-15 10:34:01,42.85,21.6,16.14,0.1,10.96,Stabil
2026-05-15 10:39:01,36.77,11.2,7.66,0.2,11.2,Stabil
2026-05-15 10:44:01,28.23,26.95,19.76,0.0,1.0,Stabil
2026-05-15 10:49:01,25.26,24.81,11.58,0.0,2.3,Stabil
2026-05-15 10:54:01,23.73,40.16,18.79,0.0,14.42,Stabil
2026-05-15 10:59:01,41.33,29.09,15.85,0.0,1.0,Stabil
2026-05-15 11:04:01,48.22,32.32,21.71,0.0,8.12,Stabil
2026-05-15 11:09:01,55.19,21.66,18.99,0.0,8.87,Stabil
2026-05-15 11:14:01,49.57,17.64,10.87,0.0,12.89,Stabil
2026-05-15 11:19:01,62.86,13.81,27.77,0.0,10.92,Stabil
2026-05-15 11:24:01,23.18,33.26,26.6,0.0,3.11,Stabil
2026-05-15 11:29:01,46.64,32.12,11.3,0.1,1.0,Stabil
2026-05-15 11:34:01,23.98,35.65,25.1,0.0,4.18,Stabil
2026-05-15 11:39:01,27.58,20.96,19.79,0.5,13.18,Stabil
2026-05-15 11:44:01,45.19,22.32,5.31,0.1,7.88,Stabil
2026-05-15 11:49:01,11.11,38.56,25.15,0.0,8.49,Stabil
2026-05-15 11:54:01,53.84,37.5,13.1,0.0,4.23,Stabil
2026-05-15 11:59:01,23.76,37.18,13.71,0.0,10.28,Stabil
2026-05-15 12:04:01,22.0,27.76,20.92,0.2,13.84,Stabil
2026-05-15 12:09:01,40.4,29.27,30.81,0.5,15.81,Stabil
2026-05-15 12:14:01,30.97,28.65,20.91,0.0,11.34,Stabil
2026-05-15 12:19:01,61.45,34.9,10.63,0.0,14.74,Stabil
2026-05-15 12:24:01,18.78,30.69,21.1,0.0,3.77,Stabil
2026-05-15 12:29:01,45.99,23.89,17.15,0.2,1.0,Stabil
2026-05-15 12:34:01,26.81,17.2,26.52,0.2,12.96,Stabil
2026-05-15 12:39:01,35.69,28.55,11.93,0.0,8.36,Stabil
2026-05-15 12:44:01,29.84,28.97,15.0,0.0,13.35,Stabil
2026-05-15 12:49:01,43.39,2.0,6.4,5.01,48.74,Tidak Stabil
2026-05-15 12:54:01,94.64,6.58,1.15,2.45,30.78,Tidak Stabil
2026-05-15 12:59:01,121.12,6.92,7.18,2.9,64.04,Tidak Stabil
2026-05-15 13:04:01,92.86,1.82,1.04,1.13,36.32,Tidak Stabil
2026-05-15 13:09:01,109.83,2.33,0.1,0.87,49.72,Tidak Stabil
2026-05-15 13:14:01,94.52,15.31,8.21,6.13,57.17,Tidak Stabil
2026-05-15 13:19:01,186.24,3.34,1.55,10.12,56.93,Tidak Stabil
2026-05-15 13:24:01,66.96,22.06,5.18,7.93,57.63,Tidak Stabil
2026-05-15 13:29:01,154.75,17.5,4.12,1.98,47.37,Tidak Stabil
2026-05-15 13:34:01,63.2,5.68,2.2,0.49,48.09,Tidak Stabil
2026-05-15 13:39:01,149.96,17.97,8.24,2.28,86.73,Tidak Stabil
2026-05-15 13:44:01,89.69,15.35,1.0,6.93,40.06,Tidak Stabil
2026-05-15 13:49:01,109.67,20.5,2.24,1.47,36.92,Tidak Stabil
2026-05-15 13:54:01,165.71,19.06,5.25,0.0,69.29,Tidak Stabil
2026-05-15 13:59:01,135.63,9.6,2.71,7.39,127.46,Tidak Stabil
2026-05-15 14:04:01,242.88,12.0,1.0,0.97,64.26,Tidak Stabil
2026-05-15 14:09:01,72.46,8.72,5.87,10.15,24.07,Tidak Stabil
2026-05-15 14:14:01,77.49,2.9,2.71,0.95,30.49,Tidak Stabil
2026-05-15 14:19:01,226.69,0.2,1.46,9.19,101.01,Tidak Stabil
2026-05-15 14:24:01,272.11,7.81,1.37,2.66,64.93,Tidak Stabil
2026-05-15 14:29:01,206.89,3.87,2.94,7.11,75.78,Tidak Stabil
2026-05-15 14:34:01,265.3,8.09,1.5,2.0,79.4,Tidak Stabil
2026-05-15 14:39:01,228.6,12.89,17.01,2.78,52.22,Tidak Stabil
2026-05-15 14:44:01,95.0,15.09,8.88,2.32,36.56,Tidak Stabil
2026-05-15 14:49:01,82.6,16.81,10.06,10.22,53.98,Tidak Stabil
2026-05-15 14:54:01,95.0,23.13,8.37,3.09,50.11,Tidak Stabil
2026-05-15 14:59:01,123.67,4.21,1.0,7.45,41.15,Tidak Stabil
2026-05-15 15:04:01,116.04,14.72,4.64,2.32,51.15,Tidak Stabil
2026-05-15 15:09:01,96.6,6.39,0.76,1.99,35.71,Tidak Stabil
2026-05-15 15:14:01,228.21,2.05,1.6,2.45,81.65,Tidak Stabil
2026-05-15 15:19:01,37.58,28.37,25.98,0.0,9.25,Stabil
2026-05-15 15:24:01,46.61,27.94,19.3,0.0,11.48,Stabil
2026-05-15 15:29:01,12.44,29.96,13.23,0.0,1.0,Stabil
2026-05-15 15:34:01,32.1,35.17,20.53,0.0,4.36,Stabil
2026-05-15 15:39:01,37.55,27.72,16.98,0.0,5.53,Stabil
2026-05-15 15:44:01,32.25,27.08,9.11,0.0,15.76,Stabil
2026-05-15 15:49:01,19.53,33.35,28.51,0.0,7.11,Stabil
2026-05-15 15:54:01,57.38,33.8,23.54,0.0,7.4,Stabil
2026-05-15 15:59:01,51.29,11.28,10.82,0.0,11.37,Stabil
2026-05-15 16:04:01,19.01,14.53,17.36,0.2,18.03,Stabil
2026-05-15 16:09:01,24.8,14.69,19.4,0.0,17.27,Stabil
2026-05-15 16:14:01,33.03,23.38,22.18,0.0,8.26,Stabil
2026-05-15 16:19:01,43.34,11.75,15.26,0.0,5.16,Stabil
2026-05-15 16:24:01,36.61,24.0,15.95,0.0,15.11,Stabil
2026-05-15 16:29:01,13.74,39.64,20.6,0.1,6.28,Stabil
2026-05-15 16:34:01,57.99,31.36,29.09,0.5,12.7,Stabil
2026-05-15 16:39:01,30.86,20.29,33.46,0.0,10.87,Stabil
2026-05-15 16:44:01,33.75,39.02,5.0,0.0,2.89,Stabil
2026-05-15 16:49:01,36.07,33.29,23.0,0.0,12.99,Stabil
2026-05-15 16:54:01,53.31,44.11,19.46,0.0,11.37,Stabil
2026-05-15 16:59:01,30.87,36.94,21.43,0.0,8.09,Stabil
2026-05-15 17:04:01,25.83,34.37,17.99,0.0,9.11,Stabil
2026-05-15 17:09:01,22.64,35.49,12.93,0.0,9.42,Stabil
2026-05-15 17:14:01,27.26,31.33,21.95,0.0,11.16,Stabil
2026-05-15 17:19:01,34.37,28.27,20.66,0.0,8.6,Stabil
2026-05-15 17:24:01,55.97,37.53,14.75,0.0,9.49,Stabil
2026-05-15 17:29:01,30.45,43.95,16.26,0.0,13.54,Stabil
2026-05-15 17:34:01,39.09,30.74,11.41,0.0,10.22,Stabil
2026-05-15 17:39:01,17.7,40.54,15.12,0.0,16.0,Stabil
2026-05-15 17:44:01,19.6,24.33,17.43,0.2,8.06,Stabil
2026-05-15 17:49:01,23.99,22.78,14.01,0.0,15.33,Stabil
2026-05-15 17:54:01,9.36,31.13,17.46,0.0,18.05,Stabil
2026-05-15 17:59:01,45.85,26.9,19.53,0.1,12.42,Stabil
2026-05-15 18:04:01,19.87,15.76,27.22,0.0,17.07,Stabil
2026-05-15 18:09:01,148.25,2.64,1.31,0.95,18.19,Tidak Stabil
2026-05-15 18:14:01,95.0,12.52,14.56,0.98,57.52,Tidak Stabil
2026-05-15 18:19:01,171.13,22.21,1.74,0.78,76.84,Tidak Stabil
2026-05-15 18:24:01,219.31,6.42,0.1,10.04,112.04,Tidak Stabil
2026-05-15 18:29:01,119.49,13.11,10.43,1.59,71.9,Tidak Stabil
2026-05-15 18:34:01,48.81,8.66,5.13,7.05,20.0,Tidak Stabil
2026-05-15 18:39:01,88.15,4.68,1.87,1.08,52.66,Tidak Stabil
2026-05-15 18:44:01,44.06,6.14,2.18,1.08,38.69,Tidak Stabil
2026-05-15 18:49:01,117.37,3.38,1.79,0.2,30.5,Tidak Stabil
2026-05-15 18:54:01,125.64,19.35,9.73,2.96,60.3,Tidak Stabil
2026-05-15 18:59:01,123.71,27.74,6.82,0.35,58.94,Tidak Stabil
2026-05-15 19:04:01,73.36,2.18,1.44,1.18,51.85,Tidak Stabil
2026-05-15 19:09:01,40.0,20.96,9.44,4.7,28.2,Tidak Stabil
2026-05-15 19:14:01,113.57,0.3,0.5,1.98,56.97,Tidak Stabil
2026-05-15 19:19:01,69.96,18.2,4.39,2.0,37.36,Tidak Stabil
2026-05-15 19:24:01,177.89,16.61,3.96,2.27,66.73,Tidak Stabil
2026-05-15 19:29:01,168.9,2.0,11.14,2.23,55.36,Tidak Stabil
2026-05-15 19:34:01,145.67,12.97,3.14,5.73,20.0,Tidak Stabil
2026-05-15 19:39:01,79.61,7.74,7.52,3.81,52.58,Tidak Stabil
2026-05-15 19:44:01,119.64,6.61,2.29,2.0,53.31,Tidak Stabil
2026-05-15 19:49:01,202.11,6.58,4.89,4.19,117.34,Tidak Stabil
2026-05-15 19:54:01,156.12,8.27,8.65,0.5,48.08,Tidak Stabil
2026-05-15 19:59:01,74.29,2.77,1.9,0.0,18.0,Tidak Stabil
2026-05-15 20:04:01,209.91,5.26,1.66,4.87,142.87,Tidak Stabil
2026-05-15 20:09:01,158.4,6.18,2.76,7.25,126.74,Tidak Stabil
2026-05-15 20:14:01,178.33,4.16,3.24,8.77,58.85,Tidak Stabil
2026-05-15 20:19:01,191.71,3.6,2.5,11.0,103.28,Tidak Stabil
2026-05-15 20:24:01,171.75,4.95,4.32,8.35,53.88,Tidak Stabil
2026-05-15 20:29:01,113.11,4.85,1.4,1.48,56.36,Tidak Stabil
2026-05-15 20:34:01,267.76,0.2,0.5,12.49,97.86,Tidak Stabil
2026-05-15 20:39:01,172.23,7.34,3.46,9.48,39.83,Tidak Stabil
2026-05-15 20:44:01,157.75,13.95,6.77,2.38,30.0,Tidak Stabil
2026-05-15 20:49:01,76.01,3.78,1.8,0.24,18.0,Tidak Stabil
2026-05-15 20:54:01,114.76,18.19,12.22,3.66,42.58,Tidak Stabil
2026-05-15 20:59:01,183.42,7.79,1.67,7.87,90.1,Tidak Stabil
2026-05-15 21:04:01,191.58,18.36,10.79,1.46,51.31,Tidak Stabil
2026-05-15 21:09:01,229.34,3.02,0.1,7.17,103.71,Tidak Stabil
2026-05-15 21:14:01,241.24,13.42,3.46,2.39,44.7,Tidak Stabil
2026-05-15 21:19:01,88.78,1.87,2.36,0.84,18.0,Tidak Stabil
2026-05-15 21:24:01,74.29,17.3,9.07,8.37,60.98,Tidak Stabil
2026-05-15 21:29:01,237.78,4.06,0.53,5.55,35.0,Tidak Stabil
2026-05-15 21:34:01,301.47,3.33,1.34,6.52,91.89,Tidak Stabil
2026-05-15 21:39:01,143.99,0.94,1.91,1.1,47.4,Tidak Stabil
2026-05-15 21:44:01,86.36,2.25,1.36,1.21,32.8,Tidak Stabil
2026-05-15 21:49:01,224.54,3.82,5.0,1.19,48.13,Tidak Stabil
2026-05-15 21:54:01,230.71,6.77,0.1,7.49,78.8,Tidak Stabil
2026-05-15 21:59:01,232.97,4.13,3.57,7.19,96.44,Tidak Stabil
2026-05-15 22:04:01,187.77,5.88,1.5,6.38,99.61,Tidak Stabil
2026-05-15 22:09:01,167.35,2.0,4.26,6.72,52.42,Tidak Stabil
2026-05-15 22:14:01,145.17,3.54,0.1,2.28,23.73,Tidak Stabil
2026-05-15 22:19:01,114.83,18.26,9.34,5.69,20.0,Tidak Stabil
2026-05-15 22:24:01,121.0,18.01,5.34,12.16,38.61,Tidak Stabil
2026-05-15 22:29:01,169.42,15.68,6.84,2.23,38.33,Tidak Stabil
2026-05-15 22:34:01,61.62,16.83,10.31,11.13,45.79,Tidak Stabil
2026-05-15 22:39:01,96.15,1.66,3.65,2.09,33.18,Tidak Stabil
2026-05-15 22:44:01,115.45,2.77,0.1,0.2,30.97,Tidak Stabil
2026-05-15 22:49:01,243.86,3.38,2.31,2.61,140.44,Tidak Stabil
2026-05-15 22:54:01,213.57,22.08,1.8,4.0,76.22,Tidak Stabil
2026-05-15 22:59:01,73.11,7.08,2.24,8.33,48.16,Tidak Stabil
2026-05-15 23:04:01,181.64,1.48,4.59,5.43,113.94,Tidak Stabil
2026-05-15 23:09:01,146.1,6.55,0.1,6.79,94.86,Tidak Stabil
2026-05-15 23:14:01,26.39,34.27,14.59,0.5,9.74,Stabil
2026-05-15 23:19:01,22.86,32.68,21.67,0.0,6.86,Stabil
2026-05-15 23:24:01,5.0,30.89,18.43,0.0,9.08,Stabil
2026-05-15 23:29:01,40.06,46.24,13.6,0.0,7.13,Stabil
2026-05-15 23:34:01,29.96,25.46,13.18,0.0,5.75,Stabil
2026-05-15 23:39:01,38.46,30.47,24.43,0.5,5.07,Stabil
2026-05-15 23:44:01,42.75,45.25,15.72,0.0,7.78,Stabil
2026-05-15 23:49:01,11.53,18.92,17.76,0.0,1.95,Stabil
2026-05-15 23:54:01,46.3,19.34,15.97,0.0,13.94,Stabil
2026-05-15 23:59:01,67.06,22.46,10.85,0.0,12.04,Stabil
2026-05-16 00:04:01,43.71,11.53,22.79,0.0,9.19,Stabil
2026-05-16 00:09:01,35.95,25.16,32.76,0.0,12.85,Stabil
2026-05-16 00:14:01,30.14,10.42,25.61,0.0,15.0,Stabil
2026-05-16 00:19:01,50.82,29.74,32.51,0.0,2.87,Stabil
2026-05-16 00:24:01,42.49,29.02,21.81,0.0,16.83,Stabil
2026-05-16 00:29:01,31.63,23.98,13.08,0.0,15.14,Stabil
2026-05-16 00:34:01,25.28,30.9,14.94,0.0,1.0,Stabil
2026-05-16 00:39:01,50.03,32.7,9.93,0.0,5.68,Stabil
2026-05-16 00:44:01,65.6,44.04,17.42,0.0,7.26,Stabil
2026-05-16 00:49:01,31.67,39.97,17.53,0.0,6.94,Stabil
2026-05-16 00:54:01,31.39,14.39,20.24,0.0,9.31,Stabil
2026-05-16 00:59:01,12.89,25.63,22.25,0.5,15.62,Stabil
2026-05-16 01:04:01,45.15,29.54,27.11,0.0,1.7,Stabil
2026-05-16 01:09:01,47.87,38.8,32.77,0.0,9.74,Stabil
2026-05-16 01:14:01,39.22,25.24,19.36,0.0,7.97,Stabil
2026-05-16 01:19:01,33.3,38.29,8.46,0.0,10.94,Stabil
2026-05-16 01:24:01,40.83,19.78,8.39,0.0,18.25,Stabil
2026-05-16 01:29:01,49.64,25.86,5.0,0.5,8.01,Stabil
2026-05-16 01:34:01,14.23,35.9,13.35,0.0,7.67,Stabil
2026-05-16 01:39:01,31.53,27.74,16.69,0.0,9.91,Stabil
2026-05-16 01:44:01,39.4,31.88,16.19,0.0,5.84,Stabil
2026-05-16 01:49:01,38.06,32.5,17.11,0.0,16.02,Stabil
2026-05-16 01:54:01,12.66,26.03,20.68,0.0,13.87,Stabil
2026-05-16 01:59:01,57.3,19.09,26.07,0.0,4.77,Stabil
2026-05-16 02:04:01,45.17,17.72,16.01,0.0,9.67,Stabil
2026-05-16 02:09:01,41.72,17.44,20.31,0.0,8.38,Stabil
2026-05-16 02:14:01,38.57,28.82,18.14,0.1,9.39,Stabil
2026-05-16 02:19:01,40.29,39.69,18.01,0.0,3.61,Stabil
2026-05-16 02:24:01,52.35,38.16,10.53,0.0,7.99,Stabil
2026-05-16 02:29:01,40.47,32.46,11.45,0.1,5.93,Stabil
2026-05-16 02:34:01,17.52,16.32,19.13,0.0,7.38,Stabil
2026-05-16 02:39:01,41.07,40.18,16.8,0.0,7.58,Stabil
2026-05-16 02:44:01,37.15,19.39,20.02,0.0,3.29,Stabil
2026-05-16 02:49:01,21.69,14.85,10.16,0.0,10.99,Stabil
2026-05-16 02:54:01,39.88,29.19,16.19,0.0,8.52,Stabil
2026-05-16 02:59:01,44.51,28.23,34.58,0.0,2.88,Stabil
2026-05-16 03:04:01,31.81,25.58,27.52,0.5,14.32,Stabil
2026-05-16 03:09:01,18.02,29.38,20.8,0.1,7.71,Stabil
2026-05-16 03:14:01,51.07,19.12,19.94,0.0,13.79,Stabil
2026-05-16 03:19:01,22.43,10.0,22.69,0.0,14.11,Stabil
2026-05-16 03:24:01,40.03,29.44,12.26,0.0,10.85,Stabil
2026-05-16 03:29:01,34.29,18.82,16.71,0.0,14.67,Stabil
2026-05-16 03:34:01,42.55,46.45,11.91,0.0,2.06,Stabil
2026-05-16 03:39:01,40.99,27.82,21.67,0.0,7.18,Stabil
2026-05-16 03:44:01,24.47,31.08,24.72,0.2,7.77,Stabil
2026-05-16 03:49:01,30.27,28.03,16.68,0.5,4.55,Stabil
2026-05-16 03:54:01,51.63,30.36,20.37,0.0,7.13,Stabil
2026-05-16 03:59:01,48.65,24.62,14.76,0.0,1.56,Stabil
2026-05-16 04:04:01,25.99,32.18,14.08,0.5,6.39,Stabil
2026-05-16 04:09:01,49.75,21.8,13.8,0.0,20.83,Stabil
2026-05-16 04:14:01,50.82,36.2,25.01,0.0,16.11,Stabil
2026-05-16 04:19:01,17.87,18.68,14.34,0.0,7.85,Stabil
2026-05-16 04:24:01,31.42,30.15,19.51,0.0,10.41,Stabil
2026-05-16 04:29:01,32.78,24.13,10.15,0.0,13.43,Stabil
2026-05-16 04:34:01,25.37,23.45,21.55,0.0,17.78,Stabil
2026-05-16 04:39:01,38.7,31.18,20.64,0.0,12.65,Stabil
2026-05-16 04:44:01,18.9,28.92,17.82,0.0,7.98,Stabil
2026-05-16 04:49:01,47.33,39.67,18.49,0.0,11.59,Stabil
2026-05-16 04:54:01,34.69,43.17,9.83,0.0,12.15,Stabil
2026-05-16 04:59:01,49.91,26.17,17.73,0.0,4.0,Stabil
2026-05-16 05:04:01,180.15,12.81,9.78,0.87,46.88,Tidak Stabil
2026-05-16 05:09:01,160.08,17.49,5.55,6.35,42.54,Tidak Stabil
2026-05-16 05:14:01,147.19,2.23,0.77,8.9,59.61,Tidak Stabil
2026-05-16 05:19:01,147.39,14.22,2.53,6.88,62.47,Tidak Stabil
2026-05-16 05:24:01,59.67,23.78,8.33,9.59,50.59,Tidak Stabil
2026-05-16 05:29:01,81.29,16.78,9.62,7.87,68.69,Tidak Stabil
2026-05-16 05:34:01,160.37,4.3,1.02,7.76,86.41,Tidak Stabil
2026-05-16 05:39:01,95.0,23.33,9.23,1.23,39.98,Tidak Stabil
2026-05-16 05:44:01,177.1,4.41,2.4,5.94,102.59,Tidak Stabil
2026-05-16 05:49:01,112.99,2.2,1.86,1.31,39.68,Tidak Stabil
2026-05-16 05:54:01,120.04,2.13,1.67,2.77,18.0,Tidak Stabil
2026-05-16 05:59:01,102.28,2.0,1.0,5.16,41.43,Tidak Stabil
2026-05-16 06:04:01,162.03,10.09,9.16,8.41,40.41,Tidak Stabil
2026-05-16 06:09:01,125.68,5.79,9.6,8.28,25.73,Tidak Stabil
2026-05-16 06:14:01,62.55,3.77,2.61,1.14,60.8,Tidak Stabil
2026-05-16 06:19:01,162.85,10.9,4.44,2.57,70.21,Tidak Stabil
2026-05-16 06:24:01,111.13,2.46,3.29,2.2,46.27,Tidak Stabil
2026-05-16 06:29:01,134.3,0.2,1.33,5.99,100.78,Tidak Stabil
2026-05-16 06:34:01,98.54,2.48,0.95,0.0,29.2,Tidak Stabil
2026-05-16 06:39:01,224.51,17.34,12.31,0.15,76.5,Tidak Stabil
2026-05-16 06:44:01,135.54,5.3,1.34,0.5,51.82,Tidak Stabil
2026-05-16 06:49:01,133.12,16.77,14.99,0.95,73.01,Tidak Stabil
2026-05-16 06:54:01,147.01,6.06,0.63,5.59,128.76,Tidak Stabil
2026-05-16 06:59:01,197.03,16.29,3.63,2.3,42.13,Tidak Stabil
2026-05-16 07:04:01,181.78,12.67,13.95,8.77,60.05,Tidak Stabil
2026-05-16 07:09:01,119.82,10.47,1.0,6.75,59.82,Tidak Stabil
2026-05-16 07:14:01,202.55,15.0,9.85,1.58,80.44,Tidak Stabil
2026-05-16 07:19:01,79.35,2.94,2.42,2.99,36.85,Tidak Stabil
2026-05-16 07:24:01,178.08,4.23,0.99,9.1,101.98,Tidak Stabil
2026-05-16 07:29:01,215.16,5.08,0.1,10.55,64.87,Tidak Stabil
2026-05-16 07:34:01,66.17,8.76,4.07,2.31,41.63,Tidak Stabil
2026-05-16 07:39:01,115.59,13.43,10.54,12.35,20.44,Tidak Stabil
2026-05-16 07:44:01,187.11,3.14,1.68,5.17,101.36,Tidak Stabil
2026-05-16 07:49:01,124.58,4.33,2.72,0.92,25.15,Tidak Stabil
2026-05-16 07:54:01,111.48,7.37,18.27,3.31,65.72,Tidak Stabil
2026-05-16 07:59:01,133.96,13.05,3.13,2.85,58.86,Tidak Stabil
2026-05-16 08:04:01,227.78,11.89,1.0,0.43,49.39,Tidak Stabil
2026-05-16 08:09:01,183.75,8.0,3.01,9.22,73.0,Tidak Stabil
2026-05-16 08:14:01,86.67,11.81,8.34,2.87,28.19,Tidak Stabil
2026-05-16 08:19:01,185.33,15.25,8.62,3.24,42.46,Tidak Stabil
2026-05-16 08:24:01,184.57,12.89,5.66,5.4,56.85,Tidak Stabil
2026-05-16 08:29:01,177.61,2.63,2.5,0.0,30.81,Tidak Stabil
2026-05-16 08:34:01,154.28,16.87,8.15,1.71,64.27,Tidak Stabil
2026-05-16 08:39:01,116.65,5.1,8.3,3.89,29.6,Tidak Stabil
2026-05-16 08:44:01,80.42,2.72,0.69,0.0,24.49,Tidak Stabil
2026-05-16 08:49:01,102.85,16.52,4.54,4.52,49.07,Tidak Stabil
2026-05-16 08:54:01,129.13,3.2,0.64,1.35,33.72,Tidak Stabil
2026-05-16 08:59:01,191.88,1.86,1.31,2.37,87.31,Tidak Stabil
2026-05-16 09:04:01,126.95,4.59,1.21,0.68,68.87,Tidak Stabil
2026-05-16 09:09:01,172.74,15.29,1.0,2.35,82.35,Tidak Stabil
2026-05-16 09:14:01,94.08,4.09,0.56,2.32,49.47,Tidak Stabil
2026-05-16 09:19:01,153.64,3.5,1.88,10.2,130.27,Tidak Stabil
2026-05-16 09:24:01,154.73,15.92,3.98,7.72,69.66,Tidak Stabil
2026-05-16 09:29:01,45.3,1.55,2.03,3.11,22.46,Tidak Stabil
2026-05-16 09:34:01,80.7,6.12,3.68,1.69,43.97,Tidak Stabil
2026-05-16 09:39:01,216.9,4.14,2.0,12.79,130.48,Tidak Stabil
2026-05-16 09:44:01,95.0,23.65,9.1,1.4,30.0,Tidak Stabil
2026-05-16 09:49:01,110.0,1.59,3.34,2.0,120.62,Tidak Stabil
2026-05-16 09:54:01,42.82,38.53,16.81,0.0,16.23,Stabil
2026-05-16 09:59:01,15.88,31.68,28.35,0.0,7.34,Stabil
2026-05-16 10:04:01,22.71,35.64,10.81,0.0,5.91,Stabil
2026-05-16 10:09:01,48.36,30.28,6.39,0.0,15.81,Stabil
2026-05-16 10:14:01,32.23,15.95,23.04,0.0,8.48,Stabil
2026-05-16 10:19:01,46.34,24.63,9.01,0.0,3.34,Stabil
2026-05-16 10:24:01,44.47,34.39,18.04,0.0,8.41,Stabil
2026-05-16 10:29:01,37.27,21.52,21.5,0.0,13.43,Stabil
2026-05-16 10:34:01,31.07,24.51,17.8,0.2,5.99,Stabil
2026-05-16 10:39:01,35.52,25.92,12.78,0.2,13.82,Stabil
2026-05-16 10:44:01,41.01,24.59,17.25,0.5,11.32,Stabil
2026-05-16 10:49:01,15.74,38.7,22.6,0.0,10.59,Stabil
2026-05-16 10:54:01,40.87,29.1,25.14,0.0,10.3,Stabil
2026-05-16 10:59:01,40.3,32.32,29.62,0.0,7.07,Stabil
2026-05-16 11:04:01,23.73,20.01,9.65,0.0,12.13,Stabil
2026-05-16 11:09:01,64.82,44.41,12.89,0.0,19.54,Stabil
2026-05-16 11:14:01,20.34,43.1,12.21,0.0,11.72,Stabil
2026-05-16 11:19:01,35.65,34.3,18.2,0.0,10.5,Stabil
2026-05-16 11:24:01,27.16,23.47,22.87,0.0,5.53,Stabil
2026-05-16 11:29:01,25.7,27.5,19.3,0.0,15.66,Stabil
2026-05-16 11:34:01,65.91,30.02,21.59,0.0,8.76,Stabil
2026-05-16 11:39:01,39.22,33.02,18.37,0.0,12.58,Stabil
2026-05-16 11:44:01,50.98,21.8,14.8,0.0,5.0,Stabil
2026-05-16 11:49:01,46.11,17.93,15.57,0.0,7.75,Stabil
2026-05-16 11:54:01,5.0,22.79,12.19,0.0,13.7,Stabil
2026-05-16 11:59:01,49.33,17.51,27.41,0.2,10.71,Stabil
2026-05-16 12:04:01,12.13,26.93,12.84,0.0,1.0,Stabil
2026-05-16 12:09:01,39.03,32.55,18.32,0.0,8.19,Stabil
2026-05-16 12:14:01,36.84,28.7,13.62,0.0,18.79,Stabil
2026-05-16 12:19:01,43.41,32.86,11.56,0.0,3.15,Stabil
2026-05-16 12:24:01,61.47,21.81,16.66,0.0,10.43,Stabil
2026-05-16 12:29:01,35.66,40.11,22.66,0.0,9.14,Stabil
2026-05-16 12:34:01,32.8,46.79,23.7,0.0,8.53,Stabil
2026-05-16 12:39:01,25.22,26.96,14.66,0.0,19.06,Stabil
2026-05-16 12:44:01,43.69,10.0,25.3,0.0,7.77,Stabil
2026-05-16 12:49:01,43.13,35.12,22.86,0.0,8.64,Stabil
2026-05-16 12:54:01,6.95,27.49,17.53,0.0,7.8,Stabil
2026-05-16 12:59:01,43.71,22.97,16.8,0.0,15.77,Stabil
2026-05-16 13:04:01,37.9,28.02,19.07,0.0,24.59,Stabil
2026-05-16 13:09:01,42.18,28.15,25.88,0.2,15.28,Stabil
2026-05-16 13:14:01,40.96,28.11,17.92,0.0,7.84,Stabil
2026-05-16 13:19:01,28.12,12.58,15.68,0.0,7.89,Stabil
2026-05-16 13:24:01,50.42,30.52,17.71,0.0,9.29,Stabil
2026-05-16 13:29:01,48.86,24.17,9.33,0.0,8.41,Stabil
2026-05-16 13:34:01,26.88,27.3,14.5,0.0,15.27,Stabil
2026-05-16 13:39:01,49.16,18.59,25.5,0.0,7.34,Stabil
2026-05-16 13:44:01,74.49,24.56,28.07,0.0,5.24,Stabil
2026-05-16 13:49:01,24.77,24.44,16.46,0.0,5.9,Stabil
2026-05-16 13:54:01,52.38,37.79,23.7,0.0,9.11,Stabil
2026-05-16 13:59:01,37.9,20.26,14.93,0.0,5.03,Stabil
2026-05-16 14:04:01,52.29,43.21,20.36,0.0,12.05,Stabil
2026-05-16 14:09:01,43.03,29.36,14.32,0.0,12.85,Stabil
2026-05-16 14:14:01,36.08,26.06,23.77,0.0,10.96,Stabil
2026-05-16 14:19:01,11.45,29.02,12.03,0.0,4.56,Stabil
2026-05-16 14:24:01,24.74,22.35,16.44,0.0,10.93,Stabil
2026-05-16 14:29:01,12.96,31.06,24.64,0.0,13.89,Stabil
2026-05-16 14:34:01,36.12,28.18,22.58,0.0,3.28,Stabil
2026-05-16 14:39:01,32.4,28.01,31.68,0.0,9.52,Stabil
2026-05-16 14:44:01,13.82,29.32,23.8,0.0,14.14,Stabil
2026-05-16 14:49:01,6.99,43.88,14.06,0.0,1.0,Stabil
2026-05-16 14:54:01,34.07,29.83,17.48,0.0,10.52,Stabil
2026-05-16 14:59:01,5.45,26.06,24.35,0.0,7.83,Stabil
2026-05-16 15:04:01,47.23,15.02,10.72,0.0,9.58,Stabil
2026-05-16 15:09:01,32.04,33.38,29.06,0.0,3.03,Stabil
2026-05-16 15:14:01,37.76,28.55,5.0,0.2,13.03,Stabil
2026-05-16 15:19:01,29.09,19.69,12.79,0.0,3.51,Stabil
2026-05-16 15:24:01,13.07,36.08,8.91,0.0,11.77,Stabil
2026-05-16 15:29:01,40.9,37.4,17.53,0.0,10.19,Stabil
2026-05-16 15:34:01,32.72,46.4,9.35,0.1,10.41,Stabil
2026-05-16 15:39:01,39.34,26.38,18.77,0.0,7.6,Stabil
2026-05-16 15:44:01,59.44,13.22,14.87,0.0,12.33,Stabil
2026-05-16 15:49:01,17.68,18.89,13.69,0.1,4.56,Stabil
2026-05-16 15:54:01,77.02,24.1,5.0,0.0,16.36,Stabil
2026-05-16 15:59:01,15.13,27.12,18.8,0.0,8.6,Stabil
2026-05-16 16:04:01,143.31,10.35,8.61,2.42,46.59,Tidak Stabil
2026-05-16 16:09:01,121.53,14.15,11.76,5.0,29.6,Tidak Stabil
2026-05-16 16:14:01,106.63,14.86,10.69,0.0,63.24,Tidak Stabil
2026-05-16 16:19:01,252.41,2.32,1.7,12.49,126.49,Tidak Stabil
2026-05-16 16:24:01,152.59,2.03,3.11,6.97,111.57,Tidak Stabil
2026-05-16 16:29:01,93.15,14.69,8.83,11.06,66.57,Tidak Stabil
2026-05-16 16:34:01,147.15,12.6,3.45,2.64,76.97,Tidak Stabil
2026-05-16 16:39:01,158.6,12.63,5.67,2.41,50.59,Tidak Stabil
2026-05-16 16:44:01,50.97,2.86,0.1,0.58,61.9,Tidak Stabil
2026-05-16 16:49:01,146.68,4.57,4.95,9.34,74.11,Tidak Stabil
2026-05-16 16:54:01,110.0,2.69,0.89,15.04,71.43,Tidak Stabil
2026-05-16 16:59:01,140.19,1.9,2.47,0.14,56.06,Tidak Stabil
2026-05-16 17:04:01,98.58,3.25,4.39,0.0,71.43,Tidak Stabil
2026-05-16 17:09:01,142.0,1.7,0.1,5.96,118.08,Tidak Stabil
2026-05-16 17:14:01,199.78,4.96,0.1,2.0,40.09,Tidak Stabil
2026-05-16 17:19:01,32.66,3.03,3.01,0.75,27.34,Tidak Stabil
2026-05-16 17:24:01,120.51,3.07,2.13,1.93,61.3,Tidak Stabil
2026-05-16 17:29:01,51.78,29.32,16.29,0.0,6.29,Stabil
2026-05-16 17:34:01,26.63,32.9,15.47,0.0,16.36,Stabil
2026-05-16 17:39:01,30.46,29.53,13.58,0.0,10.12,Stabil
2026-05-16 17:44:01,52.62,44.93,9.41,0.0,1.0,Stabil
2026-05-16 17:49:01,44.13,27.53,17.56,0.0,10.36,Stabil
2026-05-16 17:54:01,35.69,33.99,26.96,0.0,11.01,Stabil
2026-05-16 17:59:01,42.58,27.84,12.55,0.0,12.26,Stabil
2026-05-16 18:04:01,44.58,22.33,15.39,0.2,2.61,Stabil
2026-05-16 18:09:01,33.24,36.26,25.88,0.0,1.0,Stabil
2026-05-16 18:14:01,27.23,23.69,12.09,0.0,1.0,Stabil
2026-05-16 18:19:01,29.68,19.8,11.54,0.0,13.64,Stabil
2026-05-16 18:24:01,49.58,29.15,13.04,0.0,8.04,Stabil
2026-05-16 18:29:01,27.83,30.42,16.16,0.0,9.76,Stabil
2026-05-16 18:34:01,6.58,26.72,19.95,0.0,15.5,Stabil
2026-05-16 18:39:01,33.83,10.0,25.53,0.0,16.26,Stabil
2026-05-16 18:44:01,30.2,40.81,27.34,0.0,14.66,Stabil
2026-05-16 18:49:01,67.72,25.07,30.06,0.0,14.01,Stabil
2026-05-16 18:54:01,48.18,38.79,29.96,0.0,11.08,Stabil
2026-05-16 18:59:01,65.91,38.9,17.57,0.0,11.22,Stabil
2026-05-16 19:04:01,23.88,34.46,27.48,0.0,14.58,Stabil
2026-05-16 19:09:01,32.68,36.27,21.4,0.1,8.46,Stabil
2026-05-16 19:14:01,31.12,24.02,18.33,0.0,12.21,Stabil
2026-05-16 19:19:01,33.22,35.86,20.33,0.0,9.19,Stabil
2026-05-16 19:24:01,35.66,37.78,14.59,0.0,12.56,Stabil
2026-05-16 19:29:01,34.29,39.63,20.57,0.0,4.59,Stabil
2026-05-16 19:34:01,33.5,29.72,15.24,0.2,8.3,Stabil
2026-05-16 19:39:01,49.99,35.01,5.0,0.0,9.59,Stabil
2026-05-16 19:44:01,11.4,30.98,11.31,0.0,8.61,Stabil
2026-05-16 19:49:01,32.19,26.18,19.69,0.0,2.85,Stabil
2026-05-16 19:54:01,26.58,25.99,27.87,0.0,8.82,Stabil
2026-05-16 19:59:01,27.23,32.09,14.24,0.0,4.35,Stabil
2026-05-16 20:04:01,22.56,32.73,15.71,0.0,8.96,Stabil
2026-05-16 20:09:01,24.39,30.15,24.97,0.0,14.51,Stabil
2026-05-16 20:14:01,31.93,24.91,13.12,0.0,6.15,Stabil
2026-05-16 20:19:01,7.75,34.32,15.26,0.0,12.31,Stabil
2026-05-16 20:24:01,34.81,25.37,17.7,0.0,17.36,Stabil
2026-05-16 20:29:01,56.86,32.16,19.75,0.0,3.4,Stabil
2026-05-16 20:34:01,45.33,32.88,26.51,0.0,1.0,Stabil
2026-05-16 20:39:01,20.42,20.84,22.36,0.0,5.18,Stabil
2026-05-16 20:44:01,47.99,36.65,12.97,0.0,5.78,Stabil
2026-05-16 20:49:01,42.22,30.68,23.02,0.0,10.83,Stabil
2026-05-16 20:54:01,34.55,32.2,15.98,0.0,11.34,Stabil
2026-05-16 20:59:01,20.99,19.8,19.31,0.0,8.65,Stabil
2026-05-16 21:04:01,21.1,23.73,8.91,0.0,12.74,Stabil
2026-05-16 21:09:01,67.54,26.67,17.6,0.0,9.61,Stabil
2026-05-16 21:14:01,33.88,30.75,9.38,0.0,12.75,Stabil
2026-05-16 21:19:01,5.0,22.13,20.47,0.5,6.01,Stabil
2026-05-16 21:24:01,59.38,17.11,28.15,0.0,8.7,Stabil
2026-05-16 21:29:01,7.95,28.79,16.46,0.0,4.09,Stabil
2026-05-16 21:34:01,28.89,42.81,11.0,0.0,10.51,Stabil
2026-05-16 21:39:01,38.72,28.34,16.31,0.1,7.35,Stabil
2026-05-16 21:44:01,5.0,33.28,11.3,0.0,4.76,Stabil
2026-05-16 21:49:01,40.14,32.71,24.39,0.0,13.03,Stabil
2026-05-16 21:54:01,23.67,45.86,13.84,0.0,15.13,Stabil
2026-05-16 21:59:01,31.38,35.54,18.17,0.0,6.23,Stabil
2026-05-16 22:04:01,40.24,29.07,5.0,0.0,3.67,Stabil
2026-05-16 22:09:01,173.02,14.81,12.18,0.67,65.98,Tidak Stabil
2026-05-16 22:14:01,106.62,3.66,2.55,1.92,59.45,Tidak Stabil
2026-05-16 22:19:01,193.86,11.88,14.45,2.22,30.0,Tidak Stabil
2026-05-16 22:24:01,206.48,5.41,1.35,8.95,52.81,Tidak Stabil
2026-05-16 22:29:01,281.59,3.55,2.94,11.22,82.08,Tidak Stabil
2026-05-16 22:34:01,195.04,17.28,3.38,0.0,75.32,Tidak Stabil
2026-05-16 22:39:01,125.2,5.08,3.67,11.02,117.53,Tidak Stabil
2026-05-16 22:44:01,150.46,12.58,7.67,1.06,41.66,Tidak Stabil
2026-05-16 22:49:01,182.65,2.06,3.41,8.31,79.77,Tidak Stabil
2026-05-16 22:54:01,80.1,4.17,3.56,9.11,47.26,Tidak Stabil
2026-05-16 22:59:01,194.34,22.46,9.62,3.56,58.9,Tidak Stabil
2026-05-16 23:04:01,112.07,4.41,2.34,9.66,46.99,Tidak Stabil
2026-05-16 23:09:01,59.27,1.73,1.69,1.59,37.46,Tidak Stabil
2026-05-16 23:14:01,126.58,22.59,7.19,2.69,52.35,Tidak Stabil
2026-05-16 23:19:01,140.94,2.44,1.61,3.15,56.67,Tidak Stabil
2026-05-16 23:24:01,43.1,10.74,8.41,4.75,60.67,Tidak Stabil
2026-05-16 23:29:01,134.26,21.71,3.09,1.12,30.0,Tidak Stabil
2026-05-16 23:34:01,150.28,10.93,3.47,7.1,45.48,Tidak Stabil
2026-05-16 23:39:01,226.35,18.86,5.51,0.02,34.93,Tidak Stabil
2026-05-16 23:44:01,163.29,18.64,3.84,1.15,50.91,Tidak Stabil
2026-05-16 23:49:01,107.03,26.94,13.44,3.7,64.72,Tidak Stabil
2026-05-16 23:54:01,28.55,38.59,17.8,0.0,10.08,Stabil
2026-05-16 23:59:01,42.94,40.99,17.0,0.1,9.69,Stabil
2026-05-17 00:04:01,37.45,23.22,21.7,0.0,7.48,Stabil
2026-05-17 00:09:01,19.13,37.77,28.43,0.0,13.39,Stabil
2026-05-17 00:14:01,6.88,32.18,14.74,0.5,6.99,Stabil
2026-05-17 00:19:01,26.77,41.04,16.22,0.0,10.16,Stabil
2026-05-17 00:24:01,29.26,27.07,20.94,0.0,12.44,Stabil
2026-05-17 00:29:01,60.56,30.52,21.74,0.0,4.91,Stabil
2026-05-17 00:34:01,18.71,22.39,23.86,0.0,13.62,Stabil
2026-05-17 00:39:01,26.41,18.18,20.42,0.0,5.2,Stabil
2026-05-17 00:44:01,17.27,23.7,16.9,0.5,10.3,Stabil
2026-05-17 00:49:01,32.41,39.65,10.29,0.0,15.93,Stabil
2026-05-17 00:54:01,48.47,22.45,20.05,0.0,2.39,Stabil
2026-05-17 00:59:01,5.72,42.82,16.22,0.0,7.99,Stabil
2026-05-17 01:04:01,32.46,33.24,28.83,0.0,11.67,Stabil
2026-05-17 01:09:01,62.6,37.13,5.0,0.0,3.65,Stabil
2026-05-17 01:14:01,49.45,27.14,17.32,0.0,8.79,Stabil
2026-05-17 01:19:01,50.0,32.14,14.0,0.0,11.31,Stabil
2026-05-17 01:24:01,49.0,25.11,19.07,0.0,1.0,Stabil
2026-05-17 01:29:01,30.8,27.02,18.82,0.0,15.02,Stabil
2026-05-17 01:34:01,43.23,34.6,7.64,0.0,7.96,Stabil
2026-05-17 01:39:01,31.35,34.07,15.76,0.0,1.0,Stabil
2026-05-17 01:44:01,61.66,31.87,17.75,0.0,4.17,Stabil
2026-05-17 01:49:01,62.85,27.86,13.67,0.0,12.25,Stabil
2026-05-17 01:54:01,26.16,31.89,28.06,0.0,11.38,Stabil
2026-05-17 01:59:01,41.04,31.98,20.97,0.0,15.52,Stabil
2026-05-17 02:04:01,33.09,33.14,15.7,0.0,7.63,Stabil
2026-05-17 02:09:01,25.22,43.21,17.35,0.5,14.3,Stabil
2026-05-17 02:14:01,5.0,49.72,27.01,0.0,5.28,Stabil
2026-05-17 02:19:01,44.84,28.61,7.39,0.0,10.82,Stabil
2026-05-17 02:24:01,36.93,26.27,24.83,0.0,7.74,Stabil
2026-05-17 02:29:01,58.0,27.48,24.98,0.0,11.07,Stabil
2026-05-17 02:34:01,33.55,37.9,16.45,0.0,12.68,Stabil
2026-05-17 02:39:01,46.53,28.01,6.37,0.0,7.7,Stabil
2026-05-17 02:44:01,19.05,23.57,14.56,0.0,17.19,Stabil
2026-05-17 02:49:01,34.21,35.48,18.98,0.0,15.47,Stabil
2026-05-17 02:54:01,53.55,42.96,15.0,0.0,11.89,Stabil
2026-05-17 02:59:01,42.33,34.37,13.46,0.0,13.54,Stabil
2026-05-17 03:04:01,46.64,43.11,18.07,0.0,6.7,Stabil
2026-05-17 03:09:01,38.57,27.19,10.0,0.0,8.46,Stabil
2026-05-17 03:14:01,144.4,10.65,5.35,3.61,34.84,Tidak Stabil
2026-05-17 03:19:01,115.75,5.17,2.98,2.85,18.0,Tidak Stabil
2026-05-17 03:24:01,46.95,2.08,0.74,1.28,42.58,Tidak Stabil
2026-05-17 03:29:01,150.24,0.2,0.51,5.8,77.59,Tidak Stabil
2026-05-17 03:34:01,109.16,9.62,7.33,0.0,49.1,Tidak Stabil
2026-05-17 03:39:01,84.63,1.94,2.71,1.57,33.95,Tidak Stabil
2026-05-17 03:44:01,146.14,5.04,2.46,12.0,108.81,Tidak Stabil
2026-05-17 03:49:01,128.39,17.48,7.53,9.03,30.66,Tidak Stabil
2026-05-17 03:54:01,164.79,4.98,2.63,2.77,127.48,Tidak Stabil
2026-05-17 03:59:01,98.04,2.2,5.0,1.66,33.83,Tidak Stabil
2026-05-17 04:04:01,136.8,17.05,16.33,3.15,63.13,Tidak Stabil
2026-05-17 04:09:01,138.46,3.95,0.46,1.68,58.31,Tidak Stabil
2026-05-17 04:14:01,265.34,4.86,2.13,15.97,98.34,Tidak Stabil
2026-05-17 04:19:01,219.83,11.87,4.69,1.91,50.92,Tidak Stabil
2026-05-17 04:24:01,225.7,8.92,0.9,2.89,50.49,Tidak Stabil
2026-05-17 04:29:01,98.33,3.04,0.69,0.0,34.87,Tidak Stabil
2026-05-17 04:34:01,149.03,11.38,1.89,6.76,50.35,Tidak Stabil
2026-05-17 04:39:01,82.89,3.21,2.65,1.88,44.08,Tidak Stabil
2026-05-17 04:44:01,98.79,13.83,6.1,6.08,63.19,Tidak Stabil
2026-05-17 04:49:01,76.63,7.85,7.47,4.59,44.31,Tidak Stabil
2026-05-17 04:54:01,150.53,12.57,8.5,1.3,64.43,Tidak Stabil
2026-05-17 04:59:01,103.3,4.53,1.03,2.57,30.28,Tidak Stabil
2026-05-17 05:04:01,143.56,6.41,1.48,0.74,35.4,Tidak Stabil
2026-05-17 05:09:01,50.17,27.34,21.55,0.0,9.05,Stabil
2026-05-17 05:14:01,31.52,25.26,11.08,0.0,8.15,Stabil
2026-05-17 05:19:01,43.96,27.7,26.54,0.2,8.35,Stabil
2026-05-17 05:24:01,30.97,30.78,5.0,0.0,9.72,Stabil
2026-05-17 05:29:01,51.16,24.32,25.96,0.5,1.0,Stabil
2026-05-17 05:34:01,34.71,22.29,14.74,0.0,12.14,Stabil
2026-05-17 05:39:01,42.91,25.01,10.84,0.0,3.96,Stabil
2026-05-17 05:44:01,26.28,21.16,7.12,0.0,4.84,Stabil
2026-05-17 05:49:01,54.94,43.89,10.13,0.0,15.26,Stabil
2026-05-17 05:54:01,43.83,31.5,14.54,0.0,2.45,Stabil
2026-05-17 05:59:01,66.1,31.47,17.69,0.0,6.41,Stabil
2026-05-17 06:04:01,17.56,26.71,15.21,0.0,17.12,Stabil
2026-05-17 06:09:01,35.77,33.57,15.51,0.0,14.64,Stabil
2026-05-17 06:14:01,35.23,30.69,15.75,0.0,7.6,Stabil
2026-05-17 06:19:01,34.28,23.34,26.48,0.0,7.95,Stabil
2026-05-17 06:24:01,22.79,29.44,19.36,0.0,16.49,Stabil
2026-05-17 06:29:01,29.7,26.3,23.41,0.1,6.16,Stabil
2026-05-17 06:34:01,43.88,38.07,29.18,0.0,10.62,Stabil
2026-05-17 06:39:01,42.08,35.28,20.05,0.1,19.39,Stabil
2026-05-17 06:44:01,24.97,16.84,17.76,0.1,17.67,Stabil
2026-05-17 06:49:01,16.48,16.39,17.46,0.0,14.95,Stabil
2026-05-17 06:54:01,16.66,20.67,13.08,0.1,11.68,Stabil
2026-05-17 06:59:01,25.49,32.58,23.09,0.0,18.02,Stabil
2026-05-17 07:04:01,25.55,15.44,23.83,0.0,16.98,Stabil
2026-05-17 07:09:01,46.29,34.27,25.67,0.0,12.62,Stabil
2026-05-17 07:14:01,39.13,35.31,19.12,0.0,16.48,Stabil
2026-05-17 07:19:01,5.0,33.71,16.6,0.0,19.53,Stabil
2026-05-17 07:24:01,52.64,37.08,20.58,0.0,12.54,Stabil
2026-05-17 07:29:01,18.22,28.88,11.05,0.0,10.63,Stabil
2026-05-17 07:34:01,17.23,40.84,24.42,0.0,9.98,Stabil
2026-05-17 07:39:01,26.96,31.8,14.93,0.1,17.14,Stabil
2026-05-17 07:44:01,28.7,28.17,14.45,0.0,11.64,Stabil
2026-05-17 07:49:01,27.93,19.9,24.58,0.0,7.86,Stabil
2026-05-17 07:54:01,43.33,36.67,14.36,0.0,5.29,Stabil
2026-05-17 07:59:01,16.27,24.06,18.14,0.0,8.56,Stabil
2026-05-17 08:04:01,35.19,34.94,8.18,0.0,22.62,Stabil
2026-05-17 08:09:01,33.11,23.09,18.44,0.0,6.78,Stabil
2026-05-17 08:14:01,18.4,28.81,14.73,0.0,4.61,Stabil
2026-05-17 08:19:01,31.05,22.14,19.84,0.1,9.08,Stabil
2026-05-17 08:24:01,44.95,48.82,20.87,0.0,5.41,Stabil
2026-05-17 08:29:01,47.06,25.65,25.67,0.0,11.96,Stabil
2026-05-17 08:34:01,32.5,20.23,31.06,0.0,1.0,Stabil
2026-05-17 08:39:01,36.88,16.71,5.0,0.0,17.35,Stabil
2026-05-17 08:44:01,71.39,30.95,23.86,0.0,10.9,Stabil
2026-05-17 08:49:01,45.78,26.72,14.46,0.5,1.0,Stabil
2026-05-17 08:54:01,57.64,10.0,21.06,0.0,13.59,Stabil
2026-05-17 08:59:01,34.77,25.07,9.26,0.0,20.52,Stabil
2026-05-17 09:04:01,39.0,41.43,5.26,0.0,6.55,Stabil
2026-05-17 09:09:01,18.88,33.17,14.95,0.0,14.07,Stabil
2026-05-17 09:14:01,58.22,22.97,18.61,0.0,6.23,Stabil
2026-05-17 09:19:01,42.63,35.76,19.97,0.0,1.0,Stabil
2026-05-17 09:24:01,15.12,44.84,5.63,0.0,6.0,Stabil
2026-05-17 09:29:01,5.0,30.23,13.61,0.0,2.4,Stabil
2026-05-17 09:34:01,64.28,28.62,25.1,0.0,12.53,Stabil
2026-05-17 09:39:01,55.63,28.68,28.4,0.0,6.89,Stabil
2026-05-17 09:44:01,57.26,24.25,14.98,0.0,4.93,Stabil
2026-05-17 09:49:01,16.26,22.78,26.06,0.0,11.79,Stabil
2026-05-17 09:54:01,10.08,40.4,21.08,0.0,13.75,Stabil
2026-05-17 09:59:01,210.69,15.31,19.01,1.85,75.53,Tidak Stabil
2026-05-17 10:04:01,100.26,1.69,2.0,2.19,48.6,Tidak Stabil
2026-05-17 10:09:01,121.91,28.21,7.93,0.7,48.54,Tidak Stabil
2026-05-17 10:14:01,44.48,5.04,2.54,0.94,35.97,Tidak Stabil
2026-05-17 10:19:01,162.49,5.33,0.45,17.78,113.09,Tidak Stabil
2026-05-17 10:24:01,83.26,3.92,2.33,0.39,33.94,Tidak Stabil
2026-05-17 10:29:01,122.6,4.34,1.97,7.53,81.74,Tidak Stabil
2026-05-17 10:34:01,154.78,20.63,4.48,1.57,79.39,Tidak Stabil
2026-05-17 10:39:01,121.99,2.07,9.59,11.42,28.33,Tidak Stabil
2026-05-17 10:44:01,175.6,7.37,0.83,14.86,87.8,Tidak Stabil
2026-05-17 10:49:01,193.75,6.04,0.1,8.34,82.9,Tidak Stabil
2026-05-17 10:54:01,192.64,8.75,8.07,4.98,57.15,Tidak Stabil
2026-05-17 10:59:01,110.27,4.34,3.1,0.6,18.0,Tidak Stabil
2026-05-17 11:04:01,156.85,9.72,7.08,0.0,30.0,Tidak Stabil
2026-05-17 11:09:01,50.23,3.92,1.14,2.2,59.06,Tidak Stabil
2026-05-17 11:14:01,227.37,4.91,3.69,8.28,35.0,Tidak Stabil
2026-05-17 11:19:01,262.76,2.62,0.1,4.96,136.88,Tidak Stabil
2026-05-17 11:24:01,110.0,0.33,1.95,14.68,151.15,Tidak Stabil
2026-05-17 11:29:01,208.3,22.09,4.95,0.42,49.88,Tidak Stabil
2026-05-17 11:34:01,276.23,5.79,3.72,2.07,98.54,Tidak Stabil
2026-05-17 11:39:01,115.3,5.73,0.68,1.94,60.21,Tidak Stabil
2026-05-17 11:44:01,109.91,7.71,3.69,7.52,96.23,Tidak Stabil
2026-05-17 11:49:01,159.0,18.4,18.38,1.91,65.77,Tidak Stabil
2026-05-17 11:54:01,55.86,2.97,2.0,0.88,45.48,Tidak Stabil
2026-05-17 11:59:01,40.0,10.72,8.87,7.46,67.18,Tidak Stabil
2026-05-17 12:04:01,105.31,5.47,1.72,2.08,18.0,Tidak Stabil
2026-05-17 12:09:01,178.96,8.89,12.12,3.6,51.89,Tidak Stabil
2026-05-17 12:14:01,50.48,5.47,1.79,1.14,35.68,Tidak Stabil
2026-05-17 12:19:01,282.16,3.52,2.61,4.55,74.31,Tidak Stabil
2026-05-17 12:24:01,95.0,13.46,7.82,0.69,60.93,Tidak Stabil
2026-05-17 12:29:01,171.77,4.2,2.06,11.04,81.38,Tidak Stabil
2026-05-17 12:34:01,144.26,27.31,3.91,0.0,44.22,Tidak Stabil
2026-05-17 12:39:01,30.08,24.08,19.61,0.0,4.86,Stabil
2026-05-17 12:44:01,44.49,18.06,5.0,0.0,5.11,Stabil
2026-05-17 12:49:01,6.05,27.31,29.47,0.0,13.33,Stabil
2026-05-17 12:54:01,24.66,27.57,19.52,0.1,3.43,Stabil
2026-05-17 12:59:01,60.98,14.5,20.54,0.0,7.18,Stabil
2026-05-17 13:04:01,43.62,24.02,22.29,0.0,11.55,Stabil
2026-05-17 13:09:01,55.85,43.61,18.09,0.0,7.29,Stabil
2026-05-17 13:14:01,25.83,21.34,15.05,0.1,20.89,Stabil
2026-05-17 13:19:01,16.16,21.21,12.34,0.0,5.37,Stabil
2026-05-17 13:24:01,25.38,41.27,23.91,0.2,13.95,Stabil
2026-05-17 13:29:01,40.14,22.82,18.12,0.0,2.6,Stabil
2026-05-17 13:34:01,43.66,16.39,13.05,0.0,4.0,Stabil
2026-05-17 13:39:01,5.0,39.71,6.57,0.0,9.68,Stabil
2026-05-17 13:44:01,55.77,31.17,13.0,0.5,15.33,Stabil
2026-05-17 13:49:01,20.44,37.6,19.24,0.0,1.0,Stabil
2026-05-17 13:54:01,36.17,40.35,20.31,0.0,1.0,Stabil
2026-05-17 13:59:01,40.72,28.33,16.85,0.0,8.11,Stabil
2026-05-17 14:04:01,25.05,17.0,19.22,0.0,2.95,Stabil
2026-05-17 14:09:01,5.0,35.07,17.68,0.0,3.05,Stabil
2026-05-17 14:14:01,44.64,33.77,18.46,0.1,14.45,Stabil
2026-05-17 14:19:01,35.63,22.43,24.75,0.0,10.62,Stabil
2026-05-17 14:24:01,27.16,16.39,15.56,0.0,5.27,Stabil
2026-05-17 14:29:01,45.83,29.66,12.3,0.0,9.57,Stabil
2026-05-17 14:34:01,34.78,7.1,0.23,3.53,42.71,Tidak Stabil
2026-05-17 14:39:01,71.84,2.34,2.65,1.22,27.18,Tidak Stabil
2026-05-17 14:44:01,191.5,24.95,11.49,1.22,79.95,Tidak Stabil
2026-05-17 14:49:01,253.96,1.18,5.67,2.39,113.48,Tidak Stabil
2026-05-17 14:54:01,99.27,20.14,1.0,3.19,42.9,Tidak Stabil
2026-05-17 14:59:01,137.55,6.62,0.73,1.49,33.48,Tidak Stabil
2026-05-17 15:04:01,282.35,0.2,3.3,12.27,94.77,Tidak Stabil
2026-05-17 15:09:01,222.35,6.54,1.31,12.3,118.31,Tidak Stabil
2026-05-17 15:14:01,97.33,3.77,2.37,0.06,18.0,Tidak Stabil
2026-05-17 15:19:01,85.76,2.41,2.02,1.81,37.43,Tidak Stabil
2026-05-17 15:24:01,143.2,5.25,3.14,4.85,126.62,Tidak Stabil
2026-05-17 15:29:01,213.24,4.74,0.1,3.82,98.65,Tidak Stabil
2026-05-17 15:34:01,151.57,3.95,2.2,10.66,92.19,Tidak Stabil
2026-05-17 15:39:01,294.24,1.98,1.91,4.78,131.75,Tidak Stabil
2026-05-17 15:44:01,77.46,5.55,0.32,1.51,68.31,Tidak Stabil
2026-05-17 15:49:01,180.38,7.36,1.1,10.84,89.87,Tidak Stabil
2026-05-17 15:54:01,115.13,2.9,1.69,1.19,18.0,Tidak Stabil
2026-05-17 15:59:01,94.45,11.16,15.07,7.33,39.11,Tidak Stabil
2026-05-17 16:04:01,234.0,5.34,2.32,7.34,49.15,Tidak Stabil
2026-05-17 16:09:01,114.23,5.2,1.72,1.46,30.4,Tidak Stabil
2026-05-17 16:14:01,30.0,1.65,1.94,2.47,50.0,Tidak Stabil
2026-05-17 16:19:01,227.57,13.32,11.17,1.75,56.34,Tidak Stabil
2026-05-17 16:24:01,136.24,1.11,3.63,4.66,115.02,Tidak Stabil
2026-05-17 16:29:01,95.2,5.43,2.61,0.92,18.63,Tidak Stabil
2026-05-17 16:34:01,41.97,1.5,0.76,1.81,40.06,Tidak Stabil
2026-05-17 16:39:01,116.49,8.04,7.68,5.75,57.69,Tidak Stabil
2026-05-17 16:44:01,112.38,13.79,5.34,12.12,45.92,Tidak Stabil
2026-05-17 16:49:01,60.87,2.0,4.83,2.0,39.06,Tidak Stabil
2026-05-17 16:54:01,122.11,0.3,0.4,1.2,51.64,Tidak Stabil
2026-05-17 16:59:01,156.88,19.59,18.61,2.25,47.33,Tidak Stabil
2026-05-17 17:04:01,119.92,2.53,2.58,1.44,55.5,Tidak Stabil
2026-05-17 17:09:01,230.54,2.35,2.26,4.61,85.52,Tidak Stabil
2026-05-17 17:14:01,223.23,4.15,2.6,3.18,100.25,Tidak Stabil
2026-05-17 17:19:01,119.31,6.08,2.88,13.19,52.38,Tidak Stabil
2026-05-17 17:24:01,98.03,1.08,0.1,0.0,29.34,Tidak Stabil
2026-05-17 17:29:01,216.96,16.36,9.64,2.41,51.89,Tidak Stabil
2026-05-17 17:34:01,128.24,15.54,5.35,2.0,34.41,Tidak Stabil
2026-05-17 17:39:01,141.17,4.77,2.82,4.56,82.83,Tidak Stabil
2026-05-17 17:44:01,131.17,2.0,9.6,3.11,60.17,Tidak Stabil
2026-05-17 17:49:01,29.65,29.92,29.03,0.0,11.25,Stabil
2026-05-17 17:54:01,25.05,31.62,16.4,0.0,12.37,Stabil
2026-05-17 17:59:01,66.42,15.71,28.55,0.0,14.08,Stabil
2026-05-17 18:04:01,52.65,17.82,22.28,0.0,9.8,Stabil
2026-05-17 18:09:01,55.81,22.97,16.17,0.0,15.56,Stabil
2026-05-17 18:14:01,26.73,15.94,18.88,0.0,6.52,Stabil
2026-05-17 18:19:01,22.17,28.71,8.51,0.0,9.2,Stabil
2026-05-17 18:24:01,17.17,29.55,24.16,0.1,7.63,Stabil
2026-05-17 18:29:01,28.5,18.67,32.42,0.0,13.28,Stabil
2026-05-17 18:34:01,46.54,26.88,21.64,0.0,5.12,Stabil
2026-05-17 18:39:01,36.91,20.58,13.98,0.0,15.63,Stabil
2026-05-17 18:44:01,59.03,35.82,25.62,0.0,6.5,Stabil
2026-05-17 18:49:01,29.07,31.83,21.99,0.0,11.14,Stabil
2026-05-17 18:54:01,33.84,38.36,20.43,0.0,13.2,Stabil
2026-05-17 18:59:01,25.21,37.04,24.96,0.0,18.18,Stabil
2026-05-17 19:04:01,41.62,21.29,10.14,0.1,12.27,Stabil
2026-05-17 19:09:01,6.84,12.76,7.71,0.0,13.11,Stabil
2026-05-17 19:14:01,47.35,12.16,15.52,0.0,9.14,Stabil
2026-05-17 19:19:01,20.9,31.31,17.82,0.0,8.17,Stabil
2026-05-17 19:24:01,33.93,20.93,18.86,0.0,8.73,Stabil
2026-05-17 19:29:01,59.28,35.29,17.03,0.0,12.45,Stabil
2026-05-17 19:34:01,42.08,24.93,16.03,0.0,13.78,Stabil
2026-05-17 19:39:01,24.12,34.41,12.55,0.0,11.04,Stabil
2026-05-17 19:44:01,34.32,22.75,9.87,0.0,9.87,Stabil
2026-05-17 19:49:01,20.09,39.98,12.41,0.0,7.52,Stabil
2026-05-17 19:54:01,35.7,23.55,18.89,0.0,5.0,Stabil
2026-05-17 19:59:01,44.19,23.34,23.62,0.0,8.74,Stabil
2026-05-17 20:04:01,43.76,33.92,22.02,0.2,8.49,Stabil
2026-05-17 20:09:01,28.55,30.63,29.81,0.0,10.87,Stabil
2026-05-17 20:14:01,7.62,31.64,22.64,0.0,1.0,Stabil
2026-05-17 20:19:01,34.44,26.16,12.23,0.0,8.36,Stabil
2026-05-17 20:24:01,13.9,23.63,17.41,0.0,5.99,Stabil
2026-05-17 20:29:01,36.42,22.46,25.74,0.0,6.52,Stabil
2026-05-17 20:34:01,32.61,42.28,17.01,0.0,13.48,Stabil
2026-05-17 20:39:01,23.61,28.95,5.0,0.0,14.3,Stabil
2026-05-17 20:44:01,22.51,21.31,6.8,0.0,12.26,Stabil
2026-05-17 20:49:01,38.45,25.2,30.31,0.0,7.3,Stabil
2026-05-17 20:54:01,37.6,38.27,16.98,0.0,13.86,Stabil
2026-05-17 20:59:01,31.72,31.77,23.78,0.0,8.4,Stabil
2026-05-17 21:04:01,25.89,22.27,18.51,0.0,12.33,Stabil
2026-05-17 21:09:01,18.12,35.53,30.89,0.0,6.12,Stabil
2026-05-17 21:14:01,31.28,30.47,16.72,0.5,13.3,Stabil
2026-05-17 21:19:01,38.51,25.63,18.54,0.5,11.47,Stabil
2026-05-17 21:24:01,25.3,22.97,9.36,0.0,2.1,Stabil
2026-05-17 21:29:01,28.97,18.23,10.34,0.5,9.02,Stabil
2026-05-17 21:34:01,56.14,32.39,14.82,0.0,7.18,Stabil
2026-05-17 21:39:01,16.75,27.86,11.65,0.0,2.31,Stabil
2026-05-17 21:44:01,67.76,20.27,17.03,0.0,7.91,Stabil
2026-05-17 21:49:01,30.69,29.1,14.61,0.0,17.39,Stabil
2026-05-17 21:54:01,19.3,30.54,18.93,0.0,11.54,Stabil
2026-05-17 21:59:01,40.83,21.56,18.87,0.0,12.67,Stabil
2026-05-17 22:04:01,8.33,26.11,17.19,0.0,7.83,Stabil
2026-05-17 22:09:01,7.55,30.05,16.11,0.0,9.95,Stabil
2026-05-17 22:14:01,49.04,33.6,18.74,0.0,7.78,Stabil
2026-05-17 22:19:01,33.03,40.75,21.84,0.0,9.08,Stabil
2026-05-17 22:24:01,17.63,32.09,11.89,0.0,9.06,Stabil
2026-05-17 22:29:01,39.25,34.19,15.24,0.0,9.97,Stabil
2026-05-17 22:34:01,28.35,15.8,21.31,0.0,3.57,Stabil
2026-05-17 22:39:01,17.49,28.74,16.29,0.0,14.44,Stabil
2026-05-17 22:44:01,33.67,28.03,14.85,0.0,12.82,Stabil
2026-05-17 22:49:01,24.2,33.12,11.95,0.0,13.76,Stabil
2026-05-17 22:54:01,35.31,28.0,14.66,0.1,2.03,Stabil
2026-05-17 22:59:01,44.43,41.06,12.44,0.1,4.4,Stabil
2026-05-17 23:04:01,24.0,21.13,13.65,0.0,8.22,Stabil
2026-05-17 23:09:01,28.56,34.09,22.03,0.0,8.42,Stabil
2026-05-17 23:14:01,52.38,32.06,8.45,0.0,11.67,Stabil
2026-05-17 23:19:01,38.58,25.91,17.75,0.1,10.04,Stabil
2026-05-17 23:24:01,34.88,19.03,9.29,0.0,13.68,Stabil
2026-05-17 23:29:01,30.08,27.43,15.85,0.0,4.49,Stabil
2026-05-17 23:34:01,28.48,32.27,15.9,0.0,13.12,Stabil
2026-05-17 23:39:01,11.31,24.57,14.17,0.0,13.8,Stabil
2026-05-17 23:44:01,18.32,40.47,17.71,0.2,8.33,Stabil
2026-05-17 23:49:01,23.36,21.02,15.29,0.0,9.52,Stabil
2026-05-17 23:54:01,59.19,22.41,18.36,0.0,11.75,Stabil
2026-05-17 23:59:01,55.75,34.9,10.75,0.0,5.89,Stabil
2026-05-18 00:04:01,79.54,39.74,13.22,0.1,19.53,Stabil
2026-05-18 00:09:01,36.64,27.15,24.93,0.0,8.17,Stabil
2026-05-18 00:14:01,29.8,34.87,20.19,0.1,11.94,Stabil
2026-05-18 00:19:01,67.78,37.09,12.96,0.0,2.36,Stabil
2026-05-18 00:24:01,275.65,5.71,2.17,8.08,81.01,Tidak Stabil
2026-05-18 00:29:01,212.02,4.61,1.27,7.89,63.53,Tidak Stabil
2026-05-18 00:34:01,108.22,9.16,6.5,3.82,20.0,Tidak Stabil
2026-05-18 00:39:01,202.09,0.42,4.89,7.59,80.62,Tidak Stabil
2026-05-18 00:44:01,136.9,8.75,2.07,4.59,110.49,Tidak Stabil
2026-05-18 00:49:01,110.24,3.5,1.65,12.2,94.28,Tidak Stabil
2026-05-18 00:54:01,146.43,4.13,3.08,0.41,31.29,Tidak Stabil
2026-05-18 00:59:01,264.77,0.58,4.26,9.53,89.82,Tidak Stabil
2026-05-18 01:04:01,174.59,15.79,8.91,4.91,67.49,Tidak Stabil
2026-05-18 01:09:01,168.0,3.86,0.65,6.67,74.0,Tidak Stabil
2026-05-18 01:14:01,131.41,12.6,10.08,1.69,51.73,Tidak Stabil
2026-05-18 01:19:01,105.47,12.79,5.76,6.48,20.0,Tidak Stabil
2026-05-18 01:24:01,176.04,17.78,14.97,2.18,70.96,Tidak Stabil
2026-05-18 01:29:01,227.82,0.2,0.66,14.35,35.0,Tidak Stabil
2026-05-18 01:34:01,85.09,4.21,2.76,1.25,26.06,Tidak Stabil
2026-05-18 01:39:01,129.25,23.76,16.12,1.65,30.04,Tidak Stabil
2026-05-18 01:44:01,71.67,1.19,0.8,1.77,27.35,Tidak Stabil
2026-05-18 01:49:01,85.14,4.0,20.0,9.35,40.19,Tidak Stabil
2026-05-18 01:54:01,237.8,8.01,1.43,2.0,58.32,Tidak Stabil
2026-05-18 01:59:01,55.6,10.72,3.15,6.84,57.38,Tidak Stabil
2026-05-18 02:04:01,124.84,7.07,3.54,1.83,18.0,Tidak Stabil
2026-05-18 02:09:01,75.84,3.17,1.03,0.63,69.11,Tidak Stabil
2026-05-18 02:14:01,147.61,4.13,1.0,6.73,67.72,Tidak Stabil
2026-05-18 02:19:01,298.49,2.01,2.22,6.29,42.01,Tidak Stabil
2026-05-18 02:24:01,197.67,12.94,6.4,6.68,60.66,Tidak Stabil
2026-05-18 02:29:01,104.77,2.02,2.39,0.96,52.4,Tidak Stabil
2026-05-18 02:34:01,164.47,22.9,8.29,7.47,35.42,Tidak Stabil
2026-05-18 02:39:01,228.57,5.81,1.77,9.28,52.44,Tidak Stabil
2026-05-18 02:44:01,54.03,10.0,17.48,0.0,5.52,Stabil
2026-05-18 02:49:01,40.3,30.96,19.88,0.0,10.99,Stabil
2026-05-18 02:54:01,5.0,20.19,23.85,0.0,5.19,Stabil
2026-05-18 02:59:01,37.03,27.34,22.46,0.0,22.52,Stabil
2026-05-18 03:04:01,35.37,20.3,14.2,0.0,1.0,Stabil
2026-05-18 03:09:01,18.12,37.67,24.57,0.0,5.2,Stabil
2026-05-18 03:14:01,8.67,26.32,16.07,0.0,7.63,Stabil
2026-05-18 03:19:01,60.65,18.11,20.35,0.0,10.48,Stabil
2026-05-18 03:24:01,43.21,18.97,25.58,0.0,11.37,Stabil
2026-05-18 03:29:01,37.26,37.86,21.29,0.0,10.82,Stabil
2026-05-18 03:34:01,12.98,31.67,11.4,0.0,12.95,Stabil
2026-05-18 03:39:01,43.36,17.43,17.1,0.0,4.93,Stabil
2026-05-18 03:44:01,26.01,31.16,20.15,0.0,4.35,Stabil
2026-05-18 03:49:01,23.8,28.05,23.4,0.0,19.07,Stabil
2026-05-18 03:54:01,17.44,15.41,11.28,0.0,1.84,Stabil
2026-05-18 03:59:01,45.8,24.98,11.96,0.0,13.59,Stabil
2026-05-18 04:04:01,38.35,28.08,9.6,0.0,5.44,Stabil
2026-05-18 04:09:01,47.16,35.53,19.39,0.2,9.05,Stabil
2026-05-18 04:14:01,39.37,30.62,18.93,0.0,16.62,Stabil
2026-05-18 04:19:01,46.03,29.65,21.6,0.5,3.63,Stabil
2026-05-18 04:24:01,15.23,10.29,22.91,0.0,14.53,Stabil
2026-05-18 04:29:01,47.52,21.75,25.46,0.0,4.87,Stabil
2026-05-18 04:34:01,37.56,29.08,16.66,0.0,10.1,Stabil
2026-05-18 04:39:01,43.74,13.56,24.01,0.0,3.35,Stabil
2026-05-18 04:44:01,23.44,25.21,23.96,0.0,18.03,Stabil
2026-05-18 04:49:01,17.89,24.5,8.51,0.0,17.4,Stabil
2026-05-18 04:54:01,42.63,14.97,7.38,0.0,7.71,Stabil
2026-05-18 04:59:01,29.06,50.17,7.59,0.2,10.83,Stabil
2026-05-18 05:04:01,24.4,41.93,35.06,0.1,4.14,Stabil
2026-05-18 05:09:01,54.57,35.5,8.82,0.0,7.4,Stabil
2026-05-18 05:14:01,5.0,31.56,17.77,0.0,10.53,Stabil
2026-05-18 05:19:01,43.7,25.41,26.24,0.0,6.4,Stabil
2026-05-18 05:24:01,25.62,35.55,17.95,0.0,16.57,Stabil
2026-05-18 05:29:01,49.4,30.67,26.74,0.0,10.47,Stabil
2026-05-18 05:34:01,40.88,21.08,25.65,0.0,5.7,Stabil
2026-05-18 05:39:01,22.74,29.45,28.95,0.0,13.27,Stabil
2026-05-18 05:44:01,12.09,44.94,10.65,0.0,14.4,Stabil
2026-05-18 05:49:01,44.3,20.98,11.66,0.0,15.45,Stabil
2026-05-18 05:54:01,50.67,20.5,27.59,0.0,6.64,Stabil
2026-05-18 05:59:01,27.81,23.31,19.66,0.2,11.32,Stabil
2026-05-18 06:04:01,38.62,26.5,22.99,0.0,5.92,Stabil
2026-05-18 06:09:01,47.19,25.74,18.64,0.0,12.62,Stabil
2026-05-18 06:14:01,21.82,17.75,17.57,0.0,6.39,Stabil
2026-05-18 06:19:01,16.98,14.37,21.21,0.0,7.69,Stabil
2026-05-18 06:24:01,41.83,26.06,14.46,0.0,1.0,Stabil
2026-05-18 06:29:01,45.9,12.21,11.14,0.0,10.06,Stabil
2026-05-18 06:34:01,42.91,15.11,12.48,0.0,1.0,Stabil
2026-05-18 06:39:01,23.2,25.02,13.87,0.1,15.39,Stabil
2026-05-18 06:44:01,20.03,17.98,29.56,0.0,16.14,Stabil
2026-05-18 06:49:01,8.81,18.59,14.31,0.0,9.2,Stabil
2026-05-18 06:54:01,50.19,26.56,32.06,0.1,4.27,Stabil
2026-05-18 06:59:01,77.0,29.56,20.26,0.0,12.55,Stabil
2026-05-18 07:04:01,26.41,29.33,25.42,0.0,5.34,Stabil
2026-05-18 07:09:01,65.28,22.4,19.93,0.5,13.51,Stabil
2026-05-18 07:14:01,55.08,20.83,15.09,0.0,15.94,Stabil
2026-05-18 07:19:01,56.54,39.76,8.86,0.0,9.77,Stabil
2026-05-18 07:24:01,28.42,30.26,27.48,0.0,11.26,Stabil
2026-05-18 07:29:01,35.13,27.89,13.92,0.0,8.13,Stabil
2026-05-18 07:34:01,18.72,26.78,20.5,0.0,16.7,Stabil
2026-05-18 07:39:01,37.15,34.25,23.0,0.0,21.99,Stabil
2026-05-18 07:44:01,42.97,20.06,14.71,0.1,7.68,Stabil
2026-05-18 07:49:01,39.32,43.37,18.29,0.0,15.1,Stabil
2026-05-18 07:54:01,43.02,36.24,15.77,0.0,3.32,Stabil
2026-05-18 07:59:01,12.37,32.43,24.62,0.0,7.74,Stabil
2026-05-18 08:04:01,37.3,31.61,11.18,0.0,7.54,Stabil
2026-05-18 08:09:01,55.82,35.55,24.85,0.5,11.32,Stabil
2026-05-18 08:14:01,13.18,28.89,9.44,0.0,2.17,Stabil
2026-05-18 08:19:01,37.27,28.75,14.5,0.0,7.27,Stabil
2026-05-18 08:24:01,20.18,38.17,19.97,0.0,9.81,Stabil
2026-05-18 08:29:01,146.98,22.47,6.75,2.04,53.69,Tidak Stabil
2026-05-18 08:34:01,148.65,33.31,7.94,0.89,78.42,Tidak Stabil
2026-05-18 08:39:01,162.65,23.37,6.53,0.34,71.94,Tidak Stabil
2026-05-18 08:44:01,135.68,0.2,0.58,6.51,83.23,Tidak Stabil
2026-05-18 08:49:01,175.11,4.08,3.63,7.54,85.45,Tidak Stabil
2026-05-18 08:54:01,104.31,20.59,10.96,0.65,60.2,Tidak Stabil
2026-05-18 08:59:01,108.56,0.44,2.58,0.06,63.29,Tidak Stabil
2026-05-18 09:04:01,104.16,11.71,9.7,6.51,32.12,Tidak Stabil
2026-05-18 09:09:01,201.94,1.74,0.78,10.6,35.0,Tidak Stabil
2026-05-18 09:14:01,182.89,11.57,11.22,4.94,54.15,Tidak Stabil
2026-05-18 09:19:01,86.65,10.8,14.96,5.23,49.22,Tidak Stabil
2026-05-18 09:24:01,276.85,5.27,2.11,9.35,135.94,Tidak Stabil
2026-05-18 09:29:01,85.38,5.04,1.79,0.42,23.48,Tidak Stabil
2026-05-18 09:34:01,30.0,2.45,3.22,0.0,46.84,Tidak Stabil
2026-05-18 09:39:01,238.36,4.42,4.19,5.56,88.2,Tidak Stabil
2026-05-18 09:44:01,123.41,4.16,1.8,1.97,53.73,Tidak Stabil
2026-05-18 09:49:01,116.82,17.49,7.15,7.39,20.0,Tidak Stabil
2026-05-18 09:54:01,200.4,3.38,2.73,5.99,48.22,Tidak Stabil
2026-05-18 09:59:01,105.67,5.4,3.24,2.01,32.55,Tidak Stabil
2026-05-18 10:04:01,80.84,12.06,12.6,7.39,47.58,Tidak Stabil
2026-05-18 10:09:01,95.0,18.66,16.68,3.24,70.56,Tidak Stabil
2026-05-18 10:14:01,172.4,4.7,6.32,9.51,28.03,Tidak Stabil
2026-05-18 10:19:01,35.12,3.49,1.0,3.56,32.47,Tidak Stabil
2026-05-18 10:24:01,54.41,15.45,14.82,0.5,10.48,Stabil
2026-05-18 10:29:01,20.02,38.02,18.56,0.0,14.59,Stabil
2026-05-18 10:34:01,42.19,32.32,21.68,0.0,9.59,Stabil
2026-05-18 10:39:01,38.09,24.1,21.66,0.0,11.4,Stabil
2026-05-18 10:44:01,32.08,28.27,15.16,0.0,9.09,Stabil
2026-05-18 10:49:01,27.24,32.48,9.38,0.0,10.67,Stabil
2026-05-18 10:54:01,22.56,28.17,15.42,0.0,10.4,Stabil
2026-05-18 10:59:01,67.96,37.62,18.4,0.0,7.84,Stabil
2026-05-18 11:04:01,25.07,31.19,28.25,0.0,14.58,Stabil
2026-05-18 11:09:01,39.35,30.51,22.38,0.0,16.71,Stabil
2026-05-18 11:14:01,43.5,36.55,11.51,0.1,2.49,Stabil
2026-05-18 11:19:01,35.45,28.52,15.37,0.0,1.26,Stabil
2026-05-18 11:24:01,27.73,14.91,26.97,0.0,3.2,Stabil
2026-05-18 11:29:01,20.44,22.49,25.38,0.2,16.02,Stabil
2026-05-18 11:34:01,70.0,31.23,17.15,0.0,5.72,Stabil
2026-05-18 11:39:01,35.42,14.52,21.56,0.0,13.8,Stabil
2026-05-18 11:44:01,5.0,38.23,18.33,0.0,12.18,Stabil
2026-05-18 11:49:01,43.39,17.15,16.56,0.0,10.06,Stabil
2026-05-18 11:54:01,50.05,38.12,16.85,0.2,7.0,Stabil
2026-05-18 11:59:01,28.68,33.7,16.93,0.0,4.01,Stabil
2026-05-18 12:04:01,26.59,26.6,18.79,0.2,11.81,Stabil
2026-05-18 12:09:01,5.0,22.38,19.78,0.0,9.45,Stabil
2026-05-18 12:14:01,20.41,31.73,23.46,0.0,14.69,Stabil
2026-05-18 12:19:01,32.31,27.24,21.06,0.0,16.19,Stabil
2026-05-18 12:24:01,32.38,18.03,13.04,0.1,5.67,Stabil
2026-05-18 12:29:01,61.4,28.93,17.39,0.0,8.24,Stabil
2026-05-18 12:34:01,32.16,26.75,16.65,0.5,6.86,Stabil
2026-05-18 12:39:01,38.47,22.63,10.53,0.0,9.47,Stabil
2026-05-18 12:44:01,55.7,32.47,22.96,0.0,16.13,Stabil
2026-05-18 12:49:01,40.34,43.54,22.7,0.0,5.77,Stabil
2026-05-18 12:54:01,48.91,22.96,20.24,0.0,10.84,Stabil
2026-05-18 12:59:01,16.24,33.84,24.81,0.0,13.04,Stabil
2026-05-18 13:04:01,19.23,20.18,17.69,0.0,6.14,Stabil
2026-05-18 13:09:01,31.52,21.83,20.31,0.0,1.0,Stabil
2026-05-18 13:14:01,23.8,31.35,21.4,0.1,14.97,Stabil
2026-05-18 13:19:01,49.28,27.02,16.91,0.0,15.39,Stabil
2026-05-18 13:24:01,37.46,30.64,12.53,0.0,11.3,Stabil
2026-05-18 13:29:01,39.11,23.71,12.53,0.0,14.97,Stabil
2026-05-18 13:34:01,28.83,27.79,14.05,0.1,15.2,Stabil
2026-05-18 13:39:01,43.67,36.67,19.14,0.0,1.0,Stabil
2026-05-18 13:44:01,49.01,24.54,25.64,0.0,9.68,Stabil
2026-05-18 13:49:01,39.37,48.94,9.05,0.0,10.61,Stabil
2026-05-18 13:54:01,37.15,21.5,22.93,0.0,10.7,Stabil
2026-05-18 13:59:01,38.23,19.4,18.09,0.0,7.47,Stabil
2026-05-18 14:04:01,46.26,27.58,15.65,0.0,11.02,Stabil
2026-05-18 14:09:01,120.43,19.91,9.29,7.17,56.52,Tidak Stabil
2026-05-18 14:14:01,105.84,7.31,2.8,1.85,18.0,Tidak Stabil
2026-05-18 14:19:01,144.16,9.03,10.75,2.02,92.99,Tidak Stabil
2026-05-18 14:24:01,131.88,17.04,13.39,2.52,66.29,Tidak Stabil
2026-05-18 14:29:01,109.8,3.56,2.07,0.66,22.61,Tidak Stabil
2026-05-18 14:34:01,116.58,4.19,2.81,0.64,31.73,Tidak Stabil
2026-05-18 14:39:01,213.7,4.59,3.15,10.15,106.54,Tidak Stabil
2026-05-18 14:44:01,137.28,3.99,2.53,0.51,32.21,Tidak Stabil
2026-05-18 14:49:01,30.0,4.11,1.95,0.0,41.8,Tidak Stabil
2026-05-18 14:54:01,72.56,1.48,2.03,0.41,18.0,Tidak Stabil
2026-05-18 14:59:01,150.13,5.77,0.1,10.5,138.44,Tidak Stabil
2026-05-18 15:04:01,221.16,6.41,3.6,8.42,99.96,Tidak Stabil
2026-05-18 15:09:01,127.59,17.42,3.46,9.33,26.9,Tidak Stabil
2026-05-18 15:14:01,95.32,12.5,6.97,10.9,54.09,Tidak Stabil
2026-05-18 15:19:01,103.66,5.52,0.72,2.13,66.59,Tidak Stabil
2026-05-18 15:24:01,140.57,12.07,7.13,5.45,20.0,Tidak Stabil
2026-05-18 15:29:01,26.57,41.28,24.47,0.0,6.14,Stabil
2026-05-18 15:34:01,35.76,29.36,6.68,0.0,8.14,Stabil
2026-05-18 15:39:01,28.56,17.14,14.77,0.0,7.39,Stabil
2026-05-18 15:44:01,25.93,11.3,16.24,0.0,4.56,Stabil
2026-05-18 15:49:01,21.15,28.61,19.93,0.0,17.01,Stabil
2026-05-18 15:54:01,7.41,17.88,18.33,0.0,5.35,Stabil
2026-05-18 15:59:01,60.29,26.21,21.09,0.0,13.41,Stabil
2026-05-18 16:04:01,24.43,29.64,12.48,0.0,17.58,Stabil
2026-05-18 16:09:01,39.73,36.01,16.48,0.0,9.61,Stabil
2026-05-18 16:14:01,37.51,33.87,26.2,0.0,11.57,Stabil
2026-05-18 16:19:01,37.53,21.33,26.86,0.0,13.61,Stabil
2026-05-18 16:24:01,45.49,37.27,15.26,0.0,3.22,Stabil
2026-05-18 16:29:01,6.07,30.92,18.2,0.0,2.26,Stabil
2026-05-18 16:34:01,40.43,18.22,6.94,0.0,5.9,Stabil
2026-05-18 16:39:01,47.28,34.32,26.49,0.0,6.88,Stabil
2026-05-18 16:44:01,41.63,13.69,13.51,0.0,1.08,Stabil
2026-05-18 16:49:01,36.13,37.26,10.16,0.0,6.44,Stabil
2026-05-18 16:54:01,60.17,28.86,16.24,0.0,8.0,Stabil
2026-05-18 16:59:01,16.25,15.1,14.2,0.0,15.28,Stabil
2026-05-18 17:04:01,15.23,32.88,20.27,0.0,18.77,Stabil
2026-05-18 17:09:01,26.07,33.75,18.95,0.0,14.97,Stabil
2026-05-18 17:14:01,37.55,29.6,26.67,0.0,12.9,Stabil
2026-05-18 17:19:01,24.38,28.61,21.78,0.0,1.85,Stabil
2026-05-18 17:24:01,35.49,40.29,28.7,0.0,10.37,Stabil
2026-05-18 17:29:01,47.71,29.85,8.04,0.0,2.88,Stabil
2026-05-18 17:34:01,29.69,28.68,26.46,0.0,10.1,Stabil
2026-05-18 17:39:01,47.97,22.43,23.55,0.0,5.43,Stabil
2026-05-18 17:44:01,48.61,36.72,13.99,0.0,14.02,Stabil
2026-05-18 17:49:01,23.97,43.54,23.8,0.0,17.12,Stabil
2026-05-18 17:54:01,45.74,35.29,12.23,0.0,12.17,Stabil
2026-05-18 17:59:01,12.18,22.09,22.01,0.0,7.02,Stabil
2026-05-18 18:04:01,12.9,30.82,10.94,0.0,13.15,Stabil
2026-05-18 18:09:01,17.82,35.2,15.02,0.0,15.56,Stabil
2026-05-18 18:14:01,49.2,34.57,18.03,0.0,2.36,Stabil
2026-05-18 18:19:01,43.86,38.49,27.09,0.0,9.35,Stabil
2026-05-18 18:24:01,43.43,31.12,19.69,0.0,11.88,Stabil
2026-05-18 18:29:01,34.4,29.28,11.8,0.5,12.11,Stabil
2026-05-18 18:34:01,50.32,34.58,22.19,0.0,15.58,Stabil
2026-05-18 18:39:01,20.03,27.79,8.29,0.0,9.1,Stabil
2026-05-18 18:44:01,162.7,21.79,12.96,0.0,67.21,Tidak Stabil
2026-05-18 18:49:01,169.28,14.58,8.73,1.34,56.62,Tidak Stabil
2026-05-18 18:54:01,95.0,12.53,3.08,4.06,56.07,Tidak Stabil
2026-05-18 18:59:01,139.64,9.84,6.01,7.12,24.43,Tidak Stabil
2026-05-18 19:04:01,100.51,3.41,1.94,0.11,30.59,Tidak Stabil
2026-05-18 19:09:01,84.01,11.18,9.25,6.51,33.59,Tidak Stabil
2026-05-18 19:14:01,186.22,6.67,8.69,0.98,31.03,Tidak Stabil
2026-05-18 19:19:01,243.94,11.19,14.49,0.0,45.44,Tidak Stabil
2026-05-18 19:24:01,88.82,3.29,2.13,1.81,39.17,Tidak Stabil
2026-05-18 19:29:01,130.52,2.0,2.68,6.39,107.36,Tidak Stabil
2026-05-18 19:34:01,131.44,3.66,0.1,3.06,27.82,Tidak Stabil
2026-05-18 19:39:01,324.15,1.99,0.62,14.34,113.68,Tidak Stabil
2026-05-18 19:44:01,74.06,15.2,4.12,6.5,80.58,Tidak Stabil
2026-05-18 19:49:01,218.96,4.72,4.51,7.85,107.7,Tidak Stabil
2026-05-18 19:54:01,46.83,22.12,5.47,8.23,75.89,Tidak Stabil
2026-05-18 19:59:01,213.3,4.06,3.54,3.17,134.05,Tidak Stabil
2026-05-18 20:04:01,100.52,0.3,2.12,2.51,34.74,Tidak Stabil
2026-05-18 20:09:01,200.46,3.93,4.2,8.59,119.11,Tidak Stabil
2026-05-18 20:14:01,81.64,1.92,2.14,1.37,23.76,Tidak Stabil
2026-05-18 20:19:01,102.15,16.79,9.23,3.21,82.75,Tidak Stabil
2026-05-18 20:24:01,119.49,9.45,13.63,10.14,48.03,Tidak Stabil
2026-05-18 20:29:01,203.01,1.68,2.29,13.84,78.78,Tidak Stabil
2026-05-18 20:34:01,160.4,28.3,4.92,1.5,38.95,Tidak Stabil
2026-05-18 20:39:01,130.51,4.88,3.77,2.44,18.0,Tidak Stabil
2026-05-18 20:44:01,67.67,4.75,2.24,0.72,21.82,Tidak Stabil
2026-05-18 20:49:01,185.91,19.25,11.84,3.09,31.88,Tidak Stabil
2026-05-18 20:54:01,142.44,16.04,5.5,1.6,30.0,Tidak Stabil
2026-05-18 20:59:01,61.55,3.26,1.37,0.59,54.84,Tidak Stabil
2026-05-18 21:04:01,129.05,0.2,2.91,8.34,101.43,Tidak Stabil
2026-05-18 21:09:01,197.24,0.2,0.1,11.1,145.58,Tidak Stabil
2026-05-18 21:14:01,124.61,15.33,1.0,6.22,32.94,Tidak Stabil
2026-05-18 21:19:01,163.93,5.88,1.75,1.36,18.0,Tidak Stabil
2026-05-18 21:24:01,58.45,5.84,2.19,0.0,28.76,Tidak Stabil
2026-05-18 21:29:01,214.95,0.2,1.22,4.53,95.47,Tidak Stabil
2026-05-18 21:34:01,168.7,29.77,5.68,7.14,63.27,Tidak Stabil
2026-05-18 21:39:01,205.43,28.46,18.15,1.17,59.56,Tidak Stabil
2026-05-18 21:44:01,112.32,2.0,9.96,9.95,49.14,Tidak Stabil
2026-05-18 21:49:01,137.19,4.45,1.74,11.98,107.09,Tidak Stabil
2026-05-18 21:54:01,108.36,3.01,1.24,1.04,20.44,Tidak Stabil
2026-05-18 21:59:01,204.31,6.2,2.5,6.74,91.95,Tidak Stabil
2026-05-18 22:04:01,74.95,6.07,2.43,1.57,18.0,Tidak Stabil
2026-05-18 22:09:01,100.95,1.18,0.63,1.74,18.0,Tidak Stabil
2026-05-18 22:14:01,30.53,32.95,20.5,0.0,8.07,Stabil
2026-05-18 22:19:01,37.0,18.82,15.52,0.0,21.9,Stabil
2026-05-18 22:24:01,33.73,17.34,13.14,0.0,19.51,Stabil
2026-05-18 22:29:01,5.38,23.37,13.45,0.0,1.65,Stabil
2026-05-18 22:34:01,48.85,31.61,15.5,0.5,9.33,Stabil
2026-05-18 22:39:01,26.09,24.99,26.22,0.0,6.26,Stabil
2026-05-18 22:44:01,7.58,40.94,15.94,0.0,6.14,Stabil
2026-05-18 22:49:01,21.13,30.18,20.6,0.0,4.82,Stabil
2026-05-18 22:54:01,51.3,14.27,14.87,0.0,5.44,Stabil
2026-05-18 22:59:01,27.24,39.22,21.48,0.0,14.4,Stabil
2026-05-18 23:04:01,22.07,23.3,25.76,0.0,6.12,Stabil
2026-05-18 23:09:01,7.21,42.07,14.38,0.0,8.33,Stabil
2026-05-18 23:14:01,22.84,20.49,17.53,0.0,14.72,Stabil
2026-05-18 23:19:01,41.9,30.01,17.72,0.0,7.88,Stabil
2026-05-18 23:24:01,51.25,22.23,12.77,0.5,6.28,Stabil
2026-05-18 23:29:01,13.4,26.37,11.79,0.0,14.97,Stabil
2026-05-18 23:34:01,33.33,26.32,12.3,0.0,11.35,Stabil
2026-05-18 23:39:01,50.38,30.99,21.9,0.0,7.23,Stabil
2026-05-18 23:44:01,24.22,42.66,20.07,0.0,6.9,Stabil
2026-05-18 23:49:01,27.9,19.35,10.74,0.0,13.49,Stabil
2026-05-18 23:54:01,34.76,25.83,9.05,0.0,8.0,Stabil
2026-05-18 23:59:01,56.04,25.25,22.3,0.0,12.14,Stabil
2026-05-19 00:04:01,33.82,29.84,5.03,0.0,7.89,Stabil
2026-05-19 00:09:01,42.23,33.36,12.73,0.5,9.61,Stabil
2026-05-19 00:14:01,62.29,31.74,24.83,0.2,1.0,Stabil
2026-05-19 00:19:01,27.22,21.33,20.39,0.0,7.63,Stabil
2026-05-19 00:24:01,31.46,24.08,5.0,0.0,11.93,Stabil
2026-05-19 00:29:01,49.52,20.62,9.09,0.0,12.22,Stabil
2026-05-19 00:34:01,5.0,25.65,23.41,0.0,6.94,Stabil
2026-05-19 00:39:01,18.78,32.31,6.23,0.0,11.8,Stabil
2026-05-19 00:44:01,45.41,33.8,26.16,0.2,4.9,Stabil
2026-05-19 00:49:01,19.73,30.91,13.89,0.1,11.56,Stabil
2026-05-19 00:54:01,5.0,30.78,17.09,0.2,7.17,Stabil
2026-05-19 00:59:01,34.68,24.75,17.02,0.0,13.35,Stabil
2026-05-19 01:04:01,18.07,47.14,22.34,0.0,10.94,Stabil
2026-05-19 01:09:01,26.7,18.14,14.34,0.1,14.09,Stabil
2026-05-19 01:14:01,64.1,33.94,25.47,0.0,7.08,Stabil
2026-05-19 01:19:01,33.12,23.68,20.6,0.0,13.0,Stabil
2026-05-19 01:24:01,19.36,29.63,20.63,0.0,12.6,Stabil
2026-05-19 01:29:01,42.98,27.69,19.95,0.0,14.27,Stabil
2026-05-19 01:34:01,53.23,43.21,8.47,0.0,5.66,Stabil
2026-05-19 01:39:01,8.72,42.41,23.27,0.0,6.02,Stabil
2026-05-19 01:44:01,32.22,23.13,19.87,0.0,12.35,Stabil
2026-05-19 01:49:01,34.61,26.47,21.55,0.0,1.0,Stabil
2026-05-19 01:54:01,30.16,36.95,11.22,0.0,8.87,Stabil
2026-05-19 01:59:01,26.53,29.46,19.71,0.0,18.52,Stabil
2026-05-19 02:04:01,15.07,29.32,26.24,0.0,8.59,Stabil
2026-05-19 02:09:01,41.89,22.23,21.55,0.0,6.11,Stabil
2026-05-19 02:14:01,52.44,26.78,22.29,0.0,8.03,Stabil
2026-05-19 02:19:01,60.76,30.73,26.08,0.0,13.15,Stabil
2026-05-19 02:24:01,48.85,32.41,11.16,0.0,18.5,Stabil
2026-05-19 02:29:01,44.76,31.0,12.75,0.2,3.69,Stabil
2026-05-19 02:34:01,16.25,30.45,21.31,0.0,13.63,Stabil
2026-05-19 02:39:01,36.09,36.48,16.06,0.0,13.7,Stabil
2026-05-19 02:44:01,8.81,26.54,22.13,0.0,11.7,Stabil
2026-05-19 02:49:01,43.59,31.63,18.41,0.0,19.28,Stabil
2026-05-19 02:54:01,19.34,34.78,29.19,0.0,8.39,Stabil
2026-05-19 02:59:01,43.71,44.01,17.19,0.0,15.07,Stabil
2026-05-19 03:04:01,41.88,35.27,20.0,0.0,8.1,Stabil
2026-05-19 03:09:01,24.38,31.21,22.49,0.0,11.61,Stabil
2026-05-19 03:14:01,14.25,11.25,27.05,0.0,12.56,Stabil
2026-05-19 03:19:01,52.88,38.67,20.02,0.0,15.42,Stabil
2026-05-19 03:24:01,37.38,24.83,15.73,0.0,1.0,Stabil
2026-05-19 03:29:01,5.0,20.36,14.1,0.0,3.37,Stabil
2026-05-19 03:34:01,36.01,31.44,15.92,0.0,5.61,Stabil
2026-05-19 03:39:01,27.02,28.3,11.6,0.0,11.18,Stabil
2026-05-19 03:44:01,59.74,3.99,1.04,0.0,35.33,Tidak Stabil
2026-05-19 03:49:01,104.24,16.19,5.89,1.39,50.84,Tidak Stabil
2026-05-19 03:54:01,98.01,4.26,2.04,1.38,18.0,Tidak Stabil
2026-05-19 03:59:01,218.2,28.34,7.71,0.0,51.35,Tidak Stabil
2026-05-19 04:04:01,30.0,3.64,2.34,1.53,30.66,Tidak Stabil
2026-05-19 04:09:01,212.36,0.78,0.39,4.26,117.57,Tidak Stabil
2026-05-19 04:14:01,224.14,10.31,14.49,0.19,77.38,Tidak Stabil
2026-05-19 04:19:01,236.85,0.96,1.63,5.26,35.0,Tidak Stabil
2026-05-19 04:24:01,227.24,6.77,3.21,10.4,105.41,Tidak Stabil
2026-05-19 04:29:01,127.01,3.58,2.1,0.62,21.03,Tidak Stabil
2026-05-19 04:34:01,100.84,14.55,13.05,3.52,59.28,Tidak Stabil
2026-05-19 04:39:01,143.9,11.71,7.31,3.4,34.8,Tidak Stabil
2026-05-19 04:44:01,179.52,5.45,16.53,2.17,68.78,Tidak Stabil
2026-05-19 04:49:01,130.46,3.98,2.65,1.11,30.98,Tidak Stabil
2026-05-19 04:54:01,125.75,22.39,4.22,9.75,76.91,Tidak Stabil
2026-05-19 04:59:01,114.12,2.52,1.94,1.47,26.18,Tidak Stabil
2026-05-19 05:04:01,123.61,4.39,1.54,1.46,61.07,Tidak Stabil
2026-05-19 05:09:01,184.4,2.31,3.06,9.5,46.58,Tidak Stabil
2026-05-19 05:14:01,152.58,3.22,0.52,12.27,77.45,Tidak Stabil
2026-05-19 05:19:01,81.65,0.36,2.94,2.07,18.0,Tidak Stabil
2026-05-19 05:24:01,114.55,17.13,6.24,1.26,58.55,Tidak Stabil
2026-05-19 05:29:01,27.54,38.14,17.16,0.0,7.8,Stabil
2026-05-19 05:34:01,22.88,21.9,24.26,0.0,7.54,Stabil
2026-05-19 05:39:01,31.51,28.62,22.18,0.0,10.96,Stabil
2026-05-19 05:44:01,66.98,29.97,13.75,0.0,19.02,Stabil
2026-05-19 05:49:01,17.05,33.5,24.29,0.0,7.93,Stabil
2026-05-19 05:54:01,20.83,27.59,12.76,0.1,6.99,Stabil
2026-05-19 05:59:01,36.03,11.02,13.1,0.0,12.35,Stabil
2026-05-19 06:04:01,49.82,31.57,14.16,0.0,7.74,Stabil
2026-05-19 06:09:01,28.58,26.21,24.17,0.0,18.88,Stabil
2026-05-19 06:14:01,35.48,13.32,16.92,0.0,9.49,Stabil
2026-05-19 06:19:01,52.09,24.18,14.3,0.0,6.47,Stabil
2026-05-19 06:24:01,46.35,21.13,11.51,0.0,15.4,Stabil
2026-05-19 06:29:01,45.38,10.0,18.09,0.0,12.28,Stabil
2026-05-19 06:34:01,33.34,22.32,21.91,0.0,21.09,Stabil
2026-05-19 06:39:01,47.96,38.94,17.16,0.0,15.86,Stabil
2026-05-19 06:44:01,35.26,34.37,22.31,0.5,5.44,Stabil
2026-05-19 06:49:01,21.26,30.09,20.24,0.2,10.86,Stabil
2026-05-19 06:54:01,26.17,28.1,10.99,0.0,2.81,Stabil
2026-05-19 06:59:01,54.92,25.51,13.84,0.0,9.18,Stabil
2026-05-19 07:04:01,41.03,35.59,15.22,0.0,14.52,Stabil
2026-05-19 07:09:01,55.95,41.99,23.75,0.0,10.21,Stabil
2026-05-19 07:14:01,43.32,38.75,14.26,0.0,6.28,Stabil
2026-05-19 07:19:01,42.73,19.97,17.34,0.0,2.55,Stabil
2026-05-19 07:24:01,16.04,30.61,26.17,0.5,6.94,Stabil
2026-05-19 07:29:01,36.85,24.46,23.88,0.0,12.6,Stabil
2026-05-19 07:34:01,34.83,32.53,15.1,0.0,10.39,Stabil
2026-05-19 07:39:01,42.6,29.46,13.33,0.0,7.46,Stabil
2026-05-19 07:44:01,14.89,14.54,25.9,0.0,13.88,Stabil
2026-05-19 07:49:01,47.88,20.19,31.23,0.0,4.26,Stabil
2026-05-19 07:54:01,31.29,22.22,20.64,0.0,3.28,Stabil
2026-05-19 07:59:01,31.2,18.41,16.95,0.0,7.56,Stabil
2026-05-19 08:04:01,37.74,26.3,19.5,0.0,7.99,Stabil
2026-05-19 08:09:01,66.07,19.29,17.99,0.0,5.08,Stabil
2026-05-19 08:14:01,39.74,37.38,15.14,0.0,8.64,Stabil
2026-05-19 08:19:01,22.41,28.88,8.26,0.0,1.0,Stabil
2026-05-19 08:24:01,8.05,29.3,23.17,0.0,13.32,Stabil
2026-05-19 08:29:01,12.98,12.96,26.3,0.5,11.66,Stabil
2026-05-19 08:34:01,42.6,10.93,30.6,0.0,15.15,Stabil
2026-05-19 08:39:01,24.05,36.12,17.26,0.0,21.04,Stabil
2026-05-19 08:44:01,36.88,35.98,18.26,0.5,11.94,Stabil
2026-05-19 08:49:01,23.12,39.16,13.43,0.0,16.49,Stabil
2026-05-19 08:54:01,44.21,42.63,31.39,0.0,15.79,Stabil
2026-05-19 08:59:01,5.0,35.42,17.47,0.2,7.8,Stabil
2026-05-19 09:04:01,52.03,22.07,27.23,0.0,7.18,Stabil
2026-05-19 09:09:01,31.9,24.25,5.95,0.5,13.14,Stabil
2026-05-19 09:14:01,30.63,22.68,14.5,0.0,8.5,Stabil
2026-05-19 09:19:01,36.71,26.1,9.04,0.0,10.48,Stabil
2026-05-19 09:24:01,62.68,36.23,12.47,0.0,9.99,Stabil
2026-05-19 09:29:01,43.3,15.52,24.57,0.0,1.0,Stabil
2026-05-19 09:34:01,13.87,10.0,30.67,0.0,18.51,Stabil
2026-05-19 09:39:01,47.67,21.3,19.89,0.0,14.14,Stabil
2026-05-19 09:44:01,47.03,28.81,31.07,0.0,5.75,Stabil
2026-05-19 09:49:01,29.02,21.96,21.0,0.0,8.0,Stabil
2026-05-19 09:54:01,63.36,24.76,13.21,0.0,6.69,Stabil
2026-05-19 09:59:01,40.15,32.15,21.93,0.0,14.69,Stabil
2026-05-19 10:04:01,53.31,22.02,21.58,0.0,6.71,Stabil
2026-05-19 10:09:01,15.62,33.33,22.93,0.2,4.65,Stabil
2026-05-19 10:14:01,49.49,32.48,6.08,0.0,3.09,Stabil
2026-05-19 10:19:01,51.92,36.54,20.55,0.0,10.27,Stabil
2026-05-19 10:24:01,46.44,15.85,27.91,0.0,9.36,Stabil
2026-05-19 10:29:01,72.31,26.24,22.44,0.0,17.95,Stabil
2026-05-19 10:34:01,55.78,23.04,5.0,0.5,7.32,Stabil
2026-05-19 10:39:01,39.8,31.32,19.36,0.0,14.38,Stabil
2026-05-19 10:44:01,124.66,7.3,2.64,2.37,33.88,Tidak Stabil
2026-05-19 10:49:01,209.77,5.04,0.1,7.04,83.86,Tidak Stabil
2026-05-19 10:54:01,217.67,7.92,9.12,0.62,77.62,Tidak Stabil
2026-05-19 10:59:01,108.99,5.77,2.28,1.77,42.1,Tidak Stabil
2026-05-19 11:04:01,164.56,15.06,12.03,0.64,56.43,Tidak Stabil
2026-05-19 11:09:01,156.52,11.12,7.12,2.48,63.3,Tidak Stabil
2026-05-19 11:14:01,188.23,21.46,16.32,2.15,45.0,Tidak Stabil
2026-05-19 11:19:01,95.0,12.59,17.98,2.28,58.0,Tidak Stabil
2026-05-19 11:24:01,159.48,5.35,1.51,0.13,22.43,Tidak Stabil
2026-05-19 11:29:01,244.89,2.99,3.82,3.87,81.3,Tidak Stabil
2026-05-19 11:34:01,72.84,5.83,1.64,1.47,62.1,Tidak Stabil
2026-05-19 11:39:01,171.23,14.97,9.1,0.13,67.01,Tidak Stabil
2026-05-19 11:44:01,117.24,11.3,10.92,8.26,40.94,Tidak Stabil
2026-05-19 11:49:01,30.0,3.57,2.31,0.6,36.12,Tidak Stabil
2026-05-19 11:54:01,68.05,4.15,1.31,0.59,24.6,Tidak Stabil
2026-05-19 11:59:01,151.88,5.23,0.1,0.51,38.64,Tidak Stabil
2026-05-19 12:04:01,122.95,19.6,2.91,7.93,65.19,Tidak Stabil
2026-05-19 12:09:01,214.67,7.89,3.65,4.63,104.0,Tidak Stabil
2026-05-19 12:14:01,153.47,3.72,3.97,10.04,94.65,Tidak Stabil
2026-05-19 12:19:01,108.78,13.35,12.53,8.42,48.61,Tidak Stabil
2026-05-19 12:24:01,71.68,12.06,8.69,6.2,66.95,Tidak Stabil
2026-05-19 12:29:01,115.75,2.47,2.24,1.3,32.5,Tidak Stabil
2026-05-19 12:34:01,33.55,21.08,17.91,0.0,8.4,Stabil
2026-05-19 12:39:01,28.47,24.52,7.7,0.1,15.12,Stabil
2026-05-19 12:44:01,58.07,34.84,21.21,0.1,14.05,Stabil
2026-05-19 12:49:01,39.44,13.9,19.68,0.1,14.48,Stabil
2026-05-19 12:54:01,36.37,27.15,15.14,0.2,19.79,Stabil
2026-05-19 12:59:01,47.73,30.72,20.73,0.0,9.25,Stabil
2026-05-19 13:04:01,18.27,38.41,14.82,0.0,1.74,Stabil
2026-05-19 13:09:01,27.18,22.81,18.7,0.0,6.25,Stabil
2026-05-19 13:14:01,43.82,33.78,14.09,0.0,8.05,Stabil
2026-05-19 13:19:01,34.23,38.52,11.93,0.0,7.49,Stabil
2026-05-19 13:24:01,31.34,16.28,24.8,0.0,5.45,Stabil
2026-05-19 13:29:01,54.75,28.65,18.26,0.0,8.21,Stabil
2026-05-19 13:34:01,6.58,53.12,17.1,0.0,15.91,Stabil
2026-05-19 13:39:01,55.45,20.34,19.16,0.0,9.31,Stabil
2026-05-19 13:44:01,5.0,27.7,22.93,0.0,16.41,Stabil
2026-05-19 13:49:01,31.33,28.58,27.12,0.0,22.18,Stabil
2026-05-19 13:54:01,14.97,27.32,29.65,0.0,9.89,Stabil
2026-05-19 13:59:01,55.53,27.88,19.0,0.0,8.6,Stabil
2026-05-19 14:04:01,36.69,22.01,10.34,0.0,7.57,Stabil
2026-05-19 14:09:01,34.91,17.3,28.59,0.2,19.34,Stabil
2026-05-19 14:14:01,34.94,33.6,13.47,0.0,19.52,Stabil
2026-05-19 14:19:01,26.63,26.51,12.93,0.2,11.44,Stabil
2026-05-19 14:24:01,34.43,28.79,16.8,0.0,12.45,Stabil
2026-05-19 14:29:01,35.01,19.27,23.2,0.2,16.47,Stabil
2026-05-19 14:34:01,30.63,36.44,15.99,0.0,11.93,Stabil
2026-05-19 14:39:01,21.12,25.08,10.32,0.0,2.84,Stabil
2026-05-19 14:44:01,77.36,14.77,18.06,0.0,5.23,Stabil
2026-05-19 14:49:01,55.58,30.56,23.08,0.0,11.06,Stabil
2026-05-19 14:54:01,38.61,25.57,12.54,0.0,14.57,Stabil
2026-05-19 14:59:01,40.78,26.3,11.44,0.0,9.28,Stabil
2026-05-19 15:04:01,34.51,28.51,23.68,0.0,6.62,Stabil
2026-05-19 15:09:01,13.44,24.3,25.42,0.0,8.35,Stabil
2026-05-19 15:14:01,58.32,35.4,24.89,0.0,12.1,Stabil
2026-05-19 15:19:01,26.2,21.62,26.68,0.0,5.05,Stabil
2026-05-19 15:24:01,31.84,33.47,18.81,0.0,4.76,Stabil
2026-05-19 15:29:01,44.42,20.36,19.83,0.0,10.47,Stabil
2026-05-19 15:34:01,46.11,26.28,21.31,0.0,17.97,Stabil
2026-05-19 15:39:01,23.48,34.12,18.71,0.0,5.02,Stabil
2026-05-19 15:44:01,53.33,28.35,9.99,0.0,8.41,Stabil
2026-05-19 15:49:01,29.2,14.89,8.1,0.0,10.97,Stabil
2026-05-19 15:54:01,34.9,23.99,19.21,0.0,11.1,Stabil
2026-05-19 15:59:01,45.6,23.09,17.58,0.0,5.2,Stabil
2026-05-19 16:04:01,31.63,26.39,10.58,0.0,1.0,Stabil
2026-05-19 16:09:01,18.01,32.36,19.08,0.0,17.93,Stabil
2026-05-19 16:14:01,35.57,32.52,15.07,0.2,5.96,Stabil
2026-05-19 16:19:01,39.16,29.23,19.25,0.0,8.16,Stabil
2026-05-19 16:24:01,27.79,15.25,21.14,0.0,5.61,Stabil
2026-05-19 16:29:01,38.63,32.78,19.32,0.0,1.51,Stabil
2026-05-19 16:34:01,50.63,13.63,15.96,0.0,10.07,Stabil
2026-05-19 16:39:01,70.34,34.08,5.0,0.0,7.22,Stabil
2026-05-19 16:44:01,5.0,21.49,14.58,0.0,8.88,Stabil
2026-05-19 16:49:01,38.3,33.59,18.94,0.0,13.42,Stabil
2026-05-19 16:54:01,15.7,39.78,9.48,0.0,2.7,Stabil
2026-05-19 16:59:01,46.51,35.78,24.91,0.0,8.94,Stabil
2026-05-19 17:04:01,31.15,32.88,16.02,0.0,10.22,Stabil
2026-05-19 17:09:01,47.21,23.24,19.98,0.0,5.34,Stabil
2026-05-19 17:14:01,25.58,25.19,15.07,0.0,20.79,Stabil
2026-05-19 17:19:01,8.12,29.82,16.29,0.0,9.71,Stabil
2026-05-19 17:24:01,31.39,31.61,19.6,0.0,3.35,Stabil
2026-05-19 17:29:01,32.24,31.15,5.0,0.0,11.79,Stabil
2026-05-19 17:34:01,61.71,23.7,22.65,0.2,13.16,Stabil
2026-05-19 17:39:01,43.43,17.55,19.87,0.0,1.38,Stabil
2026-05-19 17:44:01,39.67,23.77,12.12,0.0,14.31,Stabil
2026-05-19 17:49:01,29.23,27.31,14.67,0.0,12.95,Stabil
2026-05-19 17:54:01,33.47,17.68,22.41,0.0,16.53,Stabil
2026-05-19 17:59:01,12.92,24.62,15.06,0.5,5.8,Stabil
2026-05-19 18:04:01,89.56,4.13,6.91,4.61,69.23,Tidak Stabil
2026-05-19 18:09:01,192.26,2.76,8.29,3.75,34.59,Tidak Stabil
2026-05-19 18:14:01,194.42,4.52,2.73,8.11,74.14,Tidak Stabil
2026-05-19 18:19:01,115.04,15.04,5.4,10.9,37.81,Tidak Stabil
2026-05-19 18:24:01,95.0,22.64,7.1,1.52,37.38,Tidak Stabil
2026-05-19 18:29:01,174.53,3.35,3.8,10.78,92.9,Tidak Stabil
2026-05-19 18:34:01,159.87,12.19,2.02,2.68,53.27,Tidak Stabil
2026-05-19 18:39:01,105.67,8.79,8.86,6.75,75.34,Tidak Stabil
2026-05-19 18:44:01,257.8,5.59,3.91,9.96,74.67,Tidak Stabil
2026-05-19 18:49:01,217.09,5.13,6.05,7.7,113.09,Tidak Stabil
2026-05-19 18:54:01,164.1,6.2,0.65,2.0,100.48,Tidak Stabil
2026-05-19 18:59:01,169.56,22.17,9.9,3.21,43.09,Tidak Stabil
2026-05-19 19:04:01,50.08,3.49,1.96,1.11,41.57,Tidak Stabil
2026-05-19 19:09:01,161.3,13.87,7.98,1.36,70.42,Tidak Stabil
2026-05-19 19:14:01,117.76,12.06,8.95,10.1,78.83,Tidak Stabil
2026-05-19 19:19:01,104.48,5.28,2.39,1.76,43.03,Tidak Stabil
2026-05-19 19:24:01,110.41,28.26,13.11,3.12,48.19,Tidak Stabil
2026-05-19 19:29:01,216.46,4.72,1.09,6.96,112.61,Tidak Stabil
2026-05-19 19:34:01,127.37,4.31,1.68,1.12,34.42,Tidak Stabil
2026-05-19 19:39:01,256.82,1.69,2.46,15.34,97.46,Tidak Stabil
2026-05-19 19:44:01,139.75,4.56,3.35,2.17,37.01,Tidak Stabil
2026-05-19 19:49:01,212.48,0.2,0.1,2.0,90.26,Tidak Stabil
2026-05-19 19:54:01,170.82,25.45,11.26,1.06,76.91,Tidak Stabil
2026-05-19 19:59:01,90.0,6.73,3.5,1.71,24.05,Tidak Stabil
2026-05-19 20:04:01,199.91,16.47,1.0,2.7,30.0,Tidak Stabil
2026-05-19 20:09:01,95.0,17.19,1.0,3.0,64.39,Tidak Stabil
2026-05-19 20:14:01,147.46,19.63,10.11,2.96,56.94,Tidak Stabil
2026-05-19 20:19:01,95.0,12.87,8.89,1.58,81.23,Tidak Stabil
2026-05-19 20:24:01,128.19,3.37,1.09,2.0,35.0,Tidak Stabil
2026-05-19 20:29:01,165.89,3.87,2.95,9.39,164.44,Tidak Stabil
2026-05-19 20:34:01,180.43,11.07,5.29,2.62,52.83,Tidak Stabil
2026-05-19 20:39:01,85.47,7.16,13.06,2.72,20.0,Tidak Stabil
2026-05-19 20:44:01,63.88,10.87,6.54,6.2,33.05,Tidak Stabil
2026-05-19 20:49:01,232.63,7.78,1.32,10.95,77.75,Tidak Stabil
2026-05-19 20:54:01,122.34,1.97,1.6,0.05,18.05,Tidak Stabil
2026-05-19 20:59:01,192.4,13.15,4.88,1.41,41.16,Tidak Stabil
2026-05-19 21:04:01,138.63,4.12,0.1,4.55,35.28,Tidak Stabil
2026-05-19 21:09:01,241.58,9.42,7.82,0.46,30.73,Tidak Stabil
2026-05-19 21:14:01,144.16,4.2,3.55,2.73,47.67,Tidak Stabil
2026-05-19 21:19:01,136.73,5.22,8.25,9.0,20.0,Tidak Stabil
2026-05-19 21:24:01,128.33,5.62,4.19,9.67,78.84,Tidak Stabil
2026-05-19 21:29:01,84.62,15.87,10.38,5.95,45.32,Tidak Stabil
2026-05-19 21:34:01,67.3,1.99,2.76,0.37,37.5,Tidak Stabil
2026-05-19 21:39:01,99.89,28.93,10.54,2.31,53.25,Tidak Stabil
2026-05-19 21:44:01,191.06,5.85,1.86,15.78,83.66,Tidak Stabil
2026-05-19 21:49:01,123.82,24.52,4.83,1.44,49.33,Tidak Stabil
2026-05-19 21:54:01,77.61,3.0,2.63,0.83,38.3,Tidak Stabil
2026-05-19 21:59:01,126.84,11.9,6.38,10.57,33.22,Tidak Stabil
2026-05-19 22:04:01,133.46,10.71,4.6,9.23,28.25,Tidak Stabil
2026-05-19 22:09:01,59.87,27.48,12.78,0.0,10.16,Stabil
2026-05-19 22:14:01,58.09,31.5,14.14,0.0,12.35,Stabil
2026-05-19 22:19:01,31.89,24.05,18.63,0.0,9.97,Stabil
2026-05-19 22:24:01,49.04,36.76,29.03,0.5,12.11,Stabil
2026-05-19 22:29:01,46.73,25.77,27.15,0.0,5.25,Stabil
2026-05-19 22:34:01,34.33,26.68,13.71,0.0,12.69,Stabil
2026-05-19 22:39:01,48.75,22.79,21.71,0.0,13.35,Stabil
2026-05-19 22:44:01,48.08,23.14,14.46,0.0,5.6,Stabil
2026-05-19 22:49:01,52.98,36.97,12.04,0.0,18.98,Stabil
2026-05-19 22:54:01,35.25,35.07,27.66,0.0,1.57,Stabil
2026-05-19 22:59:01,31.08,19.86,13.58,0.1,6.07,Stabil
2026-05-19 23:04:01,11.83,50.99,19.6,0.0,10.56,Stabil
2026-05-19 23:09:01,39.48,37.49,15.31,0.0,6.08,Stabil
2026-05-19 23:14:01,18.95,34.36,29.66,0.0,11.84,Stabil
2026-05-19 23:19:01,41.94,27.77,26.36,0.0,1.77,Stabil
2026-05-19 23:24:01,19.0,27.46,19.67,0.1,8.7,Stabil
2026-05-19 23:29:01,52.69,37.99,10.19,0.0,12.14,Stabil
2026-05-19 23:34:01,40.37,43.07,15.14,0.0,13.43,Stabil
2026-05-19 23:39:01,5.0,29.72,25.0,0.0,8.44,Stabil
2026-05-19 23:44:01,33.45,23.85,12.65,0.0,13.28,Stabil
2026-05-19 23:49:01,18.41,34.76,27.81,0.0,14.45,Stabil
2026-05-19 23:54:01,51.83,15.7,17.67,0.0,11.82,Stabil
2026-05-19 23:59:01,22.97,27.46,6.4,0.0,13.0,Stabil
2026-05-20 00:04:01,32.99,27.93,12.7,0.0,8.9,Stabil
2026-05-20 00:09:01,37.9,16.48,17.69,0.0,1.0,Stabil
2026-05-20 00:14:01,48.79,19.53,22.3,0.0,15.78,Stabil
2026-05-20 00:19:01,31.02,10.0,5.79,0.0,4.02,Stabil
2026-05-20 00:24:01,63.87,30.29,12.91,0.0,17.33,Stabil
2026-05-20 00:29:01,44.63,10.24,23.87,0.0,9.41,Stabil
2026-05-20 00:34:01,39.52,32.59,18.47,0.5,11.35,Stabil
2026-05-20 00:39:01,39.22,28.37,9.74,0.0,8.03,Stabil
2026-05-20 00:44:01,14.83,36.66,16.16,0.0,12.92,Stabil
2026-05-20 00:49:01,15.02,15.02,19.4,0.0,8.22,Stabil
2026-05-20 00:54:01,110.0,5.11,0.1,8.86,61.86,Tidak Stabil
2026-05-20 00:59:01,119.3,24.86,12.76,4.77,42.71,Tidak Stabil
2026-05-20 01:04:01,140.13,4.66,0.58,23.11,89.48,Tidak Stabil
2026-05-20 01:09:01,156.19,2.07,2.97,6.45,111.71,Tidak Stabil
2026-05-20 01:14:01,188.61,2.04,0.1,10.25,103.19,Tidak Stabil
2026-05-20 01:19:01,218.35,14.64,21.32,1.46,65.56,Tidak Stabil
2026-05-20 01:24:01,152.76,7.73,6.22,8.79,44.87,Tidak Stabil
2026-05-20 01:29:01,139.12,3.53,2.52,3.01,29.3,Tidak Stabil
2026-05-20 01:34:01,107.16,3.14,2.75,1.67,39.93,Tidak Stabil
2026-05-20 01:39:01,110.0,1.74,1.28,2.0,92.07,Tidak Stabil
2026-05-20 01:44:01,225.85,18.56,11.16,2.65,39.26,Tidak Stabil
2026-05-20 01:49:01,95.0,16.35,5.32,2.75,43.14,Tidak Stabil
2026-05-20 01:54:01,204.4,22.39,4.84,3.29,91.77,Tidak Stabil
2026-05-20 01:59:01,134.31,9.11,7.95,4.33,20.0,Tidak Stabil
2026-05-20 02:04:01,81.71,3.11,1.69,0.0,46.69,Tidak Stabil
2026-05-20 02:09:01,200.28,20.77,20.9,3.04,59.38,Tidak Stabil
2026-05-20 02:14:01,121.1,22.45,12.51,2.04,36.04,Tidak Stabil
2026-05-20 02:19:01,129.25,15.04,4.82,3.09,36.68,Tidak Stabil
2026-05-20 02:24:01,198.78,7.71,2.46,5.69,64.0,Tidak Stabil
2026-05-20 02:29:01,177.26,1.15,1.02,3.1,44.27,Tidak Stabil
2026-05-20 02:34:01,103.15,12.55,9.19,7.34,52.33,Tidak Stabil
2026-05-20 02:39:01,176.97,6.27,0.76,11.17,58.82,Tidak Stabil
2026-05-20 02:44:01,235.64,1.57,1.24,12.48,95.69,Tidak Stabil
2026-05-20 02:49:01,193.09,7.43,0.1,4.89,69.71,Tidak Stabil
2026-05-20 02:54:01,146.58,0.3,1.92,1.68,20.37,Tidak Stabil
2026-05-20 02:59:01,205.25,5.08,2.47,8.26,35.0,Tidak Stabil
2026-05-20 03:04:01,134.16,6.15,7.86,5.88,59.02,Tidak Stabil
2026-05-20 03:09:01,52.96,17.94,4.76,10.23,47.62,Tidak Stabil
2026-05-20 03:14:01,172.98,3.52,3.45,7.43,120.51,Tidak Stabil
2026-05-20 03:19:01,86.16,4.83,1.5,2.45,29.67,Tidak Stabil
2026-05-20 03:24:01,164.53,20.24,7.55,2.0,71.9,Tidak Stabil
2026-05-20 03:29:01,34.74,23.8,7.09,0.0,5.98,Stabil
2026-05-20 03:34:01,43.79,38.45,10.64,0.0,11.76,Stabil
2026-05-20 03:39:01,25.34,24.35,9.37,0.0,7.98,Stabil
2026-05-20 03:44:01,22.75,33.79,16.28,0.0,10.39,Stabil
2026-05-20 03:49:01,40.55,21.87,11.11,0.0,15.96,Stabil
2026-05-20 03:54:01,17.05,10.0,21.74,0.0,11.01,Stabil
2026-05-20 03:59:01,30.81,30.66,14.55,0.0,2.62,Stabil
2026-05-20 04:04:01,41.67,33.14,13.44,0.0,8.48,Stabil
2026-05-20 04:09:01,32.81,24.58,22.93,0.0,14.44,Stabil
2026-05-20 04:14:01,35.52,13.62,28.48,0.0,6.52,Stabil
2026-05-20 04:19:01,63.47,40.53,20.8,0.0,9.31,Stabil
2026-05-20 04:24:01,46.81,35.47,9.71,0.0,2.37,Stabil
2026-05-20 04:29:01,62.05,27.16,10.81,0.0,9.84,Stabil
2026-05-20 04:34:01,56.48,25.6,10.93,0.0,18.4,Stabil
2026-05-20 04:39:01,23.83,15.02,18.27,0.0,10.26,Stabil
2026-05-20 04:44:01,22.2,22.65,40.0,0.0,14.32,Stabil
2026-05-20 04:49:01,48.93,42.09,10.74,0.0,19.17,Stabil
2026-05-20 04:54:01,12.81,19.12,11.98,0.0,12.39,Stabil
2026-05-20 04:59:01,50.47,33.95,17.57,0.0,19.52,Stabil
2026-05-20 05:04:01,34.9,43.64,26.93,0.0,5.94,Stabil
2026-05-20 05:09:01,33.91,39.01,11.99,0.5,10.32,Stabil
2026-05-20 05:14:01,42.86,18.3,20.47,0.0,9.1,Stabil
2026-05-20 05:19:01,29.62,18.14,24.56,0.0,7.43,Stabil
2026-05-20 05:24:01,48.5,22.24,14.67,0.0,15.09,Stabil
2026-05-20 05:29:01,26.06,27.77,10.16,0.0,15.56,Stabil
2026-05-20 05:34:01,60.07,36.22,17.9,0.0,3.23,Stabil
2026-05-20 05:39:01,46.26,26.55,9.84,0.0,5.86,Stabil
2026-05-20 05:44:01,19.34,32.48,18.86,0.0,7.08,Stabil
2026-05-20 05:49:01,53.6,25.24,7.7,0.0,15.94,Stabil
2026-05-20 05:54:01,32.75,20.26,16.18,0.1,13.14,Stabil
2026-05-20 05:59:01,38.88,27.98,20.86,0.0,7.07,Stabil
2026-05-20 06:04:01,25.27,29.06,14.7,0.0,4.28,Stabil
2026-05-20 06:09:01,57.14,29.22,26.31,0.0,9.25,Stabil
2026-05-20 06:14:01,25.87,18.59,17.75,0.1,14.64,Stabil
2026-05-20 06:19:01,24.39,35.68,28.04,0.0,6.36,Stabil
2026-05-20 06:24:01,16.69,24.57,24.41,0.0,17.19,Stabil
2026-05-20 06:29:01,30.41,30.64,23.89,0.0,5.34,Stabil
2026-05-20 06:34:01,62.88,30.08,18.11,0.0,14.85,Stabil
2026-05-20 06:39:01,27.32,21.89,23.64,0.0,7.46,Stabil
2026-05-20 06:44:01,47.51,35.29,13.99,0.2,12.54,Stabil
2026-05-20 06:49:01,55.16,29.29,8.3,0.0,7.76,Stabil
2026-05-20 06:54:01,53.28,24.86,24.64,0.0,6.56,Stabil
2026-05-20 06:59:01,6.24,22.72,19.06,0.2,11.46,Stabil
2026-05-20 07:04:01,76.23,28.53,18.37,0.0,11.16,Stabil
2026-05-20 07:09:01,21.15,23.82,5.22,0.0,16.04,Stabil
2026-05-20 07:14:01,29.65,22.45,23.28,0.0,14.72,Stabil
2026-05-20 07:19:01,28.24,30.05,22.46,0.0,12.32,Stabil
2026-05-20 07:24:01,29.6,25.67,20.82,0.0,12.43,Stabil
2026-05-20 07:29:01,44.01,28.64,26.16,0.2,5.44,Stabil
2026-05-20 07:34:01,28.06,30.74,28.91,0.1,14.87,Stabil
2026-05-20 07:39:01,15.49,28.88,15.24,0.0,3.79,Stabil
2026-05-20 07:44:01,26.41,38.05,18.85,0.0,5.74,Stabil
2026-05-20 07:49:01,20.68,26.82,20.82,0.0,13.52,Stabil
2026-05-20 07:54:01,49.92,28.14,32.85,0.0,8.75,Stabil
2026-05-20 07:59:01,40.86,22.77,15.77,0.0,18.37,Stabil
2026-05-20 08:04:01,225.98,24.54,12.47,3.07,45.22,Tidak Stabil
2026-05-20 08:09:01,106.61,3.59,1.1,1.12,37.84,Tidak Stabil
2026-05-20 08:14:01,126.14,0.3,2.05,0.03,22.27,Tidak Stabil
2026-05-20 08:19:01,161.4,11.06,1.0,5.56,51.82,Tidak Stabil
2026-05-20 08:24:01,160.7,3.65,2.0,4.57,76.72,Tidak Stabil
2026-05-20 08:29:01,79.54,6.05,3.49,0.0,51.37,Tidak Stabil
2026-05-20 08:34:01,98.76,3.97,3.07,0.24,19.36,Tidak Stabil
2026-05-20 08:39:01,43.86,4.58,1.94,1.9,45.04,Tidak Stabil
2026-05-20 08:44:01,141.06,9.04,8.17,3.08,49.85,Tidak Stabil
2026-05-20 08:49:01,77.34,19.69,7.45,7.72,20.0,Tidak Stabil
2026-05-20 08:54:01,110.0,8.25,2.94,2.32,72.2,Tidak Stabil
2026-05-20 08:59:01,191.7,10.19,0.14,10.11,75.32,Tidak Stabil
2026-05-20 09:04:01,114.74,4.2,3.06,1.9,36.31,Tidak Stabil
2026-05-20 09:09:01,86.38,12.12,6.29,9.39,66.68,Tidak Stabil
2026-05-20 09:14:01,105.61,2.72,10.33,5.99,51.06,Tidak Stabil
2026-05-20 09:19:01,132.47,10.31,13.75,0.47,67.18,Tidak Stabil
2026-05-20 09:24:01,111.35,16.21,3.1,1.88,59.27,Tidak Stabil
2026-05-20 09:29:01,167.4,20.76,7.57,3.52,26.05,Tidak Stabil
2026-05-20 09:34:01,40.0,9.96,3.41,5.97,35.28,Tidak Stabil
2026-05-20 09:39:01,128.3,3.87,0.65,6.92,125.28,Tidak Stabil
2026-05-20 09:44:01,99.18,4.39,8.8,9.88,37.19,Tidak Stabil
2026-05-20 09:49:01,157.64,24.07,6.55,2.8,76.75,Tidak Stabil
2026-05-20 09:54:01,147.43,7.91,3.01,7.6,99.47,Tidak Stabil
2026-05-20 09:59:01,95.0,21.36,6.61,0.0,54.57,Tidak Stabil
2026-05-20 10:04:01,64.05,5.16,3.14,0.73,26.53,Tidak Stabil
2026-05-20 10:09:01,107.83,1.63,0.34,2.75,43.69,Tidak Stabil
2026-05-20 10:14:01,175.47,0.2,1.96,6.05,95.77,Tidak Stabil
2026-05-20 10:19:01,179.61,4.4,1.99,10.94,99.61,Tidak Stabil
2026-05-20 10:24:01,37.21,2.86,0.43,0.71,38.12,Tidak Stabil
2026-05-20 10:29:01,70.61,3.82,3.2,1.61,22.95,Tidak Stabil
2026-05-20 10:34:01,283.9,2.0,15.95,1.26,80.12,Tidak Stabil
2026-05-20 10:39:01,167.2,13.21,12.16,12.71,24.61,Tidak Stabil
2026-05-20 10:44:01,134.65,5.55,0.8,1.75,37.01,Tidak Stabil
2026-05-20 10:49:01,136.73,18.57,14.28,6.94,35.62,Tidak Stabil
2026-05-20 10:54:01,111.47,3.03,0.3,0.91,47.01,Tidak Stabil
2026-05-20 10:59:01,91.71,5.56,2.93,1.3,65.13,Tidak Stabil
2026-05-20 11:04:01,155.28,13.48,2.94,2.39,54.89,Tidak Stabil
2026-05-20 11:09:01,165.4,6.13,4.35,4.68,98.87,Tidak Stabil
2026-05-20 11:14:01,126.64,5.15,1.8,0.04,59.88,Tidak Stabil
2026-05-20 11:19:01,108.0,2.0,14.14,1.8,83.76,Tidak Stabil
2026-05-20 11:24:01,120.01,5.07,2.27,0.29,39.18,Tidak Stabil
2026-05-20 11:29:01,87.73,3.87,0.6,0.0,41.71,Tidak Stabil
2026-05-20 11:34:01,141.71,22.47,16.51,0.39,81.63,Tidak Stabil
2026-05-20 11:39:01,198.25,20.21,8.79,0.55,42.71,Tidak Stabil
2026-05-20 11:44:01,161.58,0.3,2.3,16.83,63.6,Tidak Stabil
2026-05-20 11:49:01,83.98,2.18,0.2,1.84,32.43,Tidak Stabil
2026-05-20 11:54:01,95.97,3.05,0.82,0.71,18.0,Tidak Stabil
2026-05-20 11:59:01,117.26,2.0,1.0,7.29,48.14,Tidak Stabil
2026-05-20 12:04:01,134.15,0.89,0.99,2.0,39.41,Tidak Stabil
2026-05-20 12:09:01,119.11,3.16,1.52,2.55,48.99,Tidak Stabil
2026-05-20 12:14:01,112.89,9.48,1.0,4.23,45.67,Tidak Stabil
2026-05-20 12:19:01,177.85,1.73,1.78,13.57,71.61,Tidak Stabil
2026-05-20 12:24:01,243.11,4.91,2.81,10.57,85.1,Tidak Stabil
2026-05-20 12:29:01,40.0,3.48,8.67,2.0,35.45,Tidak Stabil
2026-05-20 12:34:01,88.1,4.25,1.47,2.48,42.98,Tidak Stabil
2026-05-20 12:39:01,137.29,2.56,0.9,2.0,89.25,Tidak Stabil
2026-05-20 12:44:01,122.72,3.57,3.5,1.44,18.0,Tidak Stabil
2026-05-20 12:49:01,205.91,6.85,0.89,7.12,134.04,Tidak Stabil
2026-05-20 12:54:01,83.11,4.35,2.9,1.42,22.45,Tidak Stabil
2026-05-20 12:59:01,126.88,2.0,10.53,1.96,64.32,Tidak Stabil
2026-05-20 13:04:01,83.08,12.04,2.55,4.97,57.19,Tidak Stabil
2026-05-20 13:09:01,110.0,6.42,3.36,10.84,79.54,Tidak Stabil
2026-05-20 13:14:01,133.88,15.57,16.69,7.94,20.0,Tidak Stabil
2026-05-20 13:19:01,171.55,20.96,15.77,1.7,92.82,Tidak Stabil
2026-05-20 13:24:01,8.61,31.35,13.21,0.0,8.47,Stabil
2026-05-20 13:29:01,6.72,47.06,19.36,0.0,10.49,Stabil
2026-05-20 13:34:01,50.43,24.55,10.01,0.0,16.06,Stabil
2026-05-20 13:39:01,24.11,24.05,18.54,0.1,7.18,Stabil
2026-05-20 13:44:01,44.44,15.81,19.08,0.0,7.68,Stabil
2026-05-20 13:49:01,36.68,30.45,5.0,0.0,11.77,Stabil
2026-05-20 13:54:01,45.75,24.7,7.66,0.0,20.65,Stabil
2026-05-20 13:59:01,37.19,22.1,18.65,0.0,9.06,Stabil
2026-05-20 14:04:01,41.23,36.13,9.2,0.0,15.19,Stabil
2026-05-20 14:09:01,35.06,29.81,16.93,0.0,12.47,Stabil
2026-05-20 14:14:01,49.34,21.52,13.17,0.0,8.91,Stabil
2026-05-20 14:19:01,30.34,38.29,18.09,0.0,18.92,Stabil
2026-05-20 14:24:01,41.04,33.0,24.99,0.0,11.69,Stabil
2026-05-20 14:29:01,25.65,27.98,15.79,0.0,15.58,Stabil
2026-05-20 14:34:01,49.46,16.18,19.86,0.2,4.81,Stabil
2026-05-20 14:39:01,46.64,32.38,16.62,0.1,7.62,Stabil
2026-05-20 14:44:01,33.53,37.48,28.9,0.0,8.59,Stabil
2026-05-20 14:49:01,23.13,36.88,20.98,0.0,12.68,Stabil
2026-05-20 14:54:01,50.38,20.76,23.6,0.5,7.33,Stabil
2026-05-20 14:59:01,26.11,30.85,31.74,0.5,11.55,Stabil
2026-05-20 15:04:01,37.05,18.99,10.54,0.1,13.99,Stabil
2026-05-20 15:09:01,35.21,38.0,12.33,0.0,10.4,Stabil
2026-05-20 15:14:01,70.11,30.82,16.72,0.0,5.97,Stabil
2026-05-20 15:19:01,31.1,25.64,21.3,0.0,11.97,Stabil
2026-05-20 15:24:01,27.11,29.5,25.69,0.0,19.62,Stabil
2026-05-20 15:29:01,33.96,27.61,14.97,0.0,7.3,Stabil
2026-05-20 15:34:01,49.05,10.08,9.34,0.0,17.37,Stabil
2026-05-20 15:39:01,33.56,33.16,18.45,0.0,4.01,Stabil
2026-05-20 15:44:01,60.09,23.03,12.34,0.0,6.23,Stabil
2026-05-20 15:49:01,40.58,26.69,20.74,0.0,2.37,Stabil
2026-05-20 15:54:01,37.0,30.68,20.19,0.0,2.36,Stabil
2026-05-20 15:59:01,43.39,19.07,24.66,0.0,5.93,Stabil
2026-05-20 16:04:01,25.85,16.44,18.24,0.0,14.01,Stabil
2026-05-20 16:09:01,19.97,29.94,18.23,0.5,11.83,Stabil
2026-05-20 16:14:01,42.81,39.2,14.23,0.5,10.17,Stabil
2026-05-20 16:19:01,28.68,30.39,9.27,0.0,17.28,Stabil
2026-05-20 16:24:01,67.46,28.5,21.3,0.0,6.81,Stabil
2026-05-20 16:29:01,7.13,13.76,16.57,0.0,17.39,Stabil
2026-05-20 16:34:01,62.24,16.78,25.75,0.0,5.08,Stabil
2026-05-20 16:39:01,39.49,27.55,17.44,0.0,13.74,Stabil
2026-05-20 16:44:01,16.57,27.21,13.88,0.2,6.69,Stabil
2026-05-20 16:49:01,49.88,26.23,21.31,0.0,20.18,Stabil
2026-05-20 16:54:01,28.75,19.67,21.5,0.0,14.37,Stabil
2026-05-20 16:59:01,34.03,27.73,13.83,0.0,8.11,Stabil
2026-05-20 17:04:01,37.4,41.84,7.92,0.0,11.93,Stabil
2026-05-20 17:09:01,22.06,18.04,18.48,0.0,6.91,Stabil
2026-05-20 17:14:01,38.1,38.65,15.96,0.0,3.73,Stabil
2026-05-20 17:19:01,61.59,28.68,8.48,0.0,11.45,Stabil
2026-05-20 17:24:01,39.17,36.87,14.34,0.0,9.83,Stabil
2026-05-20 17:29:01,30.75,38.74,23.9,0.0,10.4,Stabil
2026-05-20 17:34:01,39.9,29.82,11.46,0.0,5.45,Stabil
2026-05-20 17:39:01,58.94,35.44,11.71,0.2,15.64,Stabil
2026-05-20 17:44:01,52.4,29.54,8.89,0.0,10.81,Stabil
2026-05-20 17:49:01,30.78,30.63,12.15,0.0,2.64,Stabil
2026-05-20 17:54:01,31.69,29.96,24.23,0.2,4.95,Stabil
2026-05-20 17:59:01,38.01,22.29,27.93,0.0,11.22,Stabil
2026-05-20 18:04:01,31.26,26.75,16.06,0.0,10.15,Stabil
2026-05-20 18:09:01,16.32,26.5,20.58,0.0,22.99,Stabil
2026-05-20 18:14:01,18.05,23.85,21.1,0.1,14.05,Stabil
2026-05-20 18:19:01,202.21,16.43,7.44,2.07,74.0,Tidak Stabil
2026-05-20 18:24:01,172.03,12.16,4.99,2.4,53.63,Tidak Stabil
2026-05-20 18:29:01,94.4,17.43,9.41,4.34,49.53,Tidak Stabil
2026-05-20 18:34:01,94.42,16.39,9.5,8.34,24.52,Tidak Stabil
2026-05-20 18:39:01,234.73,1.32,1.79,9.2,61.12,Tidak Stabil
2026-05-20 18:44:01,98.66,2.75,2.45,1.97,44.51,Tidak Stabil
2026-05-20 18:49:01,115.23,10.15,1.0,1.4,75.21,Tidak Stabil
2026-05-20 18:54:01,159.28,2.0,6.68,1.28,63.11,Tidak Stabil
2026-05-20 18:59:01,136.38,16.76,3.66,1.42,51.12,Tidak Stabil
2026-05-20 19:04:01,93.06,0.3,2.42,1.04,30.99,Tidak Stabil
2026-05-20 19:09:01,148.11,13.51,5.05,7.11,53.24,Tidak Stabil
2026-05-20 19:14:01,107.09,1.45,3.55,2.14,35.67,Tidak Stabil
2026-05-20 19:19:01,92.51,8.3,4.52,9.87,26.8,Tidak Stabil
2026-05-20 19:24:01,90.95,16.84,7.85,8.08,30.26,Tidak Stabil
2026-05-20 19:29:01,82.57,3.36,1.99,0.27,26.53,Tidak Stabil
2026-05-20 19:34:01,139.67,0.98,0.1,2.0,88.33,Tidak Stabil
2026-05-20 19:39:01,110.0,5.25,2.8,8.22,82.76,Tidak Stabil
2026-05-20 19:44:01,169.61,25.11,16.66,3.45,40.64,Tidak Stabil
2026-05-20 19:49:01,46.37,32.05,14.11,0.0,7.97,Stabil
2026-05-20 19:54:01,23.02,30.56,17.42,0.0,12.49,Stabil
2026-05-20 19:59:01,35.49,28.22,23.56,0.2,2.96,Stabil
2026-05-20 20:04:01,27.5,33.69,10.97,0.0,16.43,Stabil
2026-05-20 20:09:01,51.47,17.02,18.87,0.0,20.82,Stabil
2026-05-20 20:14:01,54.76,35.87,9.66,0.0,3.25,Stabil
2026-05-20 20:19:01,38.8,31.43,19.07,0.0,6.75,Stabil
2026-05-20 20:24:01,28.22,23.17,27.17,0.0,10.8,Stabil
2026-05-20 20:29:01,50.58,18.43,10.23,0.0,1.0,Stabil
2026-05-20 20:34:01,26.76,40.09,19.59,0.0,11.3,Stabil
2026-05-20 20:39:01,7.14,28.85,13.22,0.0,13.41,Stabil
2026-05-20 20:44:01,22.95,33.02,19.3,0.0,8.58,Stabil
2026-05-20 20:49:01,37.58,41.32,30.57,0.0,2.49,Stabil
2026-05-20 20:54:01,36.61,30.66,19.96,0.0,11.92,Stabil
2026-05-20 20:59:01,19.66,29.98,28.62,0.0,10.32,Stabil
2026-05-20 21:04:01,21.4,31.49,22.0,0.2,13.65,Stabil
2026-05-20 21:09:01,30.81,37.41,12.7,0.0,10.59,Stabil
2026-05-20 21:14:01,19.4,23.1,21.57,0.0,4.45,Stabil
2026-05-20 21:19:01,40.26,22.27,23.97,0.0,1.0,Stabil
2026-05-20 21:24:01,55.3,10.16,16.42,0.0,11.63,Stabil
2026-05-20 21:29:01,9.52,23.14,23.87,0.0,6.17,Stabil
2026-05-20 21:34:01,187.6,2.24,7.33,10.3,76.5,Tidak Stabil
2026-05-20 21:39:01,145.8,22.63,10.77,2.45,61.21,Tidak Stabil
2026-05-20 21:44:01,72.72,17.14,10.84,10.55,57.78,Tidak Stabil
2026-05-20 21:49:01,125.11,10.69,6.97,6.93,35.65,Tidak Stabil
2026-05-20 21:54:01,233.43,17.33,6.22,1.86,64.24,Tidak Stabil
2026-05-20 21:59:01,64.73,6.93,1.48,6.3,49.42,Tidak Stabil
2026-05-20 22:04:01,164.41,4.41,2.92,9.28,62.86,Tidak Stabil
2026-05-20 22:09:01,238.46,6.71,2.42,7.37,61.83,Tidak Stabil
2026-05-20 22:14:01,168.49,5.35,1.5,12.32,122.34,Tidak Stabil
2026-05-20 22:19:01,75.06,1.52,1.36,3.44,29.18,Tidak Stabil
2026-05-20 22:24:01,145.37,17.3,4.29,2.0,41.66,Tidak Stabil
2026-05-20 22:29:01,128.89,3.14,1.17,8.21,124.91,Tidak Stabil
2026-05-20 22:34:01,181.81,6.86,1.95,9.9,108.71,Tidak Stabil
2026-05-20 22:39:01,297.7,5.22,0.1,11.33,37.24,Tidak Stabil
2026-05-20 22:44:01,105.82,2.35,1.43,1.98,28.41,Tidak Stabil
2026-05-20 22:49:01,65.01,4.48,0.83,1.03,39.86,Tidak Stabil
2026-05-20 22:54:01,70.14,11.21,1.08,6.38,49.18,Tidak Stabil
2026-05-20 22:59:01,139.42,17.09,9.28,2.07,30.0,Tidak Stabil
2026-05-20 23:04:01,67.24,5.08,8.83,3.78,48.29,Tidak Stabil
2026-05-20 23:09:01,225.12,24.9,2.71,2.17,44.28,Tidak Stabil
2026-05-20 23:14:01,37.08,36.43,30.78,0.0,12.01,Stabil
2026-05-20 23:19:01,44.74,27.69,25.51,0.0,5.57,Stabil
2026-05-20 23:24:01,10.7,32.1,19.48,0.0,11.69,Stabil
2026-05-20 23:29:01,41.25,19.4,9.79,0.0,9.92,Stabil
2026-05-20 23:34:01,29.74,29.89,24.91,0.0,12.26,Stabil
2026-05-20 23:39:01,28.54,28.56,24.61,0.2,12.4,Stabil
2026-05-20 23:44:01,45.74,23.97,19.8,0.0,2.86,Stabil
2026-05-20 23:49:01,42.93,15.85,17.91,0.5,10.16,Stabil
2026-05-20 23:54:01,35.95,29.94,14.44,0.0,13.51,Stabil
2026-05-20 23:59:01,23.54,27.82,12.76,0.0,7.75,Stabil
2026-05-21 00:04:01,20.48,31.79,14.38,0.0,4.65,Stabil
2026-05-21 00:09:01,44.87,25.12,5.0,0.0,13.12,Stabil
2026-05-21 00:14:01,64.09,34.32,16.2,0.0,17.61,Stabil
2026-05-21 00:19:01,32.2,29.19,16.09,0.0,7.43,Stabil
2026-05-21 00:24:01,19.37,17.43,23.92,0.2,5.59,Stabil
2026-05-21 00:29:01,49.78,18.23,15.05,0.5,14.81,Stabil
2026-05-21 00:34:01,35.63,35.26,15.68,0.0,16.25,Stabil
2026-05-21 00:39:01,25.66,31.13,19.48,0.0,15.55,Stabil
2026-05-21 00:44:01,33.43,23.89,26.06,0.0,6.66,Stabil
2026-05-21 00:49:01,21.28,10.0,15.57,0.0,1.0,Stabil
2026-05-21 00:54:01,42.91,32.22,14.17,0.0,21.12,Stabil
2026-05-21 00:59:01,36.35,30.11,21.12,0.0,12.47,Stabil
2026-05-21 01:04:01,34.57,13.01,31.18,0.0,4.08,Stabil
2026-05-21 01:09:01,45.35,21.72,8.61,0.0,7.5,Stabil
2026-05-21 01:14:01,8.59,25.72,15.16,0.0,17.91,Stabil
2026-05-21 01:19:01,40.63,23.92,10.95,0.0,12.27,Stabil
2026-05-21 01:24:01,43.27,26.58,14.57,0.5,12.89,Stabil
2026-05-21 01:29:01,5.0,37.1,7.72,0.5,9.25,Stabil
2026-05-21 01:34:01,5.0,24.48,28.74,0.0,11.78,Stabil
2026-05-21 01:39:01,35.23,17.28,18.58,0.0,13.29,Stabil
2026-05-21 01:44:01,31.57,31.4,28.06,0.0,19.14,Stabil
2026-05-21 01:49:01,40.16,42.28,12.86,0.0,13.66,Stabil
2026-05-21 01:54:01,27.34,28.7,23.46,0.0,11.02,Stabil
2026-05-21 01:59:01,41.46,41.96,8.85,0.0,15.01,Stabil
2026-05-21 02:04:01,33.65,24.78,14.96,0.0,6.51,Stabil
2026-05-21 02:09:01,17.92,28.71,15.68,0.0,11.0,Stabil
2026-05-21 02:14:01,22.32,23.63,16.9,0.0,11.31,Stabil
2026-05-21 02:19:01,5.0,37.71,22.71,0.0,4.11,Stabil
2026-05-21 02:24:01,18.56,21.58,27.93,0.0,1.0,Stabil
2026-05-21 02:29:01,29.55,26.91,25.69,0.0,12.61,Stabil
2026-05-21 02:34:01,41.06,42.39,12.88,0.0,6.97,Stabil
2026-05-21 02:39:01,35.59,28.67,15.91,0.0,12.32,Stabil
2026-05-21 02:44:01,39.26,31.41,13.89,0.0,11.56,Stabil
2026-05-21 02:49:01,23.05,30.78,32.59,0.2,11.35,Stabil
2026-05-21 02:54:01,35.17,19.79,18.15,0.0,11.87,Stabil
2026-05-21 02:59:01,16.65,25.5,29.47,0.0,5.83,Stabil
2026-05-21 03:04:01,34.06,36.33,21.92,0.5,10.54,Stabil
2026-05-21 03:09:01,17.35,34.24,18.75,0.0,8.99,Stabil
2026-05-21 03:14:01,18.09,38.45,24.05,0.1,12.02,Stabil
2026-05-21 03:19:01,48.5,25.78,18.91,0.0,2.68,Stabil
2026-05-21 03:24:01,38.65,26.66,24.68,0.0,3.4,Stabil
2026-05-21 03:29:01,51.81,22.05,10.72,0.0,2.39,Stabil
2026-05-21 03:34:01,42.99,23.62,28.74,0.0,10.49,Stabil
2026-05-21 03:39:01,37.54,18.72,16.84,0.0,6.03,Stabil
2026-05-21 03:44:01,33.9,20.18,24.17,0.0,9.81,Stabil
2026-05-21 03:49:01,48.91,35.83,12.06,0.1,6.41,Stabil
2026-05-21 03:54:01,44.9,20.91,17.87,0.0,12.77,Stabil
2026-05-21 03:59:01,44.7,38.55,11.63,0.0,10.43,Stabil
2026-05-21 04:04:01,46.14,40.23,24.71,0.0,11.59,Stabil
2026-05-21 04:09:01,50.5,29.36,23.04,0.0,11.28,Stabil
2026-05-21 04:14:01,43.76,26.98,13.43,0.0,15.86,Stabil
2026-05-21 04:19:01,42.47,27.6,21.05,0.0,11.23,Stabil
2026-05-21 04:24:01,43.38,32.73,9.55,0.5,9.11,Stabil
2026-05-21 04:29:01,38.47,25.81,16.06,0.0,18.61,Stabil
2026-05-21 04:34:01,57.29,31.61,16.66,0.2,3.9,Stabil
2026-05-21 04:39:01,5.0,36.11,25.56,0.0,1.06,Stabil
2026-05-21 04:44:01,19.87,26.03,8.64,0.0,14.16,Stabil
2026-05-21 04:49:01,45.83,38.58,14.24,0.0,17.25,Stabil
2026-05-21 04:54:01,33.3,24.39,31.56,0.0,10.71,Stabil
2026-05-21 04:59:01,48.0,32.89,28.29,0.0,15.19,Stabil
2026-05-21 05:04:01,5.12,25.7,26.3,0.5,14.64,Stabil
2026-05-21 05:09:01,22.02,24.33,5.0,0.0,7.16,Stabil
2026-05-21 05:14:01,30.69,49.32,29.25,0.0,18.47,Stabil
2026-05-21 05:19:01,237.12,4.29,2.37,3.03,87.4,Tidak Stabil
2026-05-21 05:24:01,145.98,4.59,3.19,1.99,59.65,Tidak Stabil
2026-05-21 05:29:01,136.98,13.85,7.47,1.12,67.57,Tidak Stabil
2026-05-21 05:34:01,95.72,4.92,1.12,0.38,32.96,Tidak Stabil
2026-05-21 05:39:01,141.38,2.0,4.08,9.13,25.99,Tidak Stabil
2026-05-21 05:44:01,238.4,2.29,1.26,4.57,75.39,Tidak Stabil
2026-05-21 05:49:01,177.22,13.35,13.05,0.32,30.0,Tidak Stabil
2026-05-21 05:54:01,231.14,3.23,2.81,17.3,50.7,Tidak Stabil
2026-05-21 05:59:01,78.88,17.17,6.55,16.21,20.0,Tidak Stabil
2026-05-21 06:04:01,77.37,6.0,2.46,0.82,58.7,Tidak Stabil
2026-05-21 06:09:01,176.87,6.21,11.52,8.17,33.22,Tidak Stabil
2026-05-21 06:14:01,133.24,14.81,19.72,2.14,47.26,Tidak Stabil
2026-05-21 06:19:01,129.49,7.42,1.61,6.79,104.81,Tidak Stabil
2026-05-21 06:24:01,213.41,4.99,3.06,10.93,82.34,Tidak Stabil
2026-05-21 06:29:01,182.38,0.2,2.03,2.0,48.37,Tidak Stabil
2026-05-21 06:34:01,54.87,2.3,2.26,0.24,35.27,Tidak Stabil
2026-05-21 06:39:01,119.32,4.07,1.47,1.15,37.85,Tidak Stabil
2026-05-21 06:44:01,137.95,4.41,3.95,0.54,57.63,Tidak Stabil
2026-05-21 06:49:01,80.85,23.51,6.48,4.09,40.13,Tidak Stabil
2026-05-21 06:54:01,39.93,3.69,0.68,0.93,18.0,Tidak Stabil
2026-05-21 06:59:01,102.4,4.61,3.02,0.85,32.97,Tidak Stabil
2026-05-21 07:04:01,110.0,3.29,2.84,9.44,47.6,Tidak Stabil
2026-05-21 07:09:01,30.0,3.91,2.3,0.55,26.32,Tidak Stabil
2026-05-21 07:14:01,121.0,10.68,5.02,2.16,82.91,Tidak Stabil
2026-05-21 07:19:01,41.11,2.56,1.99,0.0,23.87,Tidak Stabil
2026-05-21 07:24:01,40.0,27.54,3.77,5.76,54.79,Tidak Stabil
2026-05-21 07:29:01,209.08,6.12,0.7,8.62,69.34,Tidak Stabil
2026-05-21 07:34:01,107.87,4.18,2.22,0.0,31.85,Tidak Stabil
2026-05-21 07:39:01,56.17,4.19,0.81,0.71,42.4,Tidak Stabil
2026-05-21 07:44:01,210.7,3.5,3.42,10.78,89.79,Tidak Stabil
2026-05-21 07:49:01,145.93,7.85,3.37,5.91,123.79,Tidak Stabil
2026-05-21 07:54:01,186.41,19.09,3.21,2.13,91.57,Tidak Stabil
2026-05-21 07:59:01,227.16,1.43,1.73,8.29,105.9,Tidak Stabil
2026-05-21 08:04:01,40.74,15.7,12.4,2.0,61.87,Tidak Stabil
2026-05-21 08:09:01,82.89,4.15,2.15,1.7,47.14,Tidak Stabil
2026-05-21 08:14:01,140.55,3.34,1.99,12.92,99.53,Tidak Stabil
2026-05-21 08:19:01,153.83,5.15,1.41,11.59,64.92,Tidak Stabil
2026-05-21 08:24:01,64.2,6.09,2.78,0.8,21.83,Tidak Stabil
2026-05-21 08:29:01,187.11,12.24,2.76,5.52,75.31,Tidak Stabil
2026-05-21 08:34:01,104.24,3.37,11.18,12.66,81.15,Tidak Stabil
2026-05-21 08:39:01,155.39,9.61,8.6,11.3,36.74,Tidak Stabil
2026-05-21 08:44:01,173.75,6.27,0.7,2.0,47.41,Tidak Stabil
2026-05-21 08:49:01,196.82,14.7,3.44,2.84,40.93,Tidak Stabil
2026-05-21 08:54:01,170.56,18.8,8.26,0.76,71.23,Tidak Stabil
2026-05-21 08:59:01,110.0,4.33,2.32,6.44,144.88,Tidak Stabil
2026-05-21 09:04:01,87.59,12.32,6.91,9.5,54.4,Tidak Stabil
2026-05-21 09:09:01,170.65,0.2,0.1,5.58,68.15,Tidak Stabil
2026-05-21 09:14:01,40.0,20.68,6.92,3.23,61.57,Tidak Stabil
2026-05-21 09:19:01,150.63,16.44,10.21,0.08,59.05,Tidak Stabil
2026-05-21 09:24:01,115.74,1.25,1.0,1.29,56.88,Tidak Stabil
2026-05-21 09:29:01,165.98,17.32,13.7,2.48,104.38,Tidak Stabil
2026-05-21 09:34:01,167.81,19.71,9.66,1.2,54.87,Tidak Stabil
2026-05-21 09:39:01,175.11,6.17,4.69,1.83,29.48,Tidak Stabil
2026-05-21 09:44:01,50.19,10.48,8.74,7.77,33.26,Tidak Stabil
2026-05-21 09:49:01,88.72,8.31,1.0,10.12,38.85,Tidak Stabil
2026-05-21 09:54:01,110.0,5.57,2.27,10.06,87.17,Tidak Stabil
2026-05-21 09:59:01,41.38,31.68,20.83,0.0,16.15,Stabil
2026-05-21 10:04:01,14.93,40.26,20.19,0.1,16.08,Stabil
2026-05-21 10:09:01,40.95,19.52,13.6,0.0,5.01,Stabil
2026-05-21 10:14:01,43.51,20.44,27.66,0.0,10.41,Stabil
2026-05-21 10:19:01,31.58,32.04,19.03,0.0,4.03,Stabil
2026-05-21 10:24:01,49.94,31.04,21.4,0.0,13.53,Stabil
2026-05-21 10:29:01,41.07,21.59,7.27,0.0,12.46,Stabil
2026-05-21 10:34:01,30.12,38.47,8.93,0.0,6.97,Stabil
2026-05-21 10:39:01,43.07,24.1,6.95,0.0,15.24,Stabil
2026-05-21 10:44:01,34.16,37.3,14.28,0.0,8.78,Stabil
2026-05-21 10:49:01,57.85,25.49,14.75,0.0,9.09,Stabil
2026-05-21 10:54:01,36.6,38.15,23.62,0.0,6.63,Stabil
2026-05-21 10:59:01,43.2,33.11,18.76,0.0,17.29,Stabil
2026-05-21 11:04:01,45.29,37.92,11.81,0.2,8.84,Stabil
2026-05-21 11:09:01,12.77,30.26,19.85,0.1,9.59,Stabil
2026-05-21 11:14:01,45.31,18.99,27.64,0.0,17.96,Stabil
2026-05-21 11:19:01,28.28,38.91,18.04,0.0,10.21,Stabil
2026-05-21 11:24:01,32.71,15.64,5.0,0.0,14.98,Stabil
2026-05-21 11:29:01,36.85,31.5,28.57,0.0,9.39,Stabil
2026-05-21 11:34:01,22.72,44.18,21.16,0.0,4.23,Stabil
2026-05-21 11:39:01,16.25,25.99,29.37,0.0,17.11,Stabil
2026-05-21 11:44:01,42.3,28.95,16.95,0.0,3.91,Stabil
2026-05-21 11:49:01,52.92,16.59,15.11,0.5,10.89,Stabil
2026-05-21 11:54:01,89.96,3.57,0.28,1.72,47.17,Tidak Stabil
2026-05-21 11:59:01,146.36,7.67,8.48,7.19,21.02,Tidak Stabil
2026-05-21 12:04:01,125.93,17.77,9.96,7.0,43.88,Tidak Stabil
2026-05-21 12:09:01,105.38,22.05,11.62,1.61,49.04,Tidak Stabil
2026-05-21 12:14:01,150.45,31.71,9.37,3.13,35.26,Tidak Stabil
2026-05-21 12:19:01,172.84,18.25,3.13,0.0,44.4,Tidak Stabil
2026-05-21 12:24:01,103.85,3.28,0.78,0.0,38.88,Tidak Stabil
2026-05-21 12:29:01,126.02,29.28,8.78,1.02,76.04,Tidak Stabil
2026-05-21 12:34:01,193.04,2.22,1.48,9.33,84.11,Tidak Stabil
2026-05-21 12:39:01,144.12,18.77,5.38,8.5,53.87,Tidak Stabil
2026-05-21 12:44:01,174.75,17.41,8.67,1.01,71.65,Tidak Stabil
2026-05-21 12:49:01,99.29,2.0,1.65,4.37,64.74,Tidak Stabil
2026-05-21 12:54:01,227.85,4.82,1.48,6.14,37.9,Tidak Stabil
2026-05-21 12:59:01,113.86,3.48,1.85,3.07,96.01,Tidak Stabil
2026-05-21 13:04:01,205.39,3.59,3.02,11.96,112.11,Tidak Stabil
2026-05-21 13:09:01,157.85,7.35,0.1,11.51,66.38,Tidak Stabil
2026-05-21 13:14:01,126.25,22.23,9.53,1.65,50.94,Tidak Stabil
2026-05-21 13:19:01,82.25,2.05,3.4,2.82,18.0,Tidak Stabil
2026-05-21 13:24:01,219.94,2.78,3.55,7.01,69.82,Tidak Stabil
2026-05-21 13:29:01,105.55,15.2,1.49,1.58,32.53,Tidak Stabil
2026-05-21 13:34:01,169.31,18.67,13.11,2.12,42.39,Tidak Stabil
2026-05-21 13:39:01,40.0,6.99,5.79,8.38,20.0,Tidak Stabil
2026-05-21 13:44:01,135.98,6.63,3.24,13.41,107.77,Tidak Stabil
2026-05-21 13:49:01,193.07,5.66,0.1,14.18,35.0,Tidak Stabil
2026-05-21 13:54:01,130.65,6.4,1.43,8.0,112.89,Tidak Stabil
2026-05-21 13:59:01,117.73,5.29,1.1,0.93,25.76,Tidak Stabil
2026-05-21 14:04:01,76.26,4.89,0.46,1.29,38.75,Tidak Stabil
2026-05-21 14:09:01,228.74,6.2,0.1,4.58,78.06,Tidak Stabil
2026-05-21 14:14:01,188.75,4.2,4.1,10.26,92.59,Tidak Stabil
2026-05-21 14:19:01,40.0,12.17,10.92,5.07,22.92,Tidak Stabil
2026-05-21 14:24:01,151.64,2.0,1.0,1.36,93.16,Tidak Stabil
2026-05-21 14:29:01,200.85,16.12,11.43,0.84,81.78,Tidak Stabil
2026-05-21 14:34:01,185.28,17.1,11.86,1.3,66.32,Tidak Stabil
2026-05-21 14:39:01,162.97,7.37,4.34,3.41,92.49,Tidak Stabil
2026-05-21 14:44:01,140.61,19.91,3.73,2.16,72.02,Tidak Stabil
2026-05-21 14:49:01,172.43,5.29,1.46,9.65,126.89,Tidak Stabil
2026-05-21 14:54:01,110.0,0.2,3.84,10.63,120.83,Tidak Stabil
2026-05-21 14:59:01,176.39,9.01,2.74,1.59,33.33,Tidak Stabil
2026-05-21 15:04:01,112.23,26.89,10.38,3.16,60.14,Tidak Stabil
2026-05-21 15:09:01,250.81,7.69,14.96,2.98,70.38,Tidak Stabil
2026-05-21 15:14:01,218.13,23.61,13.72,1.97,90.55,Tidak Stabil
2026-05-21 15:19:01,150.61,4.48,3.41,12.1,72.11,Tidak Stabil
2026-05-21 15:24:01,122.61,18.07,3.83,9.33,25.25,Tidak Stabil
2026-05-21 15:29:01,22.29,30.34,21.47,0.5,11.08,Stabil
2026-05-21 15:34:01,45.37,23.28,22.5,0.0,8.63,Stabil
2026-05-21 15:39:01,32.64,22.22,24.76,0.0,6.79,Stabil
2026-05-21 15:44:01,48.52,40.99,27.92,0.0,7.33,Stabil
2026-05-21 15:49:01,19.04,18.63,10.61,0.0,8.78,Stabil
2026-05-21 15:54:01,34.49,44.93,14.94,0.1,10.97,Stabil
2026-05-21 15:59:01,37.4,32.77,16.25,0.0,11.14,Stabil
2026-05-21 16:04:01,47.69,14.07,23.83,0.0,2.98,Stabil
2026-05-21 16:09:01,40.34,35.68,14.12,0.0,4.38,Stabil
2026-05-21 16:14:01,45.81,10.0,10.08,0.0,16.46,Stabil
2026-05-21 16:19:01,12.68,26.97,16.34,0.0,9.32,Stabil
2026-05-21 16:24:01,37.68,27.44,26.16,0.0,12.12,Stabil
2026-05-21 16:29:01,17.23,31.79,23.68,0.0,1.0,Stabil
2026-05-21 16:34:01,37.09,22.93,14.3,0.0,14.23,Stabil
2026-05-21 16:39:01,46.81,35.22,14.09,0.0,13.9,Stabil
2026-05-21 16:44:01,53.15,25.01,20.22,0.0,5.98,Stabil
2026-05-21 16:49:01,30.46,21.67,20.36,0.0,12.8,Stabil
2026-05-21 16:54:01,14.78,28.79,18.8,0.0,1.0,Stabil
2026-05-21 16:59:01,30.8,23.53,17.25,0.2,13.76,Stabil
2026-05-21 17:04:01,35.2,30.01,23.56,0.0,6.62,Stabil
2026-05-21 17:09:01,46.99,22.44,9.78,0.0,8.48,Stabil
2026-05-21 17:14:01,25.99,30.98,12.56,0.0,6.37,Stabil
2026-05-21 17:19:01,46.77,35.74,15.68,0.0,7.5,Stabil
2026-05-21 17:24:01,30.86,19.29,18.73,0.0,8.97,Stabil
2026-05-21 17:29:01,22.42,29.21,21.88,0.0,5.3,Stabil
2026-05-21 17:34:01,5.51,31.55,28.34,0.0,1.0,Stabil
2026-05-21 17:39:01,36.6,29.5,20.94,0.0,2.6,Stabil
2026-05-21 17:44:01,29.43,20.45,18.87,0.0,14.37,Stabil
2026-05-21 17:49:01,35.77,19.53,6.1,0.0,12.86,Stabil
2026-05-21 17:54:01,24.39,28.6,11.99,0.0,18.0,Stabil
2026-05-21 17:59:01,34.95,40.75,18.25,0.0,18.92,Stabil
2026-05-21 18:04:01,43.64,39.2,25.67,0.2,12.55,Stabil
2026-05-21 18:09:01,52.68,12.93,16.58,0.0,6.53,Stabil
2026-05-21 18:14:01,35.76,38.1,23.55,0.0,9.59,Stabil
2026-05-21 18:19:01,34.01,24.28,15.57,0.0,19.11,Stabil
2026-05-21 18:24:01,17.28,34.53,14.19,0.0,12.3,Stabil
2026-05-21 18:29:01,50.3,31.88,22.05,0.0,14.44,Stabil
2026-05-21 18:34:01,180.04,13.58,9.35,0.92,78.94,Tidak Stabil
2026-05-21 18:39:01,147.54,8.1,12.0,5.49,35.2,Tidak Stabil
2026-05-21 18:44:01,128.42,14.2,14.29,0.18,44.49,Tidak Stabil
2026-05-21 18:49:01,142.25,16.34,11.32,2.23,48.46,Tidak Stabil
2026-05-21 18:54:01,80.37,4.33,1.91,0.0,18.0,Tidak Stabil
2026-05-21 18:59:01,103.42,3.63,2.11,0.96,57.11,Tidak Stabil
2026-05-21 19:04:01,179.37,8.36,7.1,10.56,20.0,Tidak Stabil
2026-05-21 19:09:01,148.6,14.81,11.04,2.5,71.07,Tidak Stabil
2026-05-21 19:14:01,199.3,5.5,3.94,10.41,112.87,Tidak Stabil
2026-05-21 19:19:01,141.53,2.71,3.37,3.36,117.32,Tidak Stabil
2026-05-21 19:24:01,318.74,1.78,0.25,6.84,116.45,Tidak Stabil
2026-05-21 19:29:01,175.98,15.49,5.31,1.03,63.76,Tidak Stabil
2026-05-21 19:34:01,71.58,0.99,1.15,0.11,45.78,Tidak Stabil
2026-05-21 19:39:01,226.61,13.4,20.14,1.62,61.03,Tidak Stabil
2026-05-21 19:44:01,141.82,5.82,1.97,11.71,59.24,Tidak Stabil
2026-05-21 19:49:01,105.18,0.39,2.62,0.0,34.91,Tidak Stabil
2026-05-21 19:54:01,102.44,11.97,3.15,12.55,32.55,Tidak Stabil
2026-05-21 19:59:01,147.86,12.15,8.6,0.41,61.43,Tidak Stabil
2026-05-21 20:04:01,131.41,2.59,1.35,0.0,27.4,Tidak Stabil
2026-05-21 20:09:01,282.53,1.58,4.62,10.08,85.13,Tidak Stabil
2026-05-21 20:14:01,145.83,11.78,3.91,6.7,38.84,Tidak Stabil
2026-05-21 20:19:01,183.56,18.69,4.61,0.35,52.17,Tidak Stabil
2026-05-21 20:24:01,172.62,2.84,2.36,2.51,85.96,Tidak Stabil
2026-05-21 20:29:01,208.62,25.65,10.47,2.45,41.46,Tidak Stabil
2026-05-21 20:34:01,44.97,13.58,7.74,6.8,51.4,Tidak Stabil
2026-05-21 20:39:01,100.82,11.45,2.79,6.67,55.77,Tidak Stabil
2026-05-21 20:44:01,215.33,0.2,5.36,7.09,70.35,Tidak Stabil
2026-05-21 20:49:01,80.7,2.05,3.63,3.15,29.69,Tidak Stabil
2026-05-21 20:54:01,135.76,18.05,8.32,1.64,58.73,Tidak Stabil
2026-05-21 20:59:01,129.41,2.0,8.9,3.08,76.65,Tidak Stabil
2026-05-21 21:04:01,125.67,18.73,11.48,1.27,76.41,Tidak Stabil
2026-05-21 21:09:01,140.9,6.39,0.92,1.27,60.66,Tidak Stabil
2026-05-21 21:14:01,184.33,5.34,2.26,13.23,64.56,Tidak Stabil
2026-05-21 21:19:01,110.72,13.03,7.99,5.43,52.95,Tidak Stabil
2026-05-21 21:24:01,63.83,1.55,0.1,2.18,18.0,Tidak Stabil
2026-05-21 21:29:01,155.15,4.02,3.13,1.25,31.3,Tidak Stabil
2026-05-21 21:34:01,124.58,19.37,4.88,1.89,63.32,Tidak Stabil
2026-05-21 21:39:01,225.31,17.11,14.88,0.03,53.63,Tidak Stabil
2026-05-21 21:44:01,239.68,1.66,2.68,10.17,64.85,Tidak Stabil
2026-05-21 21:49:01,36.02,1.2,1.77,1.81,18.0,Tidak Stabil
2026-05-21 21:54:01,54.84,29.05,8.59,0.0,10.5,Stabil
2026-05-21 21:59:01,25.62,36.24,12.24,0.0,11.98,Stabil
2026-05-21 22:04:01,60.76,33.11,35.08,0.0,7.66,Stabil
2026-05-21 22:09:01,33.01,22.12,21.6,0.1,12.86,Stabil
2026-05-21 22:14:01,35.59,22.78,17.18,0.2,9.1,Stabil
2026-05-21 22:19:01,59.36,27.84,17.22,0.0,6.6,Stabil
2026-05-21 22:24:01,29.12,21.4,19.12,0.5,7.31,Stabil
2026-05-21 22:29:01,37.02,29.05,21.75,0.0,23.21,Stabil
2026-05-21 22:34:01,28.1,31.68,12.62,0.0,15.98,Stabil
2026-05-21 22:39:01,26.51,33.66,22.06,0.0,13.01,Stabil
2026-05-21 22:44:01,23.48,39.57,16.06,0.0,12.51,Stabil
2026-05-21 22:49:01,48.13,30.58,5.0,0.1,12.23,Stabil
2026-05-21 22:54:01,27.25,26.13,26.69,0.0,8.6,Stabil
2026-05-21 22:59:01,60.94,40.58,16.89,0.0,11.86,Stabil
2026-05-21 23:04:01,5.02,21.35,22.76,0.0,16.62,Stabil
2026-05-21 23:09:01,39.31,27.67,22.21,0.0,5.35,Stabil
2026-05-21 23:14:01,33.52,38.74,23.24,0.0,13.68,Stabil
2026-05-21 23:19:01,43.64,42.49,15.37,0.0,9.36,Stabil
2026-05-21 23:24:01,12.76,27.96,18.2,0.0,3.48,Stabil
2026-05-21 23:29:01,42.4,16.25,17.62,0.1,14.68,Stabil
2026-05-21 23:34:01,34.18,20.66,8.64,0.0,19.27,Stabil
2026-05-21 23:39:01,23.43,21.9,23.45,0.0,11.71,Stabil
2026-05-21 23:44:01,41.04,27.04,17.06,0.0,14.68,Stabil
2026-05-21 23:49:01,52.66,26.64,12.35,0.0,2.72,Stabil
2026-05-21 23:54:01,44.17,18.94,8.56,0.0,10.32,Stabil
2026-05-21 23:59:01,30.05,36.34,16.51,0.0,13.26,Stabil
2026-05-22 00:04:01,33.59,31.2,10.98,0.0,15.16,Stabil
2026-05-22 00:09:01,40.18,28.43,22.26,0.2,9.62,Stabil
2026-05-22 00:14:01,26.15,16.16,19.67,0.0,21.06,Stabil
2026-05-22 00:19:01,65.49,19.43,17.94,0.2,5.61,Stabil
2026-05-22 00:24:01,30.53,33.81,29.35,0.0,11.5,Stabil
2026-05-22 00:29:01,35.14,22.04,17.73,0.0,9.68,Stabil
2026-05-22 00:34:01,7.61,30.91,21.93,0.0,8.02,Stabil
2026-05-22 00:39:01,44.44,27.95,26.64,0.0,14.15,Stabil
2026-05-22 00:44:01,22.44,30.27,23.09,0.0,9.61,Stabil
2026-05-22 00:49:01,5.0,11.19,20.83,0.0,12.26,Stabil
2026-05-22 00:54:01,25.58,26.42,26.01,0.0,4.41,Stabil
2026-05-22 00:59:01,34.23,32.14,21.86,0.0,20.88,Stabil
2026-05-22 01:04:01,68.13,12.71,17.15,0.5,12.38,Stabil
2026-05-22 01:09:01,11.13,30.09,15.85,0.0,8.45,Stabil
2026-05-22 01:14:01,34.33,24.89,15.18,0.0,11.6,Stabil
2026-05-22 01:19:01,43.71,25.48,16.98,0.0,3.41,Stabil
2026-05-22 01:24:01,54.28,28.44,14.38,0.0,3.4,Stabil
2026-05-22 01:29:01,5.0,33.56,18.48,0.1,11.56,Stabil
2026-05-22 01:34:01,11.42,28.79,27.07,0.0,9.82,Stabil
2026-05-22 01:39:01,35.1,30.49,7.86,0.0,7.12,Stabil
2026-05-22 01:44:01,9.81,35.8,13.61,0.0,5.46,Stabil
2026-05-22 01:49:01,24.62,27.69,12.99,0.0,17.12,Stabil
2026-05-22 01:54:01,41.64,28.34,17.51,0.0,19.69,Stabil
2026-05-22 01:59:01,42.59,30.45,20.5,0.0,8.28,Stabil
2026-05-22 02:04:01,33.34,29.78,18.96,0.0,9.91,Stabil
2026-05-22 02:09:01,62.73,31.83,13.65,0.0,4.93,Stabil
2026-05-22 02:14:01,18.7,31.93,21.03,0.0,8.42,Stabil
2026-05-22 02:19:01,5.15,38.36,16.78,0.0,6.83,Stabil
2026-05-22 02:24:01,30.38,33.55,25.69,0.0,7.26,Stabil
2026-05-22 02:29:01,28.8,38.57,18.21,0.0,16.64,Stabil
2026-05-22 02:34:01,19.79,22.21,16.19,0.0,8.31,Stabil
2026-05-22 02:39:01,52.27,30.35,13.44,0.0,10.06,Stabil
2026-05-22 02:44:01,32.17,27.37,15.75,0.0,9.19,Stabil
2026-05-22 02:49:01,23.51,21.79,22.89,0.0,12.12,Stabil
2026-05-22 02:54:01,29.71,34.63,14.45,0.0,4.74,Stabil
2026-05-22 02:59:01,56.67,19.12,22.68,0.0,4.9,Stabil
2026-05-22 03:04:01,68.1,14.51,11.49,0.0,13.87,Stabil
2026-05-22 03:09:01,158.44,8.97,2.18,3.13,77.41,Tidak Stabil
2026-05-22 03:14:01,47.88,1.95,2.41,0.72,49.75,Tidak Stabil
2026-05-22 03:19:01,110.94,5.84,0.88,0.0,47.05,Tidak Stabil
2026-05-22 03:24:01,32.38,4.53,3.42,0.8,22.64,Tidak Stabil
2026-05-22 03:29:01,175.93,2.0,17.21,1.85,31.73,Tidak Stabil
2026-05-22 03:34:01,69.31,9.13,11.81,8.53,50.89,Tidak Stabil
2026-05-22 03:39:01,228.24,6.82,0.92,7.54,66.7,Tidak Stabil
2026-05-22 03:44:01,88.16,0.44,2.57,2.05,43.16,Tidak Stabil
2026-05-22 03:49:01,101.48,4.11,0.62,0.26,49.12,Tidak Stabil
2026-05-22 03:54:01,157.6,6.33,0.1,7.61,51.09,Tidak Stabil
2026-05-22 03:59:01,161.49,2.55,0.38,9.93,64.96,Tidak Stabil
2026-05-22 04:04:01,203.59,10.11,8.2,0.97,30.13,Tidak Stabil
2026-05-22 04:09:01,174.81,7.53,2.76,14.65,122.77,Tidak Stabil
2026-05-22 04:14:01,74.51,20.83,12.94,4.07,72.87,Tidak Stabil
2026-05-22 04:19:01,143.94,3.12,0.1,13.37,76.5,Tidak Stabil
2026-05-22 04:24:01,161.65,5.97,4.35,11.49,20.0,Tidak Stabil
2026-05-22 04:29:01,118.47,12.2,8.76,7.58,30.74,Tidak Stabil
2026-05-22 04:34:01,93.52,27.89,9.68,3.34,30.47,Tidak Stabil
2026-05-22 04:39:01,256.8,28.64,12.73,0.74,71.08,Tidak Stabil
2026-05-22 04:44:01,100.46,4.46,3.89,5.87,40.64,Tidak Stabil
2026-05-22 04:49:01,176.23,2.75,1.95,7.67,35.0,Tidak Stabil
2026-05-22 04:54:01,143.21,5.05,1.15,1.16,36.92,Tidak Stabil
2026-05-22 04:59:01,225.65,17.89,11.83,2.1,59.17,Tidak Stabil
2026-05-22 05:04:01,100.84,3.63,0.1,3.41,35.69,Tidak Stabil
2026-05-22 05:09:01,134.3,30.33,2.23,2.49,30.0,Tidak Stabil
2026-05-22 05:14:01,172.48,0.2,1.9,8.38,77.58,Tidak Stabil
2026-05-22 05:19:01,160.84,17.91,13.79,0.39,69.59,Tidak Stabil
2026-05-22 05:24:01,70.09,3.53,1.87,2.35,22.77,Tidak Stabil
2026-05-22 05:29:01,88.69,5.2,9.78,2.65,21.5,Tidak Stabil
2026-05-22 05:34:01,112.18,6.97,7.07,1.64,69.87,Tidak Stabil
2026-05-22 05:39:01,112.49,1.21,1.46,2.95,34.26,Tidak Stabil
2026-05-22 05:44:01,123.7,2.0,4.86,6.75,30.56,Tidak Stabil
2026-05-22 05:49:01,192.63,3.3,1.59,9.48,101.59,Tidak Stabil
2026-05-22 05:54:01,67.49,2.65,0.61,2.07,30.85,Tidak Stabil
2026-05-22 05:59:01,144.84,2.0,6.02,3.69,47.59,Tidak Stabil
2026-05-22 06:04:01,141.2,15.84,5.5,1.7,64.77,Tidak Stabil
2026-05-22 06:09:01,90.2,3.66,0.39,0.0,35.84,Tidak Stabil
2026-05-22 06:14:01,40.87,2.17,1.3,1.28,18.0,Tidak Stabil
2026-05-22 06:19:01,127.59,16.49,7.1,1.98,70.81,Tidak Stabil
2026-05-22 06:24:01,143.57,9.53,7.93,5.0,52.5,Tidak Stabil
2026-05-22 06:29:01,90.16,4.76,1.07,1.17,24.84,Tidak Stabil
2026-05-22 06:34:01,169.42,22.09,4.78,2.1,50.31,Tidak Stabil
2026-05-22 06:39:01,155.65,13.0,10.31,1.34,75.28,Tidak Stabil
2026-05-22 06:44:01,116.18,4.11,7.56,3.48,50.04,Tidak Stabil
2026-05-22 06:49:01,233.13,4.07,0.68,4.8,130.91,Tidak Stabil
2026-05-22 06:54:01,224.61,4.83,15.85,2.63,65.93,Tidak Stabil
2026-05-22 06:59:01,76.55,16.98,9.08,6.88,27.12,Tidak Stabil
2026-05-22 07:04:01,127.4,20.33,9.4,0.08,70.57,Tidak Stabil
2026-05-22 07:09:01,54.94,39.8,11.22,0.0,11.61,Stabil
2026-05-22 07:14:01,30.08,27.62,19.62,0.0,10.11,Stabil
2026-05-22 07:19:01,26.69,30.67,21.09,0.0,1.76,Stabil
2026-05-22 07:24:01,43.33,38.6,22.79,0.0,10.91,Stabil
2026-05-22 07:29:01,26.36,24.26,27.43,0.0,6.3,Stabil
2026-05-22 07:34:01,12.71,31.94,19.95,0.0,4.16,Stabil
2026-05-22 07:39:01,47.63,13.55,18.21,0.0,8.09,Stabil
2026-05-22 07:44:01,37.53,29.84,18.47,0.0,11.72,Stabil
2026-05-22 07:49:01,5.0,31.2,31.23,0.2,7.45,Stabil
2026-05-22 07:54:01,50.92,30.28,18.35,0.0,15.64,Stabil
2026-05-22 07:59:01,23.09,44.38,16.76,0.5,6.45,Stabil
2026-05-22 08:04:01,36.48,26.19,20.61,0.0,14.98,Stabil
2026-05-22 08:09:01,26.22,41.75,29.26,0.0,6.16,Stabil
2026-05-22 08:14:01,28.08,31.08,32.13,0.0,7.07,Stabil
2026-05-22 08:19:01,23.52,28.87,30.85,0.1,19.12,Stabil
2026-05-22 08:24:01,20.97,34.72,19.08,0.0,14.76,Stabil
2026-05-22 08:29:01,38.52,26.27,17.09,0.1,11.69,Stabil
2026-05-22 08:34:01,16.11,27.67,25.37,0.0,15.63,Stabil
2026-05-22 08:39:01,17.65,25.21,15.36,0.5,3.81,Stabil
2026-05-22 08:44:01,23.7,36.83,18.84,0.0,12.18,Stabil
2026-05-22 08:49:01,5.0,21.09,14.54,0.0,3.21,Stabil
2026-05-22 08:54:01,58.89,29.36,26.16,0.0,5.57,Stabil
2026-05-22 08:59:01,33.39,31.45,26.42,0.0,16.25,Stabil
2026-05-22 09:04:01,6.68,33.62,29.73,0.2,3.78,Stabil
2026-05-22 09:09:01,39.34,27.8,11.14,0.0,11.56,Stabil
2026-05-22 09:14:01,33.7,28.33,10.91,0.0,9.67,Stabil
2026-05-22 09:19:01,30.98,41.02,14.99,0.0,6.6,Stabil
2026-05-22 09:24:01,37.09,22.32,14.25,0.0,10.77,Stabil
2026-05-22 09:29:01,8.59,20.71,6.15,0.0,13.7,Stabil
2026-05-22 09:34:01,211.11,1.28,0.1,8.22,96.5,Tidak Stabil
2026-05-22 09:39:01,149.64,5.41,2.39,1.27,39.1,Tidak Stabil
2026-05-22 09:44:01,190.12,3.91,1.78,7.59,134.7,Tidak Stabil
2026-05-22 09:49:01,97.51,3.27,3.87,0.0,27.17,Tidak Stabil
2026-05-22 09:54:01,135.52,1.09,2.38,3.01,18.0,Tidak Stabil
2026-05-22 09:59:01,81.92,3.99,2.0,0.91,37.23,Tidak Stabil
2026-05-22 10:04:01,78.76,5.43,9.39,5.03,66.53,Tidak Stabil
2026-05-22 10:09:01,173.57,10.06,1.0,11.22,69.67,Tidak Stabil
2026-05-22 10:14:01,242.83,2.11,4.86,5.32,104.22,Tidak Stabil
2026-05-22 10:19:01,157.15,21.5,17.99,1.29,62.29,Tidak Stabil
2026-05-22 10:24:01,184.52,5.54,15.03,1.93,68.73,Tidak Stabil
2026-05-22 10:29:01,183.73,13.34,9.58,1.99,48.66,Tidak Stabil
2026-05-22 10:34:01,212.41,17.91,6.63,1.66,61.52,Tidak Stabil
2026-05-22 10:39:01,199.91,0.36,2.64,10.12,73.05,Tidak Stabil
2026-05-22 10:44:01,146.9,3.85,2.42,2.29,49.97,Tidak Stabil
2026-05-22 10:49:01,216.55,14.72,3.53,2.59,44.84,Tidak Stabil
2026-05-22 10:54:01,186.4,4.87,3.24,4.8,113.0,Tidak Stabil
2026-05-22 10:59:01,85.55,8.0,10.5,15.52,51.41,Tidak Stabil
2026-05-22 11:04:01,199.58,3.77,2.94,11.3,99.52,Tidak Stabil
2026-05-22 11:09:01,219.27,18.15,7.7,0.83,67.49,Tidak Stabil
2026-05-22 11:14:01,61.9,10.89,1.0,7.78,43.65,Tidak Stabil
2026-05-22 11:19:01,73.42,11.3,4.85,8.5,35.61,Tidak Stabil
2026-05-22 11:24:01,123.2,2.34,0.76,0.83,53.41,Tidak Stabil
2026-05-22 11:29:01,95.0,6.65,17.13,2.75,80.74,Tidak Stabil
2026-05-22 11:34:01,30.0,4.6,2.5,2.72,38.41,Tidak Stabil
2026-05-22 11:39:01,83.42,17.44,5.75,6.02,51.23,Tidak Stabil
2026-05-22 11:44:01,283.34,2.88,2.03,13.45,108.07,Tidak Stabil
2026-05-22 11:49:01,151.59,10.72,2.38,2.31,48.59,Tidak Stabil
2026-05-22 11:54:01,92.82,4.2,1.48,0.87,23.98,Tidak Stabil
2026-05-22 11:59:01,228.99,7.54,3.5,9.19,78.6,Tidak Stabil
2026-05-22 12:04:01,123.81,13.72,1.0,10.41,21.23,Tidak Stabil
2026-05-22 12:09:01,206.67,5.48,8.69,2.46,54.61,Tidak Stabil
2026-05-22 12:14:01,250.94,2.71,0.44,10.64,83.73,Tidak Stabil
2026-05-22 12:19:01,218.61,9.15,1.33,15.99,55.76,Tidak Stabil
2026-05-22 12:24:01,130.4,24.98,3.15,2.92,47.21,Tidak Stabil
2026-05-22 12:29:01,162.3,3.93,10.81,5.23,44.87,Tidak Stabil
2026-05-22 12:34:01,214.0,14.1,21.8,1.14,48.15,Tidak Stabil
2026-05-22 12:39:01,230.94,3.19,2.59,7.48,77.6,Tidak Stabil
2026-05-22 12:44:01,162.22,1.66,1.51,1.82,35.08,Tidak Stabil
2026-05-22 12:49:01,133.39,21.98,7.84,2.68,36.89,Tidak Stabil
2026-05-22 12:54:01,92.54,2.45,1.48,2.25,47.28,Tidak Stabil
2026-05-22 12:59:01,203.2,5.55,0.78,14.74,85.39,Tidak Stabil
2026-05-22 13:04:01,96.82,1.63,5.0,0.0,18.0,Tidak Stabil
2026-05-22 13:09:01,40.0,15.86,7.11,3.07,60.84,Tidak Stabil
2026-05-22 13:14:01,168.35,19.97,2.08,7.98,43.68,Tidak Stabil
2026-05-22 13:19:01,82.61,4.68,1.55,0.0,33.83,Tidak Stabil
2026-05-22 13:24:01,188.61,3.65,1.72,10.71,76.7,Tidak Stabil
2026-05-22 13:29:01,70.01,3.24,0.46,1.79,18.0,Tidak Stabil
2026-05-22 13:34:01,106.96,4.89,2.05,0.48,30.25,Tidak Stabil
2026-05-22 13:39:01,137.48,18.84,3.31,0.41,59.47,Tidak Stabil
2026-05-22 13:44:01,34.6,29.35,19.97,0.0,10.29,Stabil
2026-05-22 13:49:01,33.83,33.02,18.0,0.0,1.0,Stabil
2026-05-22 13:54:01,49.25,25.23,17.65,0.0,7.73,Stabil
2026-05-22 13:59:01,12.35,33.77,14.54,0.0,1.0,Stabil
2026-05-22 14:04:01,46.16,34.85,15.22,0.0,13.36,Stabil
2026-05-22 14:09:01,27.71,12.84,20.48,0.1,12.6,Stabil
2026-05-22 14:14:01,44.57,15.55,14.49,0.0,8.38,Stabil
2026-05-22 14:19:01,41.21,20.95,24.63,0.0,12.64,Stabil
2026-05-22 14:24:01,41.68,32.97,12.73,0.0,19.1,Stabil
2026-05-22 14:29:01,47.28,39.16,16.54,0.0,17.03,Stabil
2026-05-22 14:34:01,10.23,31.32,16.98,0.0,9.8,Stabil
2026-05-22 14:39:01,37.83,38.89,17.9,0.0,8.66,Stabil
2026-05-22 14:44:01,5.0,23.32,23.13,0.5,12.24,Stabil
2026-05-22 14:49:01,36.91,17.51,17.99,0.0,6.98,Stabil
2026-05-22 14:54:01,78.95,42.77,18.32,0.0,10.8,Stabil
2026-05-22 14:59:01,27.28,25.13,22.79,0.0,15.37,Stabil
2026-05-22 15:04:01,39.99,28.81,7.92,0.0,13.74,Stabil
2026-05-22 15:09:01,43.32,21.54,12.45,0.0,13.21,Stabil
2026-05-22 15:14:01,24.51,18.42,14.19,0.0,1.93,Stabil
2026-05-22 15:19:01,31.95,29.9,11.58,0.5,16.76,Stabil
2026-05-22 15:24:01,17.07,28.43,18.38,0.0,9.26,Stabil
2026-05-22 15:29:01,64.5,24.5,31.16,0.0,13.23,Stabil
2026-05-22 15:34:01,18.88,32.75,15.41,0.0,1.68,Stabil
2026-05-22 15:39:01,25.82,38.14,15.01,0.0,6.62,Stabil
2026-05-22 15:44:01,31.68,41.85,14.0,0.1,18.3,Stabil
2026-05-22 15:49:01,35.37,37.02,19.38,0.0,17.47,Stabil
2026-05-22 15:54:01,46.76,25.69,18.76,0.0,6.94,Stabil
2026-05-22 15:59:01,48.52,25.87,19.79,0.0,15.35,Stabil
2026-05-22 16:04:01,5.0,22.67,13.41,0.0,8.59,Stabil
2026-05-22 16:09:01,50.5,17.81,13.84,0.0,1.0,Stabil
2026-05-22 16:14:01,35.06,29.95,18.22,0.1,7.86,Stabil
2026-05-22 16:19:01,46.11,36.04,20.35,0.0,5.52,Stabil
2026-05-22 16:24:01,48.99,29.38,12.38,0.1,5.95,Stabil
2026-05-22 16:29:01,221.44,17.89,2.32,4.7,86.01,Tidak Stabil
2026-05-22 16:34:01,150.35,34.38,12.32,0.87,68.96,Tidak Stabil
2026-05-22 16:39:01,100.75,3.58,2.63,1.69,31.03,Tidak Stabil
2026-05-22 16:44:01,135.53,16.83,8.84,1.96,38.17,Tidak Stabil
2026-05-22 16:49:01,119.59,20.41,7.15,0.87,48.67,Tidak Stabil
2026-05-22 16:54:01,170.9,27.11,12.33,0.77,62.15,Tidak Stabil
2026-05-22 16:59:01,99.24,5.97,13.79,12.96,56.71,Tidak Stabil
2026-05-22 17:04:01,198.63,15.42,1.0,2.48,30.97,Tidak Stabil
2026-05-22 17:09:01,157.32,29.63,13.58,2.11,50.2,Tidak Stabil
2026-05-22 17:14:01,282.18,1.52,1.83,2.0,99.63,Tidak Stabil
2026-05-22 17:19:01,48.09,14.1,13.27,8.04,32.03,Tidak Stabil
2026-05-22 17:24:01,39.5,4.52,2.61,1.1,36.84,Tidak Stabil
2026-05-22 17:29:01,181.52,16.24,10.92,1.67,43.56,Tidak Stabil
2026-05-22 17:34:01,56.28,6.26,0.71,1.26,39.83,Tidak Stabil
2026-05-22 17:39:01,202.52,2.16,3.5,7.52,132.25,Tidak Stabil
2026-05-22 17:44:01,115.85,10.98,2.03,0.63,39.74,Tidak Stabil
2026-05-22 17:49:01,164.64,11.01,1.0,2.98,30.0,Tidak Stabil
2026-05-22 17:54:01,133.57,2.0,7.12,8.64,59.1,Tidak Stabil
2026-05-22 17:59:01,38.34,3.84,1.67,0.89,40.3,Tidak Stabil
2026-05-22 18:04:01,117.58,12.89,4.51,7.01,54.54,Tidak Stabil
2026-05-22 18:09:01,127.85,10.54,7.32,1.67,55.63,Tidak Stabil
2026-05-22 18:14:01,146.66,17.63,7.84,10.15,46.43,Tidak Stabil
2026-05-22 18:19:01,151.21,8.92,1.03,2.0,110.81,Tidak Stabil
2026-05-22 18:24:01,154.83,18.11,1.0,2.84,80.94,Tidak Stabil
2026-05-22 18:29:01,204.85,7.5,1.62,2.17,111.04,Tidak Stabil
2026-05-22 18:34:01,217.32,5.53,5.59,2.0,54.42,Tidak Stabil
2026-05-22 18:39:01,204.44,17.26,1.0,6.33,41.97,Tidak Stabil
2026-05-22 18:44:01,125.68,21.54,5.15,8.35,20.0,Tidak Stabil
2026-05-22 18:49:01,117.91,3.11,1.85,2.25,24.43,Tidak Stabil
2026-05-22 18:54:01,156.91,5.42,1.18,2.25,46.72,Tidak Stabil
2026-05-22 18:59:01,150.25,16.91,13.21,8.16,44.2,Tidak Stabil
2026-05-22 19:04:01,155.81,26.3,12.7,6.11,59.49,Tidak Stabil
2026-05-22 19:09:01,95.38,14.49,13.63,1.8,73.39,Tidak Stabil
2026-05-22 19:14:01,175.19,17.5,13.22,1.9,49.33,Tidak Stabil
2026-05-22 19:19:01,198.29,2.08,1.35,17.03,121.85,Tidak Stabil
2026-05-22 19:24:01,95.0,16.28,1.0,0.16,37.85,Tidak Stabil
2026-05-22 19:29:01,246.19,4.15,1.76,11.02,69.04,Tidak Stabil
2026-05-22 19:34:01,79.97,3.66,2.44,0.52,39.91,Tidak Stabil
2026-05-22 19:39:01,188.3,15.65,13.37,1.45,60.08,Tidak Stabil
2026-05-22 19:44:01,73.35,8.59,4.49,7.12,35.23,Tidak Stabil
2026-05-22 19:49:01,140.53,12.41,3.22,9.71,48.79,Tidak Stabil
2026-05-22 19:54:01,108.83,1.87,3.45,1.51,25.98,Tidak Stabil
2026-05-22 19:59:01,140.74,5.89,0.2,4.65,81.54,Tidak Stabil
2026-05-22 20:04:01,87.86,11.16,12.51,9.24,53.75,Tidak Stabil
2026-05-22 20:09:01,86.82,6.19,2.34,0.0,52.66,Tidak Stabil
2026-05-22 20:14:01,48.69,35.61,6.53,0.2,12.93,Stabil
2026-05-22 20:19:01,19.74,25.1,17.61,0.0,12.76,Stabil
2026-05-22 20:24:01,43.54,10.0,14.12,0.0,10.7,Stabil
2026-05-22 20:29:01,12.38,27.88,16.26,0.0,15.58,Stabil
2026-05-22 20:34:01,56.14,33.75,9.99,0.0,11.48,Stabil
2026-05-22 20:39:01,23.19,21.71,24.76,0.0,14.77,Stabil
2026-05-22 20:44:01,26.12,30.77,18.41,0.0,13.59,Stabil
2026-05-22 20:49:01,46.04,39.6,17.92,0.0,9.01,Stabil
2026-05-22 20:54:01,19.96,28.01,22.15,0.0,5.23,Stabil
2026-05-22 20:59:01,39.84,40.31,13.11,0.5,8.41,Stabil
2026-05-22 21:04:01,17.28,26.26,15.95,0.0,2.3,Stabil
2026-05-22 21:09:01,38.49,33.72,13.79,0.5,15.94,Stabil
2026-05-22 21:14:01,18.29,29.81,17.23,0.0,13.4,Stabil
2026-05-22 21:19:01,71.39,19.8,12.64,0.0,3.83,Stabil
2026-05-22 21:24:01,38.78,30.71,12.06,0.0,1.0,Stabil
2026-05-22 21:29:01,22.26,24.55,30.86,0.5,16.45,Stabil
2026-05-22 21:34:01,23.12,28.49,7.81,0.0,8.32,Stabil
2026-05-22 21:39:01,5.0,33.55,12.08,0.0,6.68,Stabil
2026-05-22 21:44:01,11.17,32.08,26.05,0.0,13.77,Stabil
2026-05-22 21:49:01,26.34,22.98,11.4,0.0,2.51,Stabil
2026-05-22 21:54:01,70.1,26.58,19.52,0.0,11.84,Stabil
2026-05-22 21:59:01,18.72,27.02,24.45,0.0,8.69,Stabil
2026-05-22 22:04:01,38.47,31.72,19.37,0.0,8.78,Stabil
2026-05-22 22:09:01,31.93,24.24,16.29,0.0,4.32,Stabil
2026-05-22 22:14:01,5.0,41.98,21.33,0.0,7.33,Stabil
2026-05-22 22:19:01,33.65,21.45,22.36,0.2,1.0,Stabil
2026-05-22 22:24:01,24.07,33.73,23.65,0.0,9.38,Stabil
2026-05-22 22:29:01,45.37,24.28,25.18,0.0,5.59,Stabil
2026-05-22 22:34:01,19.91,19.48,21.95,0.0,15.4,Stabil
2026-05-22 22:39:01,17.37,30.61,22.36,0.0,6.23,Stabil
2026-05-22 22:44:01,36.14,29.0,12.49,0.0,9.09,Stabil
2026-05-22 22:49:01,12.42,19.35,27.39,0.0,14.44,Stabil
2026-05-22 22:54:01,48.54,35.62,20.33,0.0,7.99,Stabil
2026-05-22 22:59:01,55.44,23.1,18.75,0.5,11.74,Stabil
2026-05-22 23:04:01,39.25,20.51,21.48,0.0,8.56,Stabil
2026-05-22 23:09:01,50.18,31.42,8.17,0.0,8.84,Stabil
2026-05-22 23:14:01,67.5,34.42,20.69,0.0,6.51,Stabil
2026-05-22 23:19:01,6.71,27.13,20.25,0.0,5.21,Stabil
2026-05-22 23:24:01,62.31,45.71,19.23,0.0,15.45,Stabil
2026-05-22 23:29:01,50.44,18.24,14.32,0.2,19.37,Stabil
2026-05-22 23:34:01,21.6,27.34,15.3,0.0,17.37,Stabil
2026-05-22 23:39:01,10.92,24.86,9.81,0.2,14.47,Stabil
2026-05-22 23:44:01,37.21,37.74,8.87,0.0,9.89,Stabil
2026-05-22 23:49:01,28.22,40.5,15.89,0.0,6.47,Stabil
2026-05-22 23:54:01,22.73,34.54,8.29,0.0,4.25,Stabil
2026-05-22 23:59:01,12.62,30.22,17.54,0.0,12.87,Stabil
2026-05-23 00:04:01,48.14,34.31,24.65,0.0,1.94,Stabil
2026-05-23 00:09:01,40.41,33.52,22.93,0.0,1.35,Stabil
2026-05-23 00:14:01,8.73,33.07,20.93,0.0,17.65,Stabil
2026-05-23 00:19:01,40.52,24.13,20.36,0.0,7.87,Stabil
2026-05-23 00:24:01,47.57,38.62,16.04,0.0,7.88,Stabil
2026-05-23 00:29:01,47.11,19.92,22.09,0.2,1.0,Stabil
2026-05-23 00:34:01,52.89,42.36,14.33,0.0,6.23,Stabil
2026-05-23 00:39:01,33.1,45.21,20.57,0.0,13.0,Stabil
2026-05-23 00:44:01,50.91,20.25,29.03,0.5,12.8,Stabil
2026-05-23 00:49:01,10.61,36.71,12.91,0.0,1.0,Stabil
2026-05-23 00:54:01,23.15,40.49,22.99,0.0,1.3,Stabil
2026-05-23 00:59:01,56.29,28.94,26.48,0.0,7.71,Stabil
2026-05-23 01:04:01,15.49,30.38,16.72,0.0,3.8,Stabil
2026-05-23 01:09:01,43.42,15.26,26.65,0.0,18.71,Stabil
2026-05-23 01:14:01,46.77,36.62,26.5,0.0,21.26,Stabil
2026-05-23 01:19:01,39.85,36.52,25.85,0.0,7.9,Stabil
2026-05-23 01:24:01,27.52,30.56,16.9,0.0,1.94,Stabil
2026-05-23 01:29:01,40.16,25.99,26.39,0.0,13.44,Stabil
2026-05-23 01:34:01,56.56,18.76,11.04,0.0,1.0,Stabil
2026-05-23 01:39:01,35.31,11.52,12.8,0.0,18.26,Stabil
2026-05-23 01:44:01,51.7,22.83,11.57,0.0,8.45,Stabil
2026-05-23 01:49:01,136.77,18.42,5.12,2.62,59.78,Tidak Stabil
2026-05-23 01:54:01,133.07,14.11,13.02,1.6,67.86,Tidak Stabil
2026-05-23 01:59:01,146.09,11.21,11.02,7.69,40.71,Tidak Stabil
2026-05-23 02:04:01,143.39,6.3,2.69,0.36,56.05,Tidak Stabil
2026-05-23 02:09:01,213.46,1.85,0.35,6.45,84.48,Tidak Stabil
2026-05-23 02:14:01,55.69,3.38,1.7,0.24,46.27,Tidak Stabil
2026-05-23 02:19:01,130.79,2.0,4.95,5.84,38.95,Tidak Stabil
2026-05-23 02:24:01,269.99,3.56,0.62,10.46,35.0,Tidak Stabil
2026-05-23 02:29:01,108.68,4.15,1.83,1.01,29.47,Tidak Stabil
2026-05-23 02:34:01,90.46,7.54,2.03,1.0,18.0,Tidak Stabil
2026-05-23 02:39:01,129.16,6.0,2.55,8.03,91.13,Tidak Stabil
2026-05-23 02:44:01,137.67,9.43,4.64,2.39,30.0,Tidak Stabil
2026-05-23 02:49:01,30.0,2.61,1.84,1.08,64.7,Tidak Stabil
2026-05-23 02:54:01,159.11,5.64,2.12,7.28,83.68,Tidak Stabil
2026-05-23 02:59:01,103.79,2.62,1.01,0.48,18.0,Tidak Stabil
2026-05-23 03:04:01,149.94,9.87,9.16,6.99,20.0,Tidak Stabil
2026-05-23 03:09:01,161.3,18.48,18.46,3.37,65.49,Tidak Stabil
2026-05-23 03:14:01,110.0,5.76,5.41,11.04,77.12,Tidak Stabil
2026-05-23 03:19:01,50.96,2.24,1.54,0.94,30.66,Tidak Stabil
2026-05-23 03:24:01,84.68,3.87,0.1,0.51,26.31,Tidak Stabil
2026-05-23 03:29:01,156.6,1.28,2.32,4.93,69.22,Tidak Stabil
2026-05-23 03:34:01,159.07,26.1,1.72,3.04,30.0,Tidak Stabil
2026-05-23 03:39:01,102.66,1.78,2.22,2.13,40.17,Tidak Stabil
2026-05-23 03:44:01,212.66,4.8,4.54,1.94,67.81,Tidak Stabil
2026-05-23 03:49:01,164.17,18.4,12.78,0.52,46.21,Tidak Stabil
2026-05-23 03:54:01,110.0,7.06,3.9,7.13,65.18,Tidak Stabil
2026-05-23 03:59:01,175.74,0.2,0.23,8.62,81.52,Tidak Stabil
2026-05-23 04:04:01,198.99,18.18,17.76,0.71,81.31,Tidak Stabil
2026-05-23 04:09:01,56.61,2.83,0.66,0.75,43.17,Tidak Stabil
2026-05-23 04:14:01,34.9,36.95,26.61,0.0,4.08,Stabil
2026-05-23 04:19:01,54.18,21.31,12.06,0.0,6.86,Stabil
2026-05-23 04:24:01,34.83,39.23,29.45,0.0,11.3,Stabil
2026-05-23 04:29:01,39.3,19.3,20.05,0.1,13.52,Stabil
2026-05-23 04:34:01,16.48,20.91,16.07,0.0,15.33,Stabil
2026-05-23 04:39:01,41.56,23.18,7.84,0.0,11.79,Stabil
2026-05-23 04:44:01,44.7,45.1,22.27,0.0,6.06,Stabil
2026-05-23 04:49:01,31.57,13.82,21.05,0.0,11.04,Stabil
2026-05-23 04:54:01,25.06,26.73,16.1,0.0,17.84,Stabil
2026-05-23 04:59:01,48.46,24.29,22.08,0.0,10.27,Stabil
2026-05-23 05:04:01,58.74,28.68,16.11,0.5,10.33,Stabil
2026-05-23 05:09:01,19.48,21.34,35.67,0.0,4.99,Stabil
2026-05-23 05:14:01,17.55,11.46,5.0,0.2,13.85,Stabil
2026-05-23 05:19:01,32.76,37.32,15.91,0.0,7.44,Stabil
2026-05-23 05:24:01,42.32,23.87,21.28,0.0,10.48,Stabil
2026-05-23 05:29:01,41.41,27.9,21.28,0.0,13.9,Stabil
2026-05-23 05:34:01,24.77,37.64,32.08,0.0,13.28,Stabil
2026-05-23 05:39:01,48.34,37.97,17.56,0.0,6.25,Stabil
2026-05-23 05:44:01,19.41,18.93,16.69,0.5,4.98,Stabil
2026-05-23 05:49:01,38.97,13.54,16.6,0.1,14.12,Stabil
2026-05-23 05:54:01,17.9,17.52,12.55,0.0,11.74,Stabil
2026-05-23 05:59:01,34.99,40.24,21.43,0.0,3.89,Stabil
2026-05-23 06:04:01,42.19,18.62,23.81,0.5,21.69,Stabil
2026-05-23 06:09:01,5.0,38.59,16.99,0.0,11.29,Stabil
2026-05-23 06:14:01,23.59,30.02,11.17,0.0,1.0,Stabil
2026-05-23 06:19:01,20.7,25.42,26.98,0.0,13.54,Stabil
2026-05-23 06:24:01,44.77,17.05,10.35,0.0,10.76,Stabil
2026-05-23 06:29:01,108.63,4.08,2.25,1.44,34.02,Tidak Stabil
2026-05-23 06:34:01,153.58,0.94,2.47,2.87,51.35,Tidak Stabil
2026-05-23 06:39:01,97.09,0.3,2.24,1.78,18.0,Tidak Stabil
2026-05-23 06:44:01,115.94,11.05,16.0,1.68,65.76,Tidak Stabil
2026-05-23 06:49:01,135.93,1.34,3.1,8.12,104.01,Tidak Stabil
2026-05-23 06:54:01,111.46,1.31,1.35,0.44,50.45,Tidak Stabil
2026-05-23 06:59:01,141.08,22.99,14.99,1.48,50.48,Tidak Stabil
2026-05-23 07:04:01,151.2,6.6,3.22,7.83,41.7,Tidak Stabil
2026-05-23 07:09:01,138.44,2.71,2.94,0.92,37.62,Tidak Stabil
2026-05-23 07:14:01,64.52,12.43,1.0,7.08,60.87,Tidak Stabil
2026-05-23 07:19:01,216.58,28.2,7.42,0.0,70.13,Tidak Stabil
2026-05-23 07:24:01,98.96,12.46,11.24,6.76,29.2,Tidak Stabil
2026-05-23 07:29:01,133.09,0.2,0.84,6.36,109.6,Tidak Stabil
2026-05-23 07:34:01,50.77,4.58,3.99,0.0,39.7,Tidak Stabil
2026-05-23 07:39:01,107.78,9.68,1.9,7.87,30.17,Tidak Stabil
2026-05-23 07:44:01,127.83,12.01,1.0,3.21,78.85,Tidak Stabil
2026-05-23 07:49:01,209.4,5.07,3.32,9.07,91.75,Tidak Stabil
2026-05-23 07:54:01,162.63,18.72,8.75,3.35,42.24,Tidak Stabil
2026-05-23 07:59:01,178.1,17.26,7.84,1.74,45.03,Tidak Stabil
2026-05-23 08:04:01,174.1,19.73,11.62,1.4,42.44,Tidak Stabil
2026-05-23 08:09:01,222.82,4.08,5.03,7.13,105.85,Tidak Stabil
2026-05-23 08:14:01,90.54,2.21,0.68,1.19,52.72,Tidak Stabil
2026-05-23 08:19:01,51.77,3.74,3.35,1.89,58.05,Tidak Stabil
2026-05-23 08:24:01,134.73,5.93,7.72,2.82,31.04,Tidak Stabil
2026-05-23 08:29:01,30.0,5.97,3.05,1.65,18.28,Tidak Stabil
2026-05-23 08:34:01,110.0,3.01,1.57,16.87,85.51,Tidak Stabil
2026-05-23 08:39:01,100.94,12.66,1.0,5.76,54.19,Tidak Stabil
2026-05-23 08:44:01,102.42,3.07,1.41,0.92,24.7,Tidak Stabil
2026-05-23 08:49:01,41.74,28.29,9.86,0.0,7.56,Stabil
2026-05-23 08:54:01,28.24,24.17,18.04,0.0,10.65,Stabil
2026-05-23 08:59:01,55.71,19.73,5.82,0.0,8.3,Stabil
2026-05-23 09:04:01,31.96,31.31,6.3,0.0,5.85,Stabil
2026-05-23 09:09:01,27.57,23.99,13.21,0.0,18.27,Stabil
2026-05-23 09:14:01,21.51,32.88,27.65,0.0,12.08,Stabil
2026-05-23 09:19:01,57.41,32.99,18.01,0.0,9.99,Stabil
2026-05-23 09:24:01,12.15,31.4,17.57,0.0,16.21,Stabil
2026-05-23 09:29:01,37.92,29.16,13.85,0.1,12.29,Stabil
2026-05-23 09:34:01,56.64,40.5,17.15,0.0,11.19,Stabil
2026-05-23 09:39:01,59.86,28.7,30.46,0.0,5.91,Stabil
2026-05-23 09:44:01,52.58,31.21,21.37,0.0,5.41,Stabil
2026-05-23 09:49:01,6.3,23.42,11.13,0.0,3.09,Stabil
2026-05-23 09:54:01,63.52,27.91,14.77,0.0,16.81,Stabil
2026-05-23 09:59:01,20.48,36.42,24.77,0.0,16.74,Stabil
2026-05-23 10:04:01,39.01,38.29,22.53,0.0,2.47,Stabil
2026-05-23 10:09:01,29.27,30.13,25.45,0.0,8.25,Stabil
2026-05-23 10:14:01,36.52,25.85,18.42,0.0,11.04,Stabil
2026-05-23 10:19:01,36.75,27.72,19.97,0.0,2.63,Stabil
2026-05-23 10:24:01,42.45,30.9,25.59,0.0,3.72,Stabil
2026-05-23 10:29:01,20.52,20.5,10.82,0.0,10.67,Stabil
2026-05-23 10:34:01,22.89,25.33,5.0,0.0,7.04,Stabil
2026-05-23 10:39:01,26.43,10.0,8.13,0.1,7.06,Stabil
2026-05-23 10:44:01,47.68,13.56,22.39,0.0,6.8,Stabil
2026-05-23 10:49:01,50.53,18.7,21.25,0.0,18.83,Stabil
2026-05-23 10:54:01,23.07,29.13,15.84,0.0,20.15,Stabil
2026-05-23 10:59:01,27.12,25.24,13.25,0.0,11.7,Stabil
2026-05-23 11:04:01,9.67,34.28,23.45,0.0,12.29,Stabil
2026-05-23 11:09:01,6.22,23.97,22.27,0.0,7.86,Stabil
2026-05-23 11:14:01,50.91,14.81,13.84,0.0,6.4,Stabil
2026-05-23 11:19:01,10.43,22.2,18.19,0.0,6.64,Stabil
2026-05-23 11:24:01,28.54,32.58,24.35,0.0,11.48,Stabil
2026-05-23 11:29:01,24.92,21.49,15.07,0.2,7.43,Stabil
2026-05-23 11:34:01,55.67,44.06,27.55,0.2,3.38,Stabil
2026-05-23 11:39:01,33.59,25.42,13.2,0.0,1.0,Stabil
2026-05-23 11:44:01,26.17,39.26,23.89,0.0,7.45,Stabil
2026-05-23 11:49:01,23.79,19.38,14.57,0.0,1.0,Stabil
2026-05-23 11:54:01,30.56,17.91,21.88,0.5,12.42,Stabil
2026-05-23 11:59:01,38.79,40.79,11.6,0.0,6.88,Stabil
2026-05-23 12:04:01,16.14,25.8,27.46,0.0,7.47,Stabil
2026-05-23 12:09:01,25.49,18.97,31.54,0.0,11.07,Stabil
2026-05-23 12:14:01,5.0,18.11,5.0,0.0,9.62,Stabil
2026-05-23 12:19:01,266.56,6.08,4.55,12.64,72.91,Tidak Stabil
2026-05-23 12:24:01,193.67,3.77,1.38,6.61,126.21,Tidak Stabil
2026-05-23 12:29:01,138.74,1.83,2.98,2.39,78.96,Tidak Stabil
2026-05-23 12:34:01,136.46,0.3,1.42,0.95,27.89,Tidak Stabil
2026-05-23 12:39:01,172.21,22.64,9.46,3.29,83.89,Tidak Stabil
2026-05-23 12:44:01,233.74,3.33,1.03,7.06,79.33,Tidak Stabil
2026-05-23 12:49:01,116.23,3.27,3.16,13.65,77.37,Tidak Stabil
2026-05-23 12:54:01,130.75,12.28,21.13,0.4,40.73,Tidak Stabil
2026-05-23 12:59:01,126.38,4.66,10.71,2.78,69.33,Tidak Stabil
2026-05-23 13:04:01,175.56,5.63,0.15,7.97,109.64,Tidak Stabil
2026-05-23 13:09:01,175.87,3.0,0.1,10.65,81.84,Tidak Stabil
2026-05-23 13:14:01,107.85,3.91,3.68,0.58,32.11,Tidak Stabil
2026-05-23 13:19:01,125.89,16.72,3.21,6.1,71.58,Tidak Stabil
2026-05-23 13:24:01,64.74,5.77,1.81,1.26,22.31,Tidak Stabil
2026-05-23 13:29:01,215.26,6.47,9.37,1.39,72.16,Tidak Stabil
2026-05-23 13:34:01,105.2,21.65,15.54,3.01,84.82,Tidak Stabil
2026-05-23 13:39:01,169.99,9.08,7.25,0.64,54.28,Tidak Stabil
2026-05-23 13:44:01,157.42,3.99,4.21,7.07,61.16,Tidak Stabil
2026-05-23 13:49:01,149.95,1.27,3.28,11.61,78.76,Tidak Stabil
2026-05-23 13:54:01,140.65,16.68,6.76,8.85,54.01,Tidak Stabil
2026-05-23 13:59:01,145.58,25.77,3.7,3.42,62.13,Tidak Stabil
2026-05-23 14:04:01,188.02,9.14,11.98,3.87,33.98,Tidak Stabil
2026-05-23 14:09:01,264.89,3.52,1.37,13.55,142.36,Tidak Stabil
2026-05-23 14:14:01,160.42,17.8,10.87,3.04,41.48,Tidak Stabil
2026-05-23 14:19:01,65.52,4.36,1.31,0.95,28.82,Tidak Stabil
2026-05-23 14:24:01,139.54,15.79,3.77,6.87,20.0,Tidak Stabil
2026-05-23 14:29:01,82.15,4.7,1.73,1.85,18.82,Tidak Stabil
2026-05-23 14:34:01,99.1,6.07,2.58,1.23,26.57,Tidak Stabil
2026-05-23 14:39:01,110.05,7.03,6.3,7.25,52.93,Tidak Stabil
2026-05-23 14:44:01,272.54,5.41,1.29,7.21,60.08,Tidak Stabil
2026-05-23 14:49:01,176.95,20.84,5.23,1.32,81.29,Tidak Stabil
2026-05-23 14:54:01,253.9,4.34,2.58,7.05,180.0,Tidak Stabil
2026-05-23 14:59:01,97.5,8.87,8.51,8.16,62.11,Tidak Stabil
2026-05-23 15:04:01,72.96,3.45,6.49,7.99,57.97,Tidak Stabil
2026-05-23 15:09:01,206.4,22.12,7.71,2.2,85.09,Tidak Stabil
2026-05-23 15:14:01,127.48,5.28,1.74,1.16,68.34,Tidak Stabil
2026-05-23 15:19:01,148.13,16.73,6.28,3.22,57.66,Tidak Stabil
2026-05-23 15:24:01,59.23,5.77,3.07,0.57,18.0,Tidak Stabil
2026-05-23 15:29:01,162.71,4.21,1.87,5.39,68.39,Tidak Stabil
2026-05-23 15:34:01,95.35,2.0,4.03,5.29,20.0,Tidak Stabil
2026-05-23 15:39:01,134.42,12.98,1.0,12.38,57.31,Tidak Stabil
2026-05-23 15:44:01,125.45,2.0,7.48,2.49,59.29,Tidak Stabil
2026-05-23 15:49:01,161.23,2.18,2.12,13.48,138.68,Tidak Stabil
2026-05-23 15:54:01,94.04,12.45,8.66,13.99,20.0,Tidak Stabil
2026-05-23 15:59:01,277.0,7.03,2.12,9.3,130.36,Tidak Stabil
2026-05-23 16:04:01,72.15,11.87,5.72,6.98,75.59,Tidak Stabil
2026-05-23 16:09:01,208.57,3.91,1.2,6.92,126.37,Tidak Stabil
2026-05-23 16:14:01,30.0,4.88,0.65,2.53,18.0,Tidak Stabil
2026-05-23 16:19:01,154.92,7.34,0.1,16.57,64.46,Tidak Stabil
2026-05-23 16:24:01,148.21,22.72,1.0,0.38,76.59,Tidak Stabil
2026-05-23 16:29:01,117.24,15.13,8.08,3.52,64.36,Tidak Stabil
2026-05-23 16:34:01,94.25,6.84,0.35,2.82,38.01,Tidak Stabil
2026-05-23 16:39:01,114.31,17.19,14.55,0.4,46.36,Tidak Stabil
2026-05-23 16:44:01,142.69,2.26,2.38,3.54,92.32,Tidak Stabil
2026-05-23 16:49:01,30.95,14.9,20.83,0.0,7.19,Stabil
2026-05-23 16:54:01,34.88,28.46,17.51,0.0,3.51,Stabil
2026-05-23 16:59:01,53.63,42.73,21.56,0.0,7.05,Stabil
2026-05-23 17:04:01,25.82,29.82,23.09,0.0,5.25,Stabil
2026-05-23 17:09:01,47.91,28.19,25.55,0.0,12.96,Stabil
2026-05-23 17:14:01,31.48,18.42,22.28,0.0,13.45,Stabil
2026-05-23 17:19:01,30.8,32.49,17.78,0.0,6.02,Stabil
2026-05-23 17:24:01,61.76,20.83,14.5,0.0,4.08,Stabil
2026-05-23 17:29:01,14.38,37.1,25.0,0.0,13.61,Stabil
2026-05-23 17:34:01,42.64,31.83,15.17,0.0,11.1,Stabil
2026-05-23 17:39:01,28.93,37.42,20.28,0.0,3.46,Stabil
2026-05-23 17:44:01,36.79,23.57,25.13,0.0,18.31,Stabil
2026-05-23 17:49:01,21.07,30.64,21.62,0.0,3.28,Stabil
2026-05-23 17:54:01,56.47,37.33,21.23,0.0,2.84,Stabil
2026-05-23 17:59:01,31.09,14.54,17.09,0.0,14.22,Stabil
2026-05-23 18:04:01,16.87,22.69,13.79,0.0,12.63,Stabil
2026-05-23 18:09:01,7.11,21.9,7.36,0.0,14.67,Stabil
2026-05-23 18:14:01,38.11,29.49,29.5,0.0,14.57,Stabil
2026-05-23 18:19:01,38.89,39.62,18.57,0.0,9.4,Stabil
2026-05-23 18:24:01,27.91,31.91,12.4,0.0,4.78,Stabil
2026-05-23 18:29:01,30.39,20.14,14.54,0.0,6.11,Stabil
2026-05-23 18:34:01,27.44,28.57,19.48,0.0,7.5,Stabil
2026-05-23 18:39:01,33.33,38.84,16.86,0.0,11.02,Stabil
2026-05-23 18:44:01,39.61,24.98,14.58,0.0,7.76,Stabil
2026-05-23 18:49:01,43.5,42.34,14.04,0.0,6.41,Stabil
2026-05-23 18:54:01,63.83,28.14,8.63,0.5,8.59,Stabil
2026-05-23 18:59:01,19.14,29.5,7.79,0.0,5.32,Stabil
2026-05-23 19:04:01,26.63,18.92,13.6,0.0,13.3,Stabil
2026-05-23 19:09:01,50.15,38.48,24.23,0.5,15.18,Stabil
2026-05-23 19:14:01,47.5,25.3,18.85,0.0,7.9,Stabil
2026-05-23 19:19:01,41.27,35.88,20.35,0.0,14.41,Stabil
2026-05-23 19:24:01,41.5,33.34,8.89,0.0,4.61,Stabil
2026-05-23 19:29:01,29.16,32.61,18.49,0.0,1.0,Stabil
2026-05-23 19:34:01,38.69,31.17,19.34,0.0,12.58,Stabil
2026-05-23 19:39:01,32.99,12.39,22.17,0.0,10.87,Stabil
2026-05-23 19:44:01,58.94,23.64,12.01,0.0,3.79,Stabil
2026-05-23 19:49:01,50.85,30.51,17.01,0.0,6.76,Stabil
2026-05-23 19:54:01,34.59,20.18,9.31,0.0,8.54,Stabil
2026-05-23 19:59:01,37.79,16.24,25.22,0.0,14.57,Stabil
2026-05-23 20:04:01,33.49,24.48,19.49,0.0,10.84,Stabil
2026-05-23 20:09:01,128.22,14.8,7.32,0.4,30.0,Tidak Stabil
2026-05-23 20:14:01,57.13,1.93,3.22,0.0,41.73,Tidak Stabil
2026-05-23 20:19:01,82.92,7.86,2.26,2.73,31.18,Tidak Stabil
2026-05-23 20:24:01,137.77,1.49,2.48,2.58,18.0,Tidak Stabil
2026-05-23 20:29:01,251.39,6.94,9.3,0.0,47.32,Tidak Stabil
2026-05-23 20:34:01,100.9,4.31,2.15,0.73,40.11,Tidak Stabil
2026-05-23 20:39:01,40.0,8.72,6.46,10.76,43.19,Tidak Stabil
2026-05-23 20:44:01,151.15,18.15,13.05,2.15,106.95,Tidak Stabil
2026-05-23 20:49:01,123.48,21.47,6.4,9.04,24.57,Tidak Stabil
2026-05-23 20:54:01,79.12,2.15,2.55,3.6,21.68,Tidak Stabil
2026-05-23 20:59:01,117.52,15.05,8.58,11.15,35.66,Tidak Stabil
2026-05-23 21:04:01,192.95,17.48,11.34,1.38,91.27,Tidak Stabil
2026-05-23 21:09:01,54.33,3.77,0.1,0.0,67.55,Tidak Stabil
2026-05-23 21:14:01,223.97,6.03,2.48,16.28,112.54,Tidak Stabil
2026-05-23 21:19:01,170.23,8.67,15.38,1.31,73.31,Tidak Stabil
2026-05-23 21:24:01,196.32,3.21,0.41,2.99,116.84,Tidak Stabil
2026-05-23 21:29:01,94.67,6.27,3.39,0.0,38.75,Tidak Stabil
2026-05-23 21:34:01,95.0,17.61,10.82,2.16,57.35,Tidak Stabil
2026-05-23 21:39:01,92.58,2.09,2.23,0.99,48.95,Tidak Stabil
2026-05-23 21:44:01,86.02,4.49,1.66,1.52,18.0,Tidak Stabil
2026-05-23 21:49:01,73.98,4.11,3.58,0.69,25.59,Tidak Stabil
2026-05-23 21:54:01,182.73,3.24,2.0,10.89,90.82,Tidak Stabil
2026-05-23 21:59:01,230.46,20.35,16.25,1.6,60.38,Tidak Stabil
2026-05-23 22:04:01,97.94,13.17,1.0,14.07,44.84,Tidak Stabil
2026-05-23 22:09:01,136.19,14.48,8.48,1.05,37.58,Tidak Stabil
2026-05-23 22:14:01,110.0,3.78,0.1,7.09,52.7,Tidak Stabil
2026-05-23 22:19:01,184.43,3.6,0.1,12.04,56.33,Tidak Stabil
2026-05-23 22:24:01,176.99,0.2,3.87,9.35,49.36,Tidak Stabil
2026-05-23 22:29:01,226.91,1.37,1.43,7.33,59.26,Tidak Stabil
2026-05-23 22:34:01,110.0,7.07,1.38,5.72,85.5,Tidak Stabil
2026-05-23 22:39:01,49.47,30.0,18.62,0.0,5.96,Stabil
2026-05-23 22:44:01,49.43,19.45,24.23,0.1,15.34,Stabil
2026-05-23 22:49:01,41.47,29.07,21.37,0.2,9.79,Stabil
2026-05-23 22:54:01,38.52,32.81,24.07,0.0,6.76,Stabil
2026-05-23 22:59:01,54.06,19.75,18.0,0.0,1.0,Stabil
2026-05-23 23:04:01,35.91,21.86,14.74,0.0,7.96,Stabil
2026-05-23 23:09:01,34.71,23.28,19.7,0.0,16.95,Stabil
2026-05-23 23:14:01,47.39,27.8,26.82,0.0,13.89,Stabil
2026-05-23 23:19:01,26.05,21.92,7.32,0.0,11.34,Stabil
2026-05-23 23:24:01,50.35,35.26,21.03,0.0,6.62,Stabil
2026-05-23 23:29:01,16.48,40.42,19.28,0.2,18.77,Stabil
2026-05-23 23:34:01,56.76,34.13,21.95,0.0,1.96,Stabil
2026-05-23 23:39:01,28.54,27.3,24.51,0.0,8.22,Stabil
2026-05-23 23:44:01,42.13,36.06,8.4,0.2,10.29,Stabil
2026-05-23 23:49:01,37.1,25.36,11.99,0.0,20.3,Stabil
2026-05-23 23:54:01,50.51,26.46,12.54,0.0,2.25,Stabil
2026-05-23 23:59:01,32.54,31.4,22.91,0.0,9.04,Stabil
2026-05-24 00:04:01,16.09,30.06,23.07,0.0,9.99,Stabil
2026-05-24 00:09:01,47.32,13.18,18.69,0.0,7.6,Stabil
2026-05-24 00:14:01,36.68,40.09,20.15,0.0,9.5,Stabil
2026-05-24 00:19:01,5.75,31.6,33.52,0.0,16.8,Stabil
2026-05-24 00:24:01,52.91,39.44,16.58,0.0,10.78,Stabil
2026-05-24 00:29:01,21.4,31.0,15.5,0.0,10.84,Stabil
2026-05-24 00:34:01,41.53,32.4,23.35,0.0,11.74,Stabil
2026-05-24 00:39:01,41.04,28.13,23.02,0.0,18.05,Stabil
2026-05-24 00:44:01,30.65,32.57,16.05,0.0,6.49,Stabil
2026-05-24 00:49:01,19.63,31.75,18.13,0.0,17.41,Stabil
2026-05-24 00:54:01,49.0,25.18,14.25,0.0,8.6,Stabil
2026-05-24 00:59:01,49.04,38.23,17.41,0.0,9.61,Stabil
2026-05-24 01:04:01,18.63,39.5,20.14,0.0,3.18,Stabil
2026-05-24 01:09:01,25.12,41.09,21.66,0.0,6.29,Stabil
2026-05-24 01:14:01,51.98,16.08,19.34,0.0,17.13,Stabil
2026-05-24 01:19:01,37.04,39.34,20.12,0.1,22.09,Stabil
2026-05-24 01:24:01,23.29,21.0,19.09,0.0,8.94,Stabil
2026-05-24 01:29:01,38.12,10.0,18.56,0.0,5.13,Stabil
2026-05-24 01:34:01,12.39,17.99,21.53,0.0,8.88,Stabil
2026-05-24 01:39:01,10.09,24.9,7.86,0.1,1.97,Stabil
2026-05-24 01:44:01,44.12,18.45,28.4,0.0,16.39,Stabil
2026-05-24 01:49:01,17.91,23.0,21.09,0.0,10.59,Stabil
2026-05-24 01:54:01,32.23,32.31,13.84,0.0,1.0,Stabil
2026-05-24 01:59:01,32.49,42.41,15.05,0.0,10.12,Stabil
2026-05-24 02:04:01,46.26,12.25,28.54,0.0,12.44,Stabil
2026-05-24 02:09:01,46.32,22.09,19.74,0.0,7.48,Stabil
2026-05-24 02:14:01,62.22,23.22,24.35,0.0,11.77,Stabil
2026-05-24 02:19:01,36.98,14.41,10.72,0.1,19.29,Stabil
2026-05-24 02:24:01,26.9,28.22,16.4,0.0,2.53,Stabil
2026-05-24 02:29:01,40.28,12.27,14.36,0.2,12.88,Stabil
2026-05-24 02:34:01,52.2,19.21,21.42,0.2,13.78,Stabil
2026-05-24 02:39:01,26.48,20.61,26.13,0.0,13.96,Stabil
2026-05-24 02:44:01,33.51,31.87,22.68,0.2,4.87,Stabil
2026-05-24 02:49:01,36.74,20.93,11.48,0.0,14.75,Stabil
2026-05-24 02:54:01,46.92,32.05,27.75,0.0,8.44,Stabil
2026-05-24 02:59:01,26.05,23.62,16.0,0.0,9.49,Stabil
2026-05-24 03:04:01,54.35,38.62,16.83,0.0,8.04,Stabil
2026-05-24 03:09:01,23.14,14.01,13.8,0.0,7.81,Stabil
2026-05-24 03:14:01,33.25,31.47,28.35,0.0,11.0,Stabil
2026-05-24 03:19:01,44.8,23.93,15.95,0.0,14.86,Stabil
2026-05-24 03:24:01,22.88,36.1,15.99,0.0,7.35,Stabil
2026-05-24 03:29:01,34.53,22.72,18.59,0.0,18.54,Stabil
2026-05-24 03:34:01,61.33,23.98,10.91,0.2,7.5,Stabil
2026-05-24 03:39:01,10.15,33.07,12.64,0.0,17.31,Stabil
2026-05-24 03:44:01,45.27,17.92,14.36,0.0,7.04,Stabil
2026-05-24 03:49:01,43.22,34.62,22.01,0.0,11.17,Stabil
2026-05-24 03:54:01,30.42,18.5,10.91,0.0,1.0,Stabil
2026-05-24 03:59:01,195.44,16.12,6.55,1.67,36.3,Tidak Stabil
2026-05-24 04:04:01,206.14,24.27,4.36,2.18,77.31,Tidak Stabil
2026-05-24 04:09:01,64.04,2.83,1.99,1.73,41.68,Tidak Stabil
2026-05-24 04:14:01,187.26,5.35,0.79,2.54,83.11,Tidak Stabil
2026-05-24 04:19:01,90.9,12.29,12.2,11.23,37.87,Tidak Stabil
2026-05-24 04:24:01,72.65,12.45,2.92,2.93,75.49,Tidak Stabil
2026-05-24 04:29:01,68.16,2.02,1.41,1.53,45.23,Tidak Stabil
2026-05-24 04:34:01,128.21,0.3,3.58,2.1,37.74,Tidak Stabil
2026-05-24 04:39:01,203.08,3.36,2.13,12.5,82.48,Tidak Stabil
2026-05-24 04:44:01,188.34,9.6,1.8,2.0,54.69,Tidak Stabil
2026-05-24 04:49:01,193.51,23.21,1.98,0.6,60.0,Tidak Stabil
2026-05-24 04:54:01,172.05,3.53,3.1,0.21,29.4,Tidak Stabil
2026-05-24 04:59:01,143.21,4.4,0.59,15.49,130.5,Tidak Stabil
2026-05-24 05:04:01,189.61,26.94,10.84,4.65,53.39,Tidak Stabil
2026-05-24 05:09:01,240.82,5.36,2.59,11.92,100.51,Tidak Stabil
2026-05-24 05:14:01,198.63,11.29,11.75,1.18,30.0,Tidak Stabil
2026-05-24 05:19:01,57.07,2.59,3.36,1.06,38.63,Tidak Stabil
2026-05-24 05:24:01,99.57,1.83,2.81,1.34,29.08,Tidak Stabil
2026-05-24 05:29:01,128.98,19.4,7.71,6.48,66.22,Tidak Stabil
2026-05-24 05:34:01,216.82,2.9,1.69,6.99,37.04,Tidak Stabil
2026-05-24 05:39:01,211.39,5.65,0.83,9.54,125.48,Tidak Stabil
2026-05-24 05:44:01,116.96,19.26,5.12,2.8,79.61,Tidak Stabil
2026-05-24 05:49:01,128.73,4.77,2.45,2.09,20.07,Tidak Stabil
2026-05-24 05:54:01,168.76,19.41,11.57,0.6,91.88,Tidak Stabil
2026-05-24 05:59:01,123.07,3.49,12.89,1.77,55.86,Tidak Stabil
2026-05-24 06:04:01,55.46,1.21,1.85,0.0,39.58,Tidak Stabil
2026-05-24 06:09:01,72.42,5.7,6.3,5.94,44.98,Tidak Stabil
2026-05-24 06:14:01,140.21,0.83,0.56,6.9,61.16,Tidak Stabil
2026-05-24 06:19:01,120.1,4.04,3.43,0.93,29.58,Tidak Stabil
2026-05-24 06:24:01,141.64,19.58,1.0,3.12,30.0,Tidak Stabil
2026-05-24 06:29:01,132.32,16.57,14.43,9.28,34.47,Tidak Stabil
2026-05-24 06:34:01,177.65,21.89,11.26,2.13,53.97,Tidak Stabil
2026-05-24 06:39:01,28.88,16.88,21.86,0.0,9.09,Stabil
2026-05-24 06:44:01,14.64,26.99,24.92,0.0,10.34,Stabil
2026-05-24 06:49:01,35.95,27.16,13.64,0.0,7.26,Stabil
2026-05-24 06:54:01,22.99,40.52,12.45,0.0,14.67,Stabil
2026-05-24 06:59:01,34.53,27.26,30.34,0.0,23.46,Stabil
2026-05-24 07:04:01,24.14,35.97,8.36,0.0,12.83,Stabil
2026-05-24 07:09:01,43.26,18.31,16.28,0.0,9.78,Stabil
2026-05-24 07:14:01,14.91,27.02,7.64,0.0,18.0,Stabil
2026-05-24 07:19:01,35.6,33.0,22.1,0.2,13.88,Stabil
2026-05-24 07:24:01,43.45,24.06,16.71,0.0,14.05,Stabil
2026-05-24 07:29:01,37.04,31.85,25.54,0.0,7.43,Stabil
2026-05-24 07:34:01,37.64,17.65,25.51,0.0,11.27,Stabil
2026-05-24 07:39:01,26.41,35.64,9.73,0.0,11.78,Stabil
2026-05-24 07:44:01,29.38,31.77,14.37,0.0,14.32,Stabil
2026-05-24 07:49:01,39.55,24.15,22.91,0.0,3.68,Stabil
2026-05-24 07:54:01,29.84,11.0,21.49,0.0,9.37,Stabil
2026-05-24 07:59:01,27.83,18.99,25.36,0.2,15.27,Stabil
2026-05-24 08:04:01,29.64,33.16,27.79,0.2,8.52,Stabil
2026-05-24 08:09:01,24.99,12.36,16.37,0.0,13.83,Stabil
2026-05-24 08:14:01,23.33,18.89,22.11,0.5,8.78,Stabil
2026-05-24 08:19:01,33.67,40.37,27.5,0.0,3.41,Stabil
2026-05-24 08:24:01,45.25,27.76,27.69,0.0,6.6,Stabil
2026-05-24 08:29:01,28.31,24.67,12.54,0.0,13.99,Stabil
2026-05-24 08:34:01,42.22,15.86,12.41,0.0,16.09,Stabil
2026-05-24 08:39:01,20.09,37.47,18.75,0.0,4.8,Stabil
2026-05-24 08:44:01,35.73,20.53,27.41,0.0,13.03,Stabil
2026-05-24 08:49:01,59.22,27.95,13.39,0.0,10.22,Stabil
2026-05-24 08:54:01,44.51,17.88,23.55,0.0,3.5,Stabil
2026-05-24 08:59:01,30.44,29.78,15.15,0.0,10.98,Stabil
2026-05-24 09:04:01,37.3,18.4,12.62,0.0,6.36,Stabil
2026-05-24 09:09:01,20.28,25.22,5.0,0.0,13.54,Stabil
2026-05-24 09:14:01,38.76,21.4,5.89,0.0,3.18,Stabil
2026-05-24 09:19:01,52.99,18.8,18.55,0.0,13.13,Stabil
2026-05-24 09:24:01,38.36,27.04,24.79,0.0,16.24,Stabil
2026-05-24 09:29:01,42.21,34.21,22.31,0.0,2.18,Stabil
2026-05-24 09:34:01,35.42,19.51,10.61,0.0,3.61,Stabil
2026-05-24 09:39:01,41.34,18.55,15.72,0.0,8.73,Stabil
2026-05-24 09:44:01,34.18,24.97,10.27,0.0,8.5,Stabil
2026-05-24 09:49:01,29.11,28.58,7.45,0.0,7.96,Stabil
2026-05-24 09:54:01,18.4,27.66,19.81,0.0,7.35,Stabil
2026-05-24 09:59:01,34.97,18.92,14.2,0.0,14.33,Stabil
2026-05-24 10:04:01,31.24,29.9,20.9,0.0,10.62,Stabil
2026-05-24 10:09:01,32.35,24.56,23.59,0.0,12.31,Stabil
2026-05-24 10:14:01,48.13,26.46,15.53,0.0,3.39,Stabil
2026-05-24 10:19:01,39.5,47.38,12.92,0.0,10.96,Stabil
2026-05-24 10:24:01,6.82,29.42,32.1,0.0,16.35,Stabil
2026-05-24 10:29:01,30.06,36.41,16.24,0.0,10.05,Stabil
2026-05-24 10:34:01,46.44,23.37,13.79,0.0,8.38,Stabil
2026-05-24 10:39:01,34.37,27.86,9.05,0.0,10.3,Stabil
2026-05-24 10:44:01,31.79,19.23,14.15,0.0,10.72,Stabil
2026-05-24 10:49:01,19.4,21.67,26.82,0.0,18.68,Stabil
2026-05-24 10:54:01,27.58,21.7,19.21,0.0,2.76,Stabil
2026-05-24 10:59:01,51.47,22.79,19.71,0.0,8.0,Stabil
2026-05-24 11:04:01,12.57,18.89,20.92,0.0,4.19,Stabil
2026-05-24 11:09:01,30.74,25.63,17.85,0.0,11.3,Stabil
2026-05-24 11:14:01,24.5,21.11,5.39,0.0,10.7,Stabil
2026-05-24 11:19:01,27.61,20.41,21.76,0.0,6.32,Stabil
2026-05-24 11:24:01,7.29,26.19,23.02,0.0,12.38,Stabil
2026-05-24 11:29:01,46.73,19.11,21.16,0.0,4.26,Stabil
2026-05-24 11:34:01,38.96,46.95,19.88,0.0,5.94,Stabil
2026-05-24 11:39:01,25.73,18.46,12.61,0.5,9.91,Stabil
2026-05-24 11:44:01,24.29,30.38,14.81,0.0,14.84,Stabil
2026-05-24 11:49:01,49.36,20.69,20.41,0.0,18.61,Stabil
2026-05-24 11:54:01,24.97,16.75,15.52,0.0,5.48,Stabil
2026-05-24 11:59:01,27.59,35.81,21.74,0.1,7.5,Stabil
2026-05-24 12:04:01,29.29,27.42,24.04,0.0,13.45,Stabil
2026-05-24 12:09:01,40.0,19.75,5.21,11.66,48.53,Tidak Stabil
2026-05-24 12:14:01,251.14,26.33,12.32,1.72,60.24,Tidak Stabil
2026-05-24 12:19:01,120.68,13.36,2.17,1.81,59.27,Tidak Stabil
2026-05-24 12:24:01,69.84,5.45,11.37,6.1,43.9,Tidak Stabil
2026-05-24 12:29:01,141.32,11.14,2.23,12.01,52.84,Tidak Stabil
2026-05-24 12:34:01,148.57,18.89,8.2,2.29,92.85,Tidak Stabil
2026-05-24 12:39:01,139.74,19.55,5.3,1.13,84.93,Tidak Stabil
2026-05-24 12:44:01,257.7,4.5,5.8,5.11,83.89,Tidak Stabil
2026-05-24 12:49:01,54.75,1.79,1.12,0.19,18.0,Tidak Stabil
2026-05-24 12:54:01,132.78,4.31,3.07,4.91,35.0,Tidak Stabil
2026-05-24 12:59:01,118.13,5.24,0.49,10.59,50.02,Tidak Stabil
2026-05-24 13:04:01,129.06,12.43,7.74,1.93,39.78,Tidak Stabil
2026-05-24 13:09:01,293.71,0.2,0.44,3.68,35.0,Tidak Stabil
2026-05-24 13:14:01,150.43,5.13,2.63,3.62,112.91,Tidak Stabil
2026-05-24 13:19:01,62.12,2.67,2.44,0.0,28.17,Tidak Stabil
2026-05-24 13:24:01,128.04,7.38,1.32,0.48,52.35,Tidak Stabil
2026-05-24 13:29:01,170.5,7.36,4.96,4.89,62.04,Tidak Stabil
2026-05-24 13:34:01,102.81,2.0,2.38,10.71,52.16,Tidak Stabil
2026-05-24 13:39:01,253.49,7.47,1.79,10.12,137.95,Tidak Stabil
2026-05-24 13:44:01,87.72,4.02,0.65,1.03,18.0,Tidak Stabil
2026-05-24 13:49:01,110.0,6.55,0.1,2.0,79.65,Tidak Stabil
2026-05-24 13:54:01,98.81,3.54,0.81,2.03,51.04,Tidak Stabil
2026-05-24 13:59:01,118.89,3.58,5.18,5.98,64.76,Tidak Stabil
2026-05-24 14:04:01,167.68,22.96,5.18,0.44,48.69,Tidak Stabil
2026-05-24 14:09:01,37.09,7.47,1.58,1.59,23.43,Tidak Stabil
2026-05-24 14:14:01,101.23,1.99,2.54,0.19,39.35,Tidak Stabil
2026-05-24 14:19:01,251.03,17.88,6.94,1.47,45.82,Tidak Stabil
2026-05-24 14:24:01,139.35,15.85,16.2,2.38,52.64,Tidak Stabil
2026-05-24 14:29:01,71.69,2.11,1.79,0.0,37.15,Tidak Stabil
2026-05-24 14:34:01,40.0,16.36,10.84,6.14,41.04,Tidak Stabil
2026-05-24 14:39:01,40.0,13.9,3.82,10.28,45.25,Tidak Stabil
2026-05-24 14:44:01,82.02,11.87,14.76,2.0,39.85,Tidak Stabil
2026-05-24 14:49:01,84.93,4.14,2.06,2.17,44.55,Tidak Stabil
2026-05-24 14:54:01,221.61,0.78,2.3,8.95,51.27,Tidak Stabil
2026-05-24 14:59:01,87.31,8.0,1.39,1.28,43.2,Tidak Stabil
2026-05-24 15:04:01,65.92,22.69,1.68,6.19,28.63,Tidak Stabil
2026-05-24 15:09:01,173.67,9.86,2.71,5.98,109.08,Tidak Stabil
2026-05-24 15:14:01,87.28,9.47,6.53,8.18,40.12,Tidak Stabil
2026-05-24 15:19:01,39.49,38.16,30.8,0.0,7.56,Stabil
2026-05-24 15:24:01,14.47,36.2,21.0,0.0,14.19,Stabil
2026-05-24 15:29:01,34.26,38.27,22.51,0.0,12.06,Stabil
2026-05-24 15:34:01,21.35,31.16,16.4,0.1,6.5,Stabil
2026-05-24 15:39:01,41.34,40.0,18.27,0.0,7.53,Stabil
2026-05-24 15:44:01,42.92,25.62,17.53,0.0,9.76,Stabil
2026-05-24 15:49:01,30.68,37.39,18.9,0.0,17.14,Stabil
2026-05-24 15:54:01,30.09,38.51,26.43,0.1,14.73,Stabil
2026-05-24 15:59:01,42.71,17.12,6.06,0.0,4.34,Stabil
2026-05-24 16:04:01,36.48,27.14,14.06,0.0,16.97,Stabil
2026-05-24 16:09:01,38.13,22.39,26.2,0.0,6.45,Stabil
2026-05-24 16:14:01,36.67,37.84,17.32,0.0,10.36,Stabil
2026-05-24 16:19:01,67.51,35.93,21.07,0.0,11.2,Stabil
2026-05-24 16:24:01,43.84,23.94,19.77,0.1,5.43,Stabil
2026-05-24 16:29:01,35.27,39.49,13.09,0.5,1.73,Stabil
2026-05-24 16:34:01,40.37,17.27,13.34,0.5,15.17,Stabil
2026-05-24 16:39:01,80.0,29.46,18.91,0.0,3.55,Stabil
2026-05-24 16:44:01,62.12,19.48,12.36,0.0,12.2,Stabil
2026-05-24 16:49:01,30.84,39.37,14.98,0.0,5.49,Stabil
2026-05-24 16:54:01,30.44,20.57,13.33,0.0,10.37,Stabil
2026-05-24 16:59:01,26.97,34.04,10.19,0.0,10.9,Stabil
2026-05-24 17:04:01,45.8,34.24,14.73,0.0,13.07,Stabil
2026-05-24 17:09:01,55.49,18.52,20.22,0.5,6.6,Stabil
2026-05-24 17:14:01,32.19,19.86,23.41,0.0,6.93,Stabil
2026-05-24 17:19:01,62.3,26.96,9.67,0.0,3.47,Stabil
2026-05-24 17:24:01,29.38,24.28,10.0,0.0,5.26,Stabil
2026-05-24 17:29:01,28.34,31.79,5.99,0.0,14.77,Stabil
2026-05-24 17:34:01,47.64,30.07,9.93,0.0,18.08,Stabil
2026-05-24 17:39:01,37.3,20.01,9.92,0.0,7.8,Stabil
2026-05-24 17:44:01,34.43,14.91,5.0,0.0,4.66,Stabil
2026-05-24 17:49:01,37.76,26.97,14.24,0.0,15.48,Stabil
2026-05-24 17:54:01,21.05,18.2,14.44,0.2,10.37,Stabil
2026-05-24 17:59:01,30.72,23.85,16.18,0.0,7.56,Stabil
2026-05-24 18:04:01,14.99,32.51,19.6,0.0,11.64,Stabil
2026-05-24 18:09:01,40.41,36.39,5.0,0.0,10.13,Stabil
2026-05-24 18:14:01,49.51,29.14,22.55,0.0,10.85,Stabil
2026-05-24 18:19:01,50.34,38.74,24.97,0.0,16.83,Stabil
2026-05-24 18:24:01,34.35,23.15,6.67,0.0,4.95,Stabil
2026-05-24 18:29:01,40.96,29.93,25.44,0.1,1.0,Stabil
2026-05-24 18:34:01,24.16,31.53,20.92,0.0,13.37,Stabil
2026-05-24 18:39:01,14.01,36.52,5.07,0.2,5.48,Stabil
2026-05-24 18:44:01,41.46,16.19,26.41,0.0,4.03,Stabil
2026-05-24 18:49:01,45.53,22.11,11.57,0.0,7.9,Stabil
2026-05-24 18:54:01,29.24,29.03,23.39,0.0,6.98,Stabil
2026-05-24 18:59:01,17.53,32.31,21.1,0.0,14.79,Stabil
2026-05-24 19:04:01,113.93,2.59,3.26,15.42,48.31,Tidak Stabil
2026-05-24 19:09:01,44.89,5.35,0.78,0.5,64.62,Tidak Stabil
2026-05-24 19:14:01,41.27,1.94,1.58,0.84,42.71,Tidak Stabil
2026-05-24 19:19:01,110.0,5.46,1.79,9.16,112.99,Tidak Stabil
2026-05-24 19:24:01,125.73,8.07,7.7,14.58,35.45,Tidak Stabil
2026-05-24 19:29:01,183.31,21.31,4.1,6.28,52.94,Tidak Stabil
2026-05-24 19:34:01,175.09,0.6,3.1,13.21,137.33,Tidak Stabil
2026-05-24 19:39:01,77.16,17.18,1.71,8.94,27.29,Tidak Stabil
2026-05-24 19:44:01,95.0,23.61,9.77,0.0,60.47,Tidak Stabil
2026-05-24 19:49:01,195.22,3.56,4.72,6.42,82.26,Tidak Stabil
2026-05-24 19:54:01,77.71,5.4,0.1,0.94,31.82,Tidak Stabil
2026-05-24 19:59:01,105.62,24.95,2.77,11.2,48.96,Tidak Stabil
2026-05-24 20:04:01,189.76,7.91,2.85,7.24,140.4,Tidak Stabil
2026-05-24 20:09:01,101.37,19.22,17.58,0.0,45.38,Tidak Stabil
2026-05-24 20:14:01,150.76,5.86,4.7,14.65,74.8,Tidak Stabil
2026-05-24 20:19:01,159.93,6.4,2.61,2.65,31.62,Tidak Stabil
2026-05-24 20:24:01,78.8,9.49,7.98,5.62,63.86,Tidak Stabil
2026-05-24 20:29:01,248.72,5.99,0.1,8.84,86.57,Tidak Stabil
2026-05-24 20:34:01,112.82,5.83,3.48,2.57,33.92,Tidak Stabil
2026-05-24 20:39:01,200.6,20.4,11.76,2.34,56.67,Tidak Stabil
2026-05-24 20:44:01,176.59,11.16,3.07,2.67,50.31,Tidak Stabil
2026-05-24 20:49:01,202.1,1.35,1.18,15.81,93.45,Tidak Stabil
2026-05-24 20:54:01,48.02,6.07,3.89,0.49,39.91,Tidak Stabil
2026-05-24 20:59:01,58.01,9.4,5.59,4.69,65.26,Tidak Stabil
2026-05-24 21:04:01,200.1,22.29,12.21,1.38,35.64,Tidak Stabil
2026-05-24 21:09:01,135.95,1.93,2.49,3.1,28.56,Tidak Stabil
2026-05-24 21:14:01,147.75,25.27,5.44,3.08,72.08,Tidak Stabil
2026-05-24 21:19:01,116.87,14.39,6.75,6.48,40.84,Tidak Stabil
2026-05-24 21:24:01,111.06,1.16,2.82,0.16,38.77,Tidak Stabil
2026-05-24 21:29:01,174.25,12.83,9.32,2.87,44.13,Tidak Stabil
2026-05-24 21:34:01,82.93,1.43,1.35,0.07,18.0,Tidak Stabil
2026-05-24 21:39:01,180.3,6.95,2.32,10.94,120.7,Tidak Stabil
2026-05-24 21:44:01,60.55,2.93,3.46,0.85,33.35,Tidak Stabil
2026-05-24 21:49:01,126.17,9.42,10.63,5.69,32.08,Tidak Stabil
2026-05-24 21:54:01,164.3,1.67,3.79,7.51,81.54,Tidak Stabil
2026-05-24 21:59:01,227.39,3.32,1.6,8.06,104.6,Tidak Stabil
2026-05-24 22:04:01,227.74,15.55,10.1,2.02,74.1,Tidak Stabil
2026-05-24 22:09:01,118.05,20.44,9.33,4.76,42.65,Tidak Stabil
2026-05-24 22:14:01,48.41,4.36,1.34,0.5,26.51,Tidak Stabil
2026-05-24 22:19:01,29.55,34.66,20.9,0.0,13.03,Stabil
2026-05-24 22:24:01,32.62,20.88,13.72,0.0,10.76,Stabil
2026-05-24 22:29:01,37.3,36.09,21.0,0.0,17.91,Stabil
2026-05-24 22:34:01,16.12,30.85,22.98,0.0,19.02,Stabil
2026-05-24 22:39:01,31.75,28.33,22.74,0.0,8.83,Stabil
2026-05-24 22:44:01,49.65,34.74,5.0,0.0,1.0,Stabil
2026-05-24 22:49:01,34.55,33.21,17.64,0.2,13.67,Stabil
2026-05-24 22:54:01,59.83,21.22,9.62,0.0,6.69,Stabil
2026-05-24 22:59:01,51.11,18.62,26.29,0.0,16.87,Stabil
2026-05-24 23:04:01,38.76,24.29,10.07,0.0,10.88,Stabil
2026-05-24 23:09:01,24.31,28.66,23.69,0.0,20.21,Stabil
2026-05-24 23:14:01,29.79,20.31,20.29,0.0,5.61,Stabil
2026-05-24 23:19:01,5.0,23.26,24.39,0.0,8.52,Stabil
2026-05-24 23:24:01,40.75,36.32,11.78,0.0,7.32,Stabil
2026-05-24 23:29:01,42.64,21.06,15.94,0.0,15.12,Stabil
2026-05-24 23:34:01,18.14,32.38,17.52,0.1,9.54,Stabil
2026-05-24 23:39:01,31.77,21.38,20.39,0.0,9.81,Stabil
2026-05-24 23:44:01,24.73,13.86,11.67,0.0,7.59,Stabil
2026-05-24 23:49:01,39.65,44.79,9.81,0.5,4.14,Stabil
2026-05-24 23:54:01,38.81,10.0,20.48,0.0,10.02,Stabil
2026-05-24 23:59:01,13.76,31.65,14.08,0.0,2.29,Stabil
2026-05-25 00:04:01,49.63,29.05,15.3,0.0,5.33,Stabil
2026-05-25 00:09:01,45.87,33.86,20.4,0.0,6.84,Stabil
2026-05-25 00:14:01,49.15,39.88,17.79,0.0,8.87,Stabil
2026-05-25 00:19:01,34.51,19.81,19.11,0.0,14.19,Stabil
2026-05-25 00:24:01,17.5,37.89,27.3,0.0,13.23,Stabil
2026-05-25 00:29:01,28.77,37.54,20.49,0.0,13.69,Stabil
2026-05-25 00:34:01,64.7,29.37,14.33,0.0,5.26,Stabil
2026-05-25 00:39:01,61.65,25.64,12.5,0.0,9.41,Stabil
2026-05-25 00:44:01,5.0,34.15,5.68,0.0,14.92,Stabil
2026-05-25 00:49:01,40.65,28.35,8.75,0.0,1.0,Stabil
2026-05-25 00:54:01,49.31,26.14,18.42,0.0,8.01,Stabil
2026-05-25 00:59:01,35.41,45.32,18.64,0.0,1.86,Stabil
2026-05-25 01:04:01,53.94,31.6,8.72,0.1,20.51,Stabil
2026-05-25 01:09:01,39.02,18.03,8.49,0.0,5.29,Stabil
2026-05-25 01:14:01,55.65,24.07,11.02,0.1,5.79,Stabil
2026-05-25 01:19:01,53.19,36.34,28.0,0.0,15.41,Stabil
2026-05-25 01:24:01,46.91,32.16,10.53,0.0,10.86,Stabil
2026-05-25 01:29:01,27.62,20.93,23.88,0.0,9.55,Stabil
2026-05-25 01:34:01,26.63,30.02,15.51,0.1,13.69,Stabil
2026-05-25 01:39:01,14.39,27.07,15.18,0.0,13.28,Stabil
2026-05-25 01:44:01,16.55,37.97,23.85,0.2,10.39,Stabil
2026-05-25 01:49:01,45.13,11.15,17.65,0.0,13.73,Stabil
2026-05-25 01:54:01,35.99,21.79,11.58,0.0,1.0,Stabil
2026-05-25 01:59:01,14.14,26.79,13.66,0.0,10.08,Stabil
2026-05-25 02:04:01,23.81,39.22,35.66,0.0,9.63,Stabil
2026-05-25 02:09:01,34.89,23.33,16.77,0.0,19.86,Stabil
2026-05-25 02:14:01,60.0,34.92,14.48,0.0,16.09,Stabil
2026-05-25 02:19:01,15.94,26.56,19.65,0.0,15.31,Stabil
2026-05-25 02:24:01,36.62,27.19,14.4,0.0,11.0,Stabil
2026-05-25 02:29:01,43.35,29.61,12.31,0.0,4.73,Stabil
2026-05-25 02:34:01,5.0,42.58,12.85,0.0,12.77,Stabil
2026-05-25 02:39:01,31.66,27.67,16.39,0.0,5.22,Stabil
2026-05-25 02:44:01,21.76,35.48,27.83,0.0,11.71,Stabil
2026-05-25 02:49:01,45.99,39.31,11.65,0.0,3.64,Stabil
2026-05-25 02:54:01,33.17,27.11,16.11,0.0,17.2,Stabil
2026-05-25 02:59:01,51.57,27.4,5.06,0.0,12.52,Stabil
2026-05-25 03:04:01,46.37,34.64,12.28,0.0,11.21,Stabil
2026-05-25 03:09:01,13.1,25.11,18.87,0.0,12.32,Stabil
2026-05-25 03:14:01,40.49,17.43,29.63,0.0,12.8,Stabil
2026-05-25 03:19:01,59.12,19.85,14.35,0.0,5.23,Stabil
2026-05-25 03:24:01,16.03,17.75,18.36,0.0,9.69,Stabil
2026-05-25 03:29:01,17.47,27.18,28.08,0.0,15.97,Stabil
2026-05-25 03:34:01,33.71,40.23,20.72,0.0,13.76,Stabil
2026-05-25 03:39:01,28.15,39.94,28.92,0.0,12.2,Stabil
2026-05-25 03:44:01,45.14,26.66,9.22,0.5,13.5,Stabil
2026-05-25 03:49:01,36.31,32.39,24.21,0.0,15.03,Stabil
2026-05-25 03:54:01,14.42,38.93,16.15,0.0,15.65,Stabil
2026-05-25 03:59:01,19.3,11.69,17.62,0.0,8.6,Stabil
2026-05-25 04:04:01,46.84,20.58,10.02,0.0,4.2,Stabil
2026-05-25 04:09:01,37.2,23.62,21.8,0.0,16.49,Stabil
2026-05-25 04:14:01,32.25,34.11,23.76,0.0,11.49,Stabil
2026-05-25 04:19:01,25.0,34.81,13.82,0.5,2.87,Stabil
2026-05-25 04:24:01,14.45,43.71,24.67,0.0,11.66,Stabil
2026-05-25 04:29:01,36.77,22.59,18.83,0.0,5.52,Stabil
2026-05-25 04:34:01,38.21,19.47,11.43,0.0,7.41,Stabil
2026-05-25 04:39:01,50.66,21.02,15.86,0.0,7.09,Stabil
2026-05-25 04:44:01,41.35,21.5,14.05,0.0,8.71,Stabil
2026-05-25 04:49:01,50.96,40.66,25.5,0.0,17.83,Stabil
2026-05-25 04:54:01,235.47,6.06,12.25,3.39,29.04,Tidak Stabil
2026-05-25 04:59:01,134.62,2.0,11.61,6.03,47.28,Tidak Stabil
2026-05-25 05:04:01,80.07,4.41,1.0,5.07,60.83,Tidak Stabil
2026-05-25 05:09:01,205.87,5.9,2.83,13.36,100.57,Tidak Stabil
2026-05-25 05:14:01,90.98,2.64,1.02,0.13,41.49,Tidak Stabil
2026-05-25 05:19:01,250.82,3.3,0.77,3.61,105.23,Tidak Stabil
2026-05-25 05:24:01,89.49,1.72,3.71,1.2,25.6,Tidak Stabil
2026-05-25 05:29:01,174.38,19.39,16.53,0.37,61.08,Tidak Stabil
2026-05-25 05:34:01,154.42,2.59,3.26,8.62,35.0,Tidak Stabil
2026-05-25 05:39:01,177.92,5.64,3.1,5.88,59.44,Tidak Stabil
2026-05-25 05:44:01,103.21,24.58,9.13,0.64,56.42,Tidak Stabil
2026-05-25 05:49:01,159.92,6.22,1.04,1.33,39.93,Tidak Stabil
2026-05-25 05:54:01,118.15,14.72,7.96,11.15,65.36,Tidak Stabil
2026-05-25 05:59:01,219.59,0.2,1.27,11.28,92.51,Tidak Stabil
2026-05-25 06:04:01,118.91,1.09,3.48,1.14,53.71,Tidak Stabil
2026-05-25 06:09:01,306.99,4.33,1.04,9.68,94.72,Tidak Stabil
2026-05-25 06:14:01,252.6,4.72,0.46,2.89,87.12,Tidak Stabil
2026-05-25 06:19:01,132.83,16.6,10.16,2.11,56.21,Tidak Stabil
2026-05-25 06:24:01,156.46,0.83,0.1,9.58,60.16,Tidak Stabil
2026-05-25 06:29:01,106.92,6.35,6.68,13.27,62.98,Tidak Stabil
2026-05-25 06:34:01,132.03,18.2,8.36,6.31,59.91,Tidak Stabil
2026-05-25 06:39:01,136.21,20.11,9.8,2.63,45.88,Tidak Stabil
2026-05-25 06:44:01,265.46,2.13,0.7,15.84,70.22,Tidak Stabil
2026-05-25 06:49:01,124.43,16.92,13.97,8.54,31.87,Tidak Stabil
2026-05-25 06:54:01,186.24,14.62,5.68,4.46,54.25,Tidak Stabil
2026-05-25 06:59:01,253.6,2.12,0.1,8.67,96.41,Tidak Stabil
2026-05-25 07:04:01,164.22,11.38,9.05,2.93,30.0,Tidak Stabil
2026-05-25 07:09:01,174.71,8.31,1.6,10.23,79.99,Tidak Stabil
2026-05-25 07:14:01,279.71,4.11,2.05,10.6,51.86,Tidak Stabil
2026-05-25 07:19:01,191.54,8.25,3.31,6.25,43.59,Tidak Stabil
2026-05-25 07:24:01,167.17,2.13,3.91,4.1,101.86,Tidak Stabil
2026-05-25 07:29:01,43.14,2.37,2.17,1.89,20.77,Tidak Stabil
2026-05-25 07:34:01,123.58,18.6,1.0,2.86,35.85,Tidak Stabil
2026-05-25 07:39:01,104.34,3.19,1.16,0.0,18.0,Tidak Stabil
2026-05-25 07:44:01,132.0,21.33,6.93,2.62,74.72,Tidak Stabil
2026-05-25 07:49:01,30.0,3.6,1.58,0.7,24.54,Tidak Stabil
2026-05-25 07:54:01,159.69,10.65,2.19,0.78,50.34,Tidak Stabil
2026-05-25 07:59:01,151.13,15.24,6.39,1.57,39.64,Tidak Stabil
2026-05-25 08:04:01,143.34,2.91,1.35,0.0,45.15,Tidak Stabil
2026-05-25 08:09:01,127.61,18.81,19.28,0.84,62.09,Tidak Stabil
2026-05-25 08:14:01,192.47,2.39,3.84,4.56,69.04,Tidak Stabil
2026-05-25 08:19:01,69.22,5.49,1.9,2.0,57.04,Tidak Stabil
2026-05-25 08:24:01,152.03,10.87,12.9,2.58,30.0,Tidak Stabil
2026-05-25 08:29:01,291.56,6.43,0.9,11.36,75.85,Tidak Stabil
2026-05-25 08:34:01,214.76,7.24,5.3,0.97,38.07,Tidak Stabil
2026-05-25 08:39:01,198.55,28.57,2.35,3.19,46.4,Tidak Stabil
2026-05-25 08:44:01,123.92,13.3,1.0,10.19,33.39,Tidak Stabil
2026-05-25 08:49:01,149.58,5.37,2.59,7.16,105.16,Tidak Stabil
2026-05-25 08:54:01,86.65,4.93,1.61,1.1,37.08,Tidak Stabil
2026-05-25 08:59:01,99.66,5.64,2.1,1.49,34.37,Tidak Stabil
2026-05-25 09:04:01,193.26,8.16,2.27,2.47,69.36,Tidak Stabil
2026-05-25 09:09:01,132.67,4.5,7.11,6.39,36.07,Tidak Stabil
2026-05-25 09:14:01,95.0,2.82,0.39,0.77,45.11,Tidak Stabil
2026-05-25 09:19:01,122.11,0.2,2.54,4.96,105.06,Tidak Stabil
2026-05-25 09:24:01,100.1,23.2,7.38,1.04,63.55,Tidak Stabil
2026-05-25 09:29:01,80.17,13.41,1.0,6.28,72.3,Tidak Stabil
2026-05-25 09:34:01,151.9,13.43,6.0,1.74,50.15,Tidak Stabil
2026-05-25 09:39:01,67.93,7.35,3.47,1.86,29.85,Tidak Stabil
2026-05-25 09:44:01,158.03,8.49,1.0,4.53,70.82,Tidak Stabil
2026-05-25 09:49:01,39.43,22.19,18.8,0.0,9.69,Stabil
2026-05-25 09:54:01,62.31,22.22,17.14,0.0,17.85,Stabil
2026-05-25 09:59:01,24.26,36.71,20.69,0.0,4.48,Stabil
2026-05-25 10:04:01,36.18,30.23,12.96,0.0,9.65,Stabil
2026-05-25 10:09:01,17.18,18.03,11.71,0.0,12.11,Stabil
2026-05-25 10:14:01,47.04,29.27,20.43,0.0,10.32,Stabil
2026-05-25 10:19:01,47.13,32.66,18.65,0.0,6.93,Stabil
2026-05-25 10:24:01,24.42,28.79,15.79,0.0,10.81,Stabil
2026-05-25 10:29:01,47.32,16.92,15.84,0.0,5.1,Stabil
2026-05-25 10:34:01,5.29,25.09,8.24,0.0,12.08,Stabil
2026-05-25 10:39:01,50.87,23.34,18.46,0.0,10.62,Stabil
2026-05-25 10:44:01,18.91,28.1,21.48,0.2,17.42,Stabil
2026-05-25 10:49:01,44.48,22.17,11.23,0.0,14.45,Stabil
2026-05-25 10:54:01,40.4,34.79,12.26,0.0,7.1,Stabil
2026-05-25 10:59:01,28.73,10.0,21.45,0.0,5.01,Stabil
2026-05-25 11:04:01,17.86,29.42,15.37,0.0,3.75,Stabil
2026-05-25 11:09:01,27.79,19.68,25.04,0.0,5.99,Stabil
2026-05-25 11:14:01,39.05,30.46,13.45,0.0,15.29,Stabil
2026-05-25 11:19:01,32.02,26.66,21.16,0.0,8.79,Stabil
2026-05-25 11:24:01,34.89,34.51,13.09,0.0,1.15,Stabil
2026-05-25 11:29:01,50.59,21.46,18.26,0.0,6.03,Stabil
2026-05-25 11:34:01,19.66,20.99,15.59,0.0,12.23,Stabil
2026-05-25 11:39:01,34.92,39.66,13.53,0.0,6.37,Stabil
2026-05-25 11:44:01,35.24,26.0,21.07,0.1,10.41,Stabil
2026-05-25 11:49:01,39.52,30.63,22.03,0.2,8.36,Stabil
2026-05-25 11:54:01,5.0,27.49,7.42,0.0,5.44,Stabil
2026-05-25 11:59:01,51.09,44.23,12.54,0.0,9.58,Stabil
2026-05-25 12:04:01,14.61,41.2,16.97,0.0,7.38,Stabil
2026-05-25 12:09:01,11.73,38.42,20.98,0.1,4.19,Stabil
2026-05-25 12:14:01,51.53,32.12,28.85,0.1,10.89,Stabil
2026-05-25 12:19:01,38.06,29.09,23.27,0.0,9.25,Stabil
2026-05-25 12:24:01,49.17,31.43,21.01,0.0,4.95,Stabil
2026-05-25 12:29:01,24.28,15.21,22.44,0.0,23.41,Stabil
2026-05-25 12:34:01,21.81,21.42,20.85,0.0,17.91,Stabil
2026-05-25 12:39:01,34.6,21.81,23.29,0.0,7.78,Stabil
2026-05-25 12:44:01,39.79,42.09,18.17,0.0,16.56,Stabil
2026-05-25 12:49:01,37.19,24.89,23.26,0.5,8.17,Stabil
2026-05-25 12:54:01,30.3,32.69,20.38,0.0,5.03,Stabil
2026-05-25 12:59:01,39.39,22.71,24.53,0.0,10.94,Stabil
2026-05-25 13:04:01,10.81,44.1,21.63,0.0,9.75,Stabil
2026-05-25 13:09:01,64.87,22.5,7.81,0.0,7.38,Stabil
2026-05-25 13:14:01,24.47,18.41,18.09,0.0,15.44,Stabil
2026-05-25 13:19:01,22.23,26.01,16.85,0.5,14.23,Stabil
2026-05-25 13:24:01,50.04,24.36,16.44,0.0,9.25,Stabil
2026-05-25 13:29:01,11.07,35.19,25.79,0.0,8.85,Stabil
2026-05-25 13:34:01,47.75,24.23,25.8,0.0,9.86,Stabil
2026-05-25 13:39:01,17.73,25.19,17.74,0.0,11.08,Stabil
2026-05-25 13:44:01,16.79,10.0,15.63,0.0,12.02,Stabil
2026-05-25 13:49:01,50.52,22.68,9.23,0.5,3.44,Stabil
2026-05-25 13:54:01,14.11,22.87,25.26,0.0,12.47,Stabil
2026-05-25 13:59:01,29.02,28.82,7.91,0.0,10.91,Stabil
2026-05-25 14:04:01,46.76,27.52,19.89,0.0,10.76,Stabil
2026-05-25 14:09:01,38.87,33.84,12.32,0.0,3.02,Stabil
2026-05-25 14:14:01,29.52,15.18,9.71,0.0,15.21,Stabil
2026-05-25 14:19:01,29.65,42.52,7.65,0.1,20.93,Stabil
2026-05-25 14:24:01,46.78,28.87,6.77,0.0,10.48,Stabil
2026-05-25 14:29:01,73.9,43.31,11.68,0.0,13.58,Stabil
2026-05-25 14:34:01,45.36,36.72,19.52,0.0,9.95,Stabil
2026-05-25 14:39:01,45.31,20.58,15.68,0.0,4.65,Stabil
2026-05-25 14:44:01,44.24,22.37,21.9,0.0,12.76,Stabil
2026-05-25 14:49:01,92.72,5.48,3.59,0.98,44.67,Tidak Stabil
2026-05-25 14:54:01,67.69,1.77,1.09,0.75,43.31,Tidak Stabil
2026-05-25 14:59:01,229.08,4.75,4.78,10.1,118.43,Tidak Stabil
2026-05-25 15:04:01,212.1,8.42,3.8,10.07,43.17,Tidak Stabil
2026-05-25 15:09:01,72.84,7.99,11.57,8.6,57.18,Tidak Stabil
2026-05-25 15:14:01,239.31,3.26,1.68,12.64,97.45,Tidak Stabil
2026-05-25 15:19:01,96.63,12.92,7.83,6.15,57.18,Tidak Stabil
2026-05-25 15:24:01,129.4,21.85,1.74,0.61,43.13,Tidak Stabil
2026-05-25 15:29:01,138.48,8.25,2.25,5.11,118.14,Tidak Stabil
2026-05-25 15:34:01,107.31,3.42,2.14,0.32,18.0,Tidak Stabil
2026-05-25 15:39:01,113.4,12.95,2.27,7.81,45.13,Tidak Stabil
2026-05-25 15:44:01,124.48,1.99,3.1,7.05,60.32,Tidak Stabil
2026-05-25 15:49:01,110.0,5.22,0.78,6.44,128.74,Tidak Stabil
2026-05-25 15:54:01,182.63,0.81,2.01,12.42,108.64,Tidak Stabil
2026-05-25 15:59:01,172.24,18.02,21.94,0.51,72.64,Tidak Stabil
2026-05-25 16:04:01,213.25,13.44,16.81,3.47,59.56,Tidak Stabil
2026-05-25 16:09:01,77.05,6.37,0.29,0.2,27.03,Tidak Stabil
2026-05-25 16:14:01,178.78,22.73,1.57,0.19,68.72,Tidak Stabil
2026-05-25 16:19:01,30.0,3.93,2.46,1.26,33.94,Tidak Stabil
2026-05-25 16:24:01,145.75,3.57,6.04,2.56,53.65,Tidak Stabil
2026-05-25 16:29:01,50.45,4.18,2.2,2.51,35.13,Tidak Stabil
2026-05-25 16:34:01,110.0,9.17,0.84,11.47,94.82,Tidak Stabil
2026-05-25 16:39:01,75.53,5.51,2.14,1.01,38.18,Tidak Stabil
2026-05-25 16:44:01,109.29,22.35,6.9,5.4,52.93,Tidak Stabil
2026-05-25 16:49:01,58.43,3.17,3.15,0.97,26.09,Tidak Stabil
2026-05-25 16:54:01,110.0,4.21,1.36,11.4,108.78,Tidak Stabil
2026-05-25 16:59:01,180.94,4.21,4.23,8.72,102.63,Tidak Stabil
2026-05-25 17:04:01,120.47,6.44,1.68,2.13,43.4,Tidak Stabil
2026-05-25 17:09:01,165.46,2.55,3.17,5.7,84.38,Tidak Stabil
2026-05-25 17:14:01,165.16,8.83,10.69,6.92,33.34,Tidak Stabil
2026-05-25 17:19:01,159.29,7.04,2.27,5.69,99.37,Tidak Stabil
2026-05-25 17:24:01,123.99,1.87,1.06,2.25,57.46,Tidak Stabil
2026-05-25 17:29:01,50.8,3.99,1.67,1.35,59.77,Tidak Stabil
2026-05-25 17:34:01,231.53,16.81,5.52,12.42,35.96,Tidak Stabil
2026-05-25 17:39:01,121.4,6.66,10.71,7.35,40.79,Tidak Stabil
2026-05-25 17:44:01,163.81,8.04,3.79,5.26,63.81,Tidak Stabil
2026-05-25 17:49:01,95.17,2.0,0.22,0.5,19.58,Tidak Stabil
2026-05-25 17:54:01,67.37,4.66,0.83,1.65,48.87,Tidak Stabil
2026-05-25 17:59:01,177.05,3.34,0.74,4.75,106.11,Tidak Stabil
2026-05-25 18:04:01,95.0,6.32,5.79,1.97,55.62,Tidak Stabil
2026-05-25 18:09:01,40.0,5.55,6.63,8.54,48.28,Tidak Stabil
2026-05-25 18:14:01,185.22,10.44,15.0,0.6,48.56,Tidak Stabil
2026-05-25 18:19:01,75.39,17.59,7.76,5.3,32.44,Tidak Stabil
2026-05-25 18:24:01,44.31,29.7,10.71,0.0,11.57,Stabil
2026-05-25 18:29:01,34.44,29.31,14.6,0.0,17.55,Stabil
2026-05-25 18:34:01,37.21,23.2,9.44,0.5,12.09,Stabil
2026-05-25 18:39:01,57.59,24.92,9.39,0.0,7.22,Stabil
2026-05-25 18:44:01,45.46,22.51,19.65,0.0,2.5,Stabil
2026-05-25 18:49:01,38.97,29.56,15.86,0.0,13.02,Stabil
2026-05-25 18:54:01,51.39,20.65,24.58,0.0,3.59,Stabil
2026-05-25 18:59:01,41.47,28.78,26.1,0.0,12.7,Stabil
2026-05-25 19:04:01,37.27,27.13,16.02,0.0,11.47,Stabil
2026-05-25 19:09:01,76.86,29.05,19.21,0.5,5.73,Stabil
2026-05-25 19:14:01,34.27,16.86,14.43,0.0,3.54,Stabil
2026-05-25 19:19:01,34.51,19.15,26.72,0.0,20.88,Stabil
2026-05-25 19:24:01,5.33,31.49,13.49,0.1,5.89,Stabil
2026-05-25 19:29:01,26.43,22.49,21.4,0.0,3.21,Stabil
2026-05-25 19:34:01,44.33,32.42,16.29,0.0,10.04,Stabil
2026-05-25 19:39:01,55.11,29.49,15.98,0.1,12.55,Stabil
2026-05-25 19:44:01,23.59,40.66,15.95,0.0,13.74,Stabil
2026-05-25 19:49:01,34.25,37.58,9.19,0.0,13.81,Stabil
2026-05-25 19:54:01,58.43,32.16,19.66,0.0,12.43,Stabil
2026-05-25 19:59:01,23.65,35.45,24.87,0.0,13.25,Stabil
2026-05-25 20:04:01,18.29,32.32,11.7,0.0,2.33,Stabil
2026-05-25 20:09:01,21.94,28.1,21.99,0.0,10.74,Stabil
2026-05-25 20:14:01,41.44,24.47,23.58,0.0,7.79,Stabil
2026-05-25 20:19:01,45.34,40.58,14.19,0.0,7.78,Stabil
2026-05-25 20:24:01,39.38,26.14,20.58,0.0,8.27,Stabil
2026-05-25 20:29:01,26.39,25.26,5.0,0.0,9.17,Stabil
2026-05-25 20:34:01,58.04,16.33,18.72,0.0,3.78,Stabil
2026-05-25 20:39:01,37.07,33.53,11.55,0.0,5.66,Stabil
2026-05-25 20:44:01,29.44,13.21,23.3,0.0,12.71,Stabil
2026-05-25 20:49:01,58.17,28.55,7.26,0.0,11.03,Stabil
2026-05-25 20:54:01,39.65,32.28,17.95,0.0,6.69,Stabil
2026-05-25 20:59:01,30.79,36.99,18.82,0.1,2.15,Stabil
2026-05-25 21:04:01,58.1,37.85,22.24,0.0,19.96,Stabil
2026-05-25 21:09:01,31.07,30.17,20.11,0.0,8.13,Stabil
2026-05-25 21:14:01,154.99,8.07,9.55,5.51,50.16,Tidak Stabil
2026-05-25 21:19:01,213.43,1.7,4.0,10.13,64.35,Tidak Stabil
2026-05-25 21:24:01,194.43,0.2,0.5,8.02,85.77,Tidak Stabil
2026-05-25 21:29:01,275.62,4.38,3.15,12.9,84.83,Tidak Stabil
2026-05-25 21:34:01,193.91,2.73,3.83,9.94,83.67,Tidak Stabil
2026-05-25 21:39:01,152.1,2.0,4.04,0.84,44.76,Tidak Stabil
2026-05-25 21:44:01,142.82,15.02,9.22,6.75,46.03,Tidak Stabil
2026-05-25 21:49:01,95.0,16.07,1.0,2.36,30.0,Tidak Stabil
2026-05-25 21:54:01,151.88,25.38,14.77,1.88,56.15,Tidak Stabil
2026-05-25 21:59:01,170.24,4.38,2.02,7.95,64.84,Tidak Stabil
2026-05-25 22:04:01,104.09,20.16,5.71,1.41,30.0,Tidak Stabil
2026-05-25 22:09:01,212.49,22.36,15.08,1.15,69.12,Tidak Stabil
2026-05-25 22:14:01,131.54,3.38,1.36,4.35,35.0,Tidak Stabil
2026-05-25 22:19:01,201.08,4.41,2.08,8.37,75.84,Tidak Stabil
2026-05-25 22:24:01,166.74,10.94,9.52,10.86,50.38,Tidak Stabil
2026-05-25 22:29:01,98.21,20.62,14.63,0.16,51.74,Tidak Stabil
2026-05-25 22:34:01,112.1,25.15,1.83,2.29,64.85,Tidak Stabil
2026-05-25 22:39:01,221.49,3.35,4.55,3.06,35.0,Tidak Stabil
2026-05-25 22:44:01,40.0,19.03,4.69,11.3,63.16,Tidak Stabil
2026-05-25 22:49:01,162.56,17.17,12.13,0.97,101.57,Tidak Stabil
2026-05-25 22:54:01,219.93,19.25,8.21,0.95,46.3,Tidak Stabil
2026-05-25 22:59:01,248.61,1.08,2.43,2.0,98.09,Tidak Stabil
2026-05-25 23:04:01,86.24,4.62,1.92,0.85,51.59,Tidak Stabil
2026-05-25 23:09:01,56.91,2.0,8.0,3.48,20.73,Tidak Stabil
2026-05-25 23:14:01,118.11,17.12,6.84,3.81,48.95,Tidak Stabil
2026-05-25 23:19:01,132.0,8.07,6.64,7.92,20.0,Tidak Stabil
2026-05-25 23:24:01,33.67,4.4,3.05,2.48,18.0,Tidak Stabil
2026-05-25 23:29:01,209.73,12.03,13.58,1.74,68.22,Tidak Stabil
2026-05-25 23:34:01,197.08,9.53,0.1,6.1,102.14,Tidak Stabil
2026-05-25 23:39:01,276.4,5.6,2.12,7.51,114.34,Tidak Stabil
2026-05-25 23:44:01,85.75,20.47,1.87,11.69,61.76,Tidak Stabil
2026-05-25 23:49:01,183.38,14.15,11.58,1.71,73.2,Tidak Stabil
2026-05-25 23:54:01,115.3,3.68,2.69,0.63,39.23,Tidak Stabil
2026-05-25 23:59:01,106.12,12.69,3.85,6.12,42.02,Tidak Stabil
2026-05-26 00:04:01,91.96,3.13,0.1,1.22,33.39,Tidak Stabil
2026-05-26 00:09:01,137.14,4.59,5.62,8.79,53.7,Tidak Stabil
2026-05-26 00:14:01,204.43,17.02,1.0,0.79,73.04,Tidak Stabil
2026-05-26 00:19:01,134.08,7.69,0.1,2.0,108.08,Tidak Stabil
2026-05-26 00:24:01,200.98,13.92,9.29,3.35,45.26,Tidak Stabil
2026-05-26 00:29:01,53.37,4.07,2.99,1.54,53.62,Tidak Stabil
2026-05-26 00:34:01,221.0,2.86,3.03,9.43,110.89,Tidak Stabil
2026-05-26 00:39:01,130.66,3.95,1.25,0.0,36.29,Tidak Stabil
2026-05-26 00:44:01,42.79,4.67,0.72,0.0,18.0,Tidak Stabil
2026-05-26 00:49:01,61.44,1.29,1.47,0.17,32.54,Tidak Stabil
2026-05-26 00:54:01,119.62,9.7,3.25,8.33,41.74,Tidak Stabil
2026-05-26 00:59:01,120.36,6.4,1.42,1.09,19.51,Tidak Stabil
2026-05-26 01:04:01,103.58,5.29,14.99,3.2,71.88,Tidak Stabil
2026-05-26 01:09:01,129.59,12.39,4.94,3.76,43.89,Tidak Stabil
2026-05-26 01:14:01,192.84,2.87,0.4,12.99,117.2,Tidak Stabil
2026-05-26 01:19:01,134.26,12.42,1.0,8.27,37.96,Tidak Stabil
2026-05-26 01:24:01,100.15,13.53,1.0,8.5,37.18,Tidak Stabil
2026-05-26 01:29:01,239.76,2.83,3.82,5.01,103.01,Tidak Stabil
2026-05-26 01:34:01,118.24,1.97,3.0,6.98,118.88,Tidak Stabil
2026-05-26 01:39:01,209.96,16.91,1.23,0.56,77.56,Tidak Stabil
2026-05-26 01:44:01,107.08,0.44,0.96,3.04,18.0,Tidak Stabil
2026-05-26 01:49:01,34.11,3.17,3.11,1.87,32.77,Tidak Stabil
2026-05-26 01:54:01,84.88,3.81,1.64,0.0,51.64,Tidak Stabil
2026-05-26 01:59:01,117.29,17.58,12.92,2.49,33.94,Tidak Stabil
2026-05-26 02:04:01,198.08,1.42,0.93,11.25,83.3,Tidak Stabil
2026-05-26 02:09:01,43.4,25.76,12.4,0.0,12.99,Stabil
2026-05-26 02:14:01,29.08,21.15,23.82,0.0,5.49,Stabil
2026-05-26 02:19:01,51.37,36.76,15.88,0.0,13.33,Stabil
2026-05-26 02:24:01,22.31,34.02,18.44,0.0,14.34,Stabil
2026-05-26 02:29:01,24.28,36.41,13.43,0.0,11.65,Stabil
2026-05-26 02:34:01,52.77,28.42,18.08,0.1,5.99,Stabil
2026-05-26 02:39:01,48.59,32.3,21.42,0.0,13.08,Stabil
2026-05-26 02:44:01,37.79,27.69,18.08,0.0,10.31,Stabil
2026-05-26 02:49:01,33.97,32.94,20.38,0.5,5.73,Stabil
2026-05-26 02:54:01,49.31,32.96,12.78,0.0,9.17,Stabil
2026-05-26 02:59:01,34.92,31.0,25.56,0.0,9.96,Stabil
2026-05-26 03:04:01,38.62,21.36,15.2,0.0,13.02,Stabil
2026-05-26 03:09:01,47.05,25.95,5.0,0.0,11.27,Stabil
2026-05-26 03:14:01,50.91,28.58,8.81,0.0,9.96,Stabil
2026-05-26 03:19:01,40.22,26.68,13.87,0.0,7.42,Stabil
2026-05-26 03:24:01,12.5,27.83,5.0,0.0,7.41,Stabil
2026-05-26 03:29:01,60.08,33.07,12.14,0.0,18.07,Stabil
2026-05-26 03:34:01,49.92,27.99,9.63,0.0,9.28,Stabil
2026-05-26 03:39:01,17.99,19.71,28.84,0.0,11.48,Stabil
2026-05-26 03:44:01,35.8,35.44,19.39,0.2,16.57,Stabil
2026-05-26 03:49:01,110.0,3.53,4.47,11.82,124.76,Tidak Stabil
2026-05-26 03:54:01,159.7,24.73,3.46,1.39,30.0,Tidak Stabil
2026-05-26 03:59:01,217.95,4.36,3.44,11.81,53.02,Tidak Stabil
2026-05-26 04:04:01,120.95,6.71,3.95,7.62,87.3,Tidak Stabil
2026-05-26 04:09:01,170.53,14.05,3.14,1.74,30.0,Tidak Stabil
2026-05-26 04:14:01,149.53,15.14,11.03,1.08,69.23,Tidak Stabil
2026-05-26 04:19:01,77.18,5.18,3.06,3.4,60.37,Tidak Stabil
2026-05-26 04:24:01,48.11,3.33,0.8,2.72,44.84,Tidak Stabil
2026-05-26 04:29:01,68.44,4.21,2.83,1.64,37.88,Tidak Stabil
2026-05-26 04:34:01,122.85,2.68,0.8,0.0,37.74,Tidak Stabil
2026-05-26 04:39:01,267.91,4.76,2.23,2.0,46.4,Tidak Stabil
2026-05-26 04:44:01,94.06,2.0,9.35,3.48,73.32,Tidak Stabil
2026-05-26 04:49:01,91.98,12.92,5.62,2.0,58.64,Tidak Stabil
2026-05-26 04:54:01,121.34,5.97,1.33,10.41,85.24,Tidak Stabil
2026-05-26 04:59:01,157.6,18.99,8.72,2.47,80.08,Tidak Stabil
2026-05-26 05:04:01,197.56,0.83,4.74,8.09,81.26,Tidak Stabil
2026-05-26 05:09:01,251.45,5.42,2.41,9.74,92.66,Tidak Stabil
2026-05-26 05:14:01,173.24,18.36,1.26,0.68,74.52,Tidak Stabil
2026-05-26 05:19:01,207.53,10.85,1.59,0.25,30.0,Tidak Stabil
2026-05-26 05:24:01,58.05,3.15,5.7,6.91,36.39,Tidak Stabil
2026-05-26 05:29:01,95.0,13.41,19.32,2.53,51.22,Tidak Stabil
2026-05-26 05:34:01,191.42,11.07,1.13,2.28,41.38,Tidak Stabil
2026-05-26 05:39:01,146.2,20.65,11.93,1.53,85.79,Tidak Stabil
2026-05-26 05:44:01,83.39,16.7,8.4,7.18,26.14,Tidak Stabil
2026-05-26 05:49:01,146.63,9.19,1.5,4.75,79.31,Tidak Stabil
2026-05-26 05:54:01,115.82,19.03,10.63,2.08,30.0,Tidak Stabil
2026-05-26 05:59:01,199.4,4.03,1.35,7.99,99.73,Tidak Stabil
2026-05-26 06:04:01,154.32,8.98,11.93,2.67,42.16,Tidak Stabil
2026-05-26 06:09:01,115.41,1.56,2.24,0.85,24.76,Tidak Stabil
2026-05-26 06:14:01,38.0,2.13,2.08,0.0,30.88,Tidak Stabil
2026-05-26 06:19:01,182.6,3.75,2.45,8.05,83.7,Tidak Stabil
2026-05-26 06:24:01,71.86,1.22,0.59,0.54,47.26,Tidak Stabil
2026-05-26 06:29:01,30.0,2.23,2.69,0.7,41.01,Tidak Stabil
2026-05-26 06:34:01,68.89,3.17,2.78,1.44,18.0,Tidak Stabil
2026-05-26 06:39:01,129.46,11.18,8.22,7.95,44.28,Tidak Stabil
2026-05-26 06:44:01,179.84,11.78,15.71,1.72,30.15,Tidak Stabil
2026-05-26 06:49:01,206.52,3.29,0.41,7.05,54.33,Tidak Stabil
2026-05-26 06:54:01,51.98,4.81,0.82,0.0,20.82,Tidak Stabil
2026-05-26 06:59:01,213.52,3.41,0.96,9.9,75.27,Tidak Stabil
2026-05-26 07:04:01,36.13,36.17,23.47,0.0,12.16,Stabil
2026-05-26 07:09:01,18.43,22.79,19.69,0.0,8.51,Stabil
2026-05-26 07:14:01,66.26,20.79,23.83,0.0,10.88,Stabil
2026-05-26 07:19:01,15.56,28.97,20.59,0.0,11.34,Stabil
2026-05-26 07:24:01,61.85,21.02,14.66,0.0,5.24,Stabil
2026-05-26 07:29:01,33.74,27.72,24.15,0.0,1.29,Stabil
2026-05-26 07:34:01,17.06,47.24,21.59,0.0,8.46,Stabil
2026-05-26 07:39:01,45.04,14.31,22.02,0.0,7.34,Stabil
2026-05-26 07:44:01,42.58,30.53,18.51,0.0,7.15,Stabil
2026-05-26 07:49:01,20.11,24.11,24.36,0.0,10.03,Stabil
2026-05-26 07:54:01,58.03,22.55,24.32,0.0,5.45,Stabil
2026-05-26 07:59:01,42.67,34.95,10.24,0.0,17.25,Stabil
2026-05-26 08:04:01,34.51,36.3,17.71,0.0,5.45,Stabil
2026-05-26 08:09:01,10.87,33.78,19.84,0.0,4.8,Stabil
2026-05-26 08:14:01,35.6,35.65,11.2,0.0,13.53,Stabil
2026-05-26 08:19:01,39.29,29.56,18.68,0.0,13.86,Stabil
2026-05-26 08:24:01,32.63,20.5,18.38,0.0,4.02,Stabil
2026-05-26 08:29:01,20.69,18.85,35.35,0.0,16.64,Stabil
2026-05-26 08:34:01,33.85,23.74,23.67,0.0,10.87,Stabil
2026-05-26 08:39:01,39.13,30.58,14.24,0.0,10.13,Stabil
2026-05-26 08:44:01,27.94,30.35,22.64,0.0,4.6,Stabil
2026-05-26 08:49:01,12.89,17.77,17.56,0.0,13.15,Stabil
2026-05-26 08:54:01,33.64,28.84,22.2,0.0,8.15,Stabil
2026-05-26 08:59:01,27.75,30.37,21.58,0.0,13.52,Stabil
2026-05-26 09:04:01,36.7,19.44,14.84,0.2,1.0,Stabil
2026-05-26 09:09:01,18.42,32.21,16.13,0.0,7.99,Stabil
2026-05-26 09:14:01,87.09,2.94,1.52,0.45,31.66,Tidak Stabil
2026-05-26 09:19:01,183.51,2.65,2.74,4.46,87.7,Tidak Stabil
2026-05-26 09:24:01,145.54,4.26,2.35,4.55,106.06,Tidak Stabil
2026-05-26 09:29:01,139.1,4.74,2.45,0.0,26.07,Tidak Stabil
2026-05-26 09:34:01,96.62,18.17,1.0,11.88,85.62,Tidak Stabil
2026-05-26 09:39:01,219.53,14.22,6.17,0.0,75.39,Tidak Stabil
2026-05-26 09:44:01,109.23,15.09,9.69,11.81,41.19,Tidak Stabil
2026-05-26 09:49:01,109.74,4.13,1.69,2.08,36.69,Tidak Stabil
2026-05-26 09:54:01,72.71,11.42,2.2,7.62,30.25,Tidak Stabil
2026-05-26 09:59:01,150.28,7.52,2.82,12.07,35.0,Tidak Stabil
2026-05-26 10:04:01,123.23,22.57,11.92,4.44,20.0,Tidak Stabil
2026-05-26 10:09:01,129.14,15.71,5.69,5.53,57.02,Tidak Stabil
2026-05-26 10:14:01,156.18,6.97,0.1,8.5,86.72,Tidak Stabil
2026-05-26 10:19:01,197.34,2.71,0.48,12.44,80.4,Tidak Stabil
2026-05-26 10:24:01,253.29,5.67,1.27,7.57,102.22,Tidak Stabil
2026-05-26 10:29:01,123.7,8.54,1.06,11.71,110.26,Tidak Stabil
2026-05-26 10:34:01,45.92,4.68,2.87,2.0,32.02,Tidak Stabil
2026-05-26 10:39:01,107.98,3.98,1.84,2.31,22.62,Tidak Stabil
2026-05-26 10:44:01,179.05,9.41,1.0,10.13,49.56,Tidak Stabil
2026-05-26 10:49:01,151.82,6.29,4.06,2.35,55.53,Tidak Stabil
2026-05-26 10:54:01,152.02,3.77,1.57,4.62,96.23,Tidak Stabil
2026-05-26 10:59:01,187.68,16.34,8.46,0.0,70.57,Tidak Stabil
2026-05-26 11:04:01,150.2,24.13,10.11,0.37,30.0,Tidak Stabil
2026-05-26 11:09:01,52.32,14.78,22.56,0.0,12.85,Stabil
2026-05-26 11:14:01,41.7,29.86,19.35,0.0,12.33,Stabil
2026-05-26 11:19:01,14.94,29.06,17.76,0.0,4.68,Stabil
2026-05-26 11:24:01,62.94,35.88,14.74,0.0,10.15,Stabil
2026-05-26 11:29:01,31.94,27.24,26.5,0.0,16.3,Stabil
2026-05-26 11:34:01,33.77,15.46,5.55,0.0,7.15,Stabil
2026-05-26 11:39:01,32.0,20.61,11.49,0.1,1.0,Stabil
2026-05-26 11:44:01,31.02,26.49,11.17,0.0,12.05,Stabil
2026-05-26 11:49:01,13.57,25.01,10.03,0.0,6.16,Stabil
2026-05-26 11:54:01,28.52,28.44,17.53,0.0,11.15,Stabil
2026-05-26 11:59:01,25.93,34.8,22.14,0.0,12.58,Stabil
2026-05-26 12:04:01,45.07,22.57,21.67,0.1,5.28,Stabil
2026-05-26 12:09:01,34.51,32.62,17.55,0.0,12.02,Stabil
2026-05-26 12:14:01,67.73,29.62,31.8,0.0,2.78,Stabil
2026-05-26 12:19:01,44.38,28.27,7.92,0.0,9.99,Stabil
2026-05-26 12:24:01,50.59,23.73,17.02,0.0,7.83,Stabil
2026-05-26 12:29:01,38.69,22.84,23.75,0.0,8.52,Stabil
2026-05-26 12:34:01,50.67,20.26,25.3,0.0,12.52,Stabil
2026-05-26 12:39:01,42.36,20.32,13.31,0.2,1.0,Stabil
2026-05-26 12:44:01,53.97,15.34,13.5,0.0,8.74,Stabil
2026-05-26 12:49:01,11.26,41.29,25.09,0.0,7.98,Stabil
2026-05-26 12:54:01,48.59,23.25,17.05,0.1,13.81,Stabil
2026-05-26 12:59:01,25.93,22.77,16.61,0.0,8.01,Stabil
2026-05-26 13:04:01,5.0,33.44,23.57,0.0,11.0,Stabil
2026-05-26 13:09:01,41.89,29.68,21.18,0.0,7.75,Stabil
2026-05-26 13:14:01,35.85,47.93,8.62,0.0,10.81,Stabil
2026-05-26 13:19:01,24.57,16.25,26.74,0.0,4.45,Stabil
2026-05-26 13:24:01,26.07,23.32,16.91,0.0,8.79,Stabil
2026-05-26 13:29:01,47.89,37.96,14.04,0.5,9.82,Stabil
2026-05-26 13:34:01,42.37,20.25,19.54,0.0,12.68,Stabil
2026-05-26 13:39:01,57.69,40.08,21.45,0.0,13.83,Stabil
2026-05-26 13:44:01,54.01,16.85,11.86,0.0,9.94,Stabil
2026-05-26 13:49:01,27.04,31.48,20.27,0.0,8.13,Stabil
2026-05-26 13:54:01,27.79,47.51,29.76,0.5,16.65,Stabil
2026-05-26 13:59:01,24.7,22.67,19.0,0.0,7.67,Stabil
2026-05-26 14:04:01,30.65,21.34,14.84,0.5,4.99,Stabil
2026-05-26 14:09:01,31.14,42.47,26.42,0.0,10.41,Stabil
2026-05-26 14:14:01,37.86,15.08,7.12,0.0,20.41,Stabil
2026-05-26 14:19:01,24.01,20.59,24.81,0.0,15.57,Stabil
2026-05-26 14:24:01,57.51,21.51,23.81,0.1,8.08,Stabil
2026-05-26 14:29:01,23.88,24.73,16.18,0.0,1.0,Stabil
2026-05-26 14:34:01,20.66,35.42,16.31,0.0,11.54,Stabil
2026-05-26 14:39:01,55.83,40.89,24.0,0.1,11.33,Stabil
2026-05-26 14:44:01,104.97,19.91,3.15,9.94,68.13,Tidak Stabil
2026-05-26 14:49:01,51.57,2.03,2.97,2.63,35.68,Tidak Stabil
2026-05-26 14:54:01,273.65,5.43,1.44,3.94,60.61,Tidak Stabil
2026-05-26 14:59:01,86.89,2.14,1.03,3.6,32.06,Tidak Stabil
2026-05-26 15:04:01,171.99,22.05,9.77,1.83,66.47,Tidak Stabil
2026-05-26 15:09:01,96.66,3.68,0.19,0.0,35.73,Tidak Stabil
2026-05-26 15:14:01,185.96,9.42,8.7,6.94,48.35,Tidak Stabil
2026-05-26 15:19:01,74.59,4.41,2.36,0.74,43.65,Tidak Stabil
2026-05-26 15:24:01,155.03,5.47,4.86,2.58,60.53,Tidak Stabil
2026-05-26 15:29:01,145.17,8.05,3.28,13.79,94.41,Tidak Stabil
2026-05-26 15:34:01,110.0,7.03,2.33,3.88,89.95,Tidak Stabil
2026-05-26 15:39:01,140.62,1.21,2.66,2.01,39.95,Tidak Stabil
2026-05-26 15:44:01,244.31,5.1,3.34,2.45,137.58,Tidak Stabil
2026-05-26 15:49:01,218.38,9.27,3.98,2.19,56.39,Tidak Stabil
2026-05-26 15:54:01,149.56,1.43,1.85,6.22,61.44,Tidak Stabil
2026-05-26 15:59:01,21.74,22.89,10.86,0.0,15.91,Stabil
2026-05-26 16:04:01,44.11,15.62,21.18,0.0,12.21,Stabil
2026-05-26 16:09:01,43.58,28.12,17.85,0.0,9.29,Stabil
2026-05-26 16:14:01,20.9,38.77,17.39,0.0,7.82,Stabil
2026-05-26 16:19:01,26.72,22.73,15.75,0.0,5.44,Stabil
2026-05-26 16:24:01,47.1,27.09,25.51,0.0,18.2,Stabil
2026-05-26 16:29:01,24.72,26.1,18.05,0.2,12.65,Stabil
2026-05-26 16:34:01,80.0,30.66,19.41,0.0,7.4,Stabil
2026-05-26 16:39:01,32.4,18.79,23.68,0.0,9.1,Stabil
2026-05-26 16:44:01,66.35,25.03,19.02,0.1,7.13,Stabil
2026-05-26 16:49:01,31.05,29.21,27.64,0.0,8.45,Stabil
2026-05-26 16:54:01,34.09,18.54,26.6,0.0,17.34,Stabil
2026-05-26 16:59:01,53.65,32.35,25.29,0.0,5.36,Stabil
2026-05-26 17:04:01,30.97,33.66,22.54,0.0,11.29,Stabil
2026-05-26 17:09:01,50.74,25.02,17.9,0.0,6.43,Stabil
2026-05-26 17:14:01,38.67,29.58,17.9,0.0,18.48,Stabil
2026-05-26 17:19:01,71.09,29.68,20.96,0.0,7.16,Stabil
2026-05-26 17:24:01,27.12,16.32,18.59,0.0,8.23,Stabil
2026-05-26 17:29:01,35.5,21.9,21.59,0.0,3.2,Stabil
2026-05-26 17:34:01,16.68,17.63,29.27,0.0,4.64,Stabil
2026-05-26 17:39:01,49.74,25.51,14.66,0.0,6.95,Stabil
2026-05-26 17:44:01,54.74,27.76,9.32,0.0,17.15,Stabil
2026-05-26 17:49:01,41.73,19.41,15.67,0.0,3.84,Stabil
2026-05-26 17:54:01,20.5,20.75,18.04,0.5,6.87,Stabil
2026-05-26 17:59:01,26.15,22.38,20.2,0.0,11.47,Stabil
2026-05-26 18:04:01,54.21,26.7,16.91,0.1,19.3,Stabil
2026-05-26 18:09:01,38.66,32.59,5.0,0.5,16.07,Stabil
2026-05-26 18:14:01,17.27,32.18,20.58,0.0,7.64,Stabil
2026-05-26 18:19:01,25.65,25.95,20.99,0.0,11.35,Stabil
2026-05-26 18:24:01,33.02,23.08,21.02,0.0,21.73,Stabil
2026-05-26 18:29:01,16.48,34.25,7.16,0.0,10.27,Stabil
2026-05-26 18:34:01,29.47,43.65,19.08,0.0,9.52,Stabil
2026-05-26 18:39:01,49.13,29.99,30.16,0.0,5.62,Stabil
2026-05-26 18:44:01,28.39,18.5,22.6,0.0,1.0,Stabil
2026-05-26 18:49:01,17.01,24.9,18.49,0.5,7.12,Stabil
2026-05-26 18:54:01,60.07,18.33,24.82,0.0,16.68,Stabil
2026-05-26 18:59:01,9.1,37.23,26.19,0.1,13.0,Stabil
2026-05-26 19:04:01,16.52,28.89,12.43,0.0,7.48,Stabil
2026-05-26 19:09:01,15.21,25.65,19.64,0.0,10.04,Stabil
2026-05-26 19:14:01,46.4,34.33,21.27,0.0,13.5,Stabil
2026-05-26 19:19:01,23.56,20.49,8.15,0.0,13.73,Stabil
2026-05-26 19:24:01,32.95,19.62,27.67,0.0,1.0,Stabil
2026-05-26 19:29:01,50.12,38.74,11.6,0.0,7.08,Stabil
2026-05-26 19:34:01,56.71,26.95,10.91,0.5,7.11,Stabil
2026-05-26 19:39:01,43.88,33.48,16.96,0.0,5.72,Stabil
2026-05-26 19:44:01,21.71,12.77,27.08,0.0,6.06,Stabil
2026-05-26 19:49:01,38.81,29.31,32.88,0.0,10.95,Stabil
2026-05-26 19:54:01,26.16,12.53,9.04,0.0,9.18,Stabil
2026-05-26 19:59:01,35.54,25.28,15.1,0.0,17.55,Stabil
2026-05-26 20:04:01,41.75,33.24,20.68,0.0,15.07,Stabil
2026-05-26 20:09:01,27.88,26.14,8.55,0.0,9.12,Stabil
2026-05-26 20:14:01,46.89,33.4,11.94,0.0,9.21,Stabil
2026-05-26 20:19:01,42.99,18.23,25.79,0.0,10.82,Stabil
2026-05-26 20:24:01,38.39,29.58,22.05,0.1,4.93,Stabil
2026-05-26 20:29:01,44.4,21.7,19.27,0.0,4.45,Stabil
2026-05-26 20:34:01,30.65,29.47,19.5,0.0,6.2,Stabil
2026-05-26 20:39:01,39.48,29.52,18.66,0.0,12.43,Stabil
2026-05-26 20:44:01,34.18,45.22,14.72,0.0,16.9,Stabil
2026-05-26 20:49:01,47.82,30.18,32.01,0.0,13.58,Stabil
2026-05-26 20:54:01,38.78,31.03,18.82,0.0,17.21,Stabil
2026-05-26 20:59:01,32.17,24.96,11.49,0.0,5.38,Stabil
2026-05-26 21:04:01,13.29,36.73,14.36,0.0,7.32,Stabil
2026-05-26 21:09:01,32.17,44.76,24.45,0.1,7.14,Stabil
2026-05-26 21:14:01,198.26,14.06,9.53,1.75,34.69,Tidak Stabil
2026-05-26 21:19:01,174.47,25.33,5.24,4.31,65.02,Tidak Stabil
2026-05-26 21:24:01,110.0,4.22,0.1,7.13,91.31,Tidak Stabil
2026-05-26 21:29:01,162.86,6.07,10.38,11.06,45.87,Tidak Stabil
2026-05-26 21:34:01,148.7,5.93,11.75,4.79,23.86,Tidak Stabil
2026-05-26 21:39:01,208.02,0.28,1.86,12.12,51.43,Tidak Stabil
2026-05-26 21:44:01,90.58,0.66,0.6,1.26,44.87,Tidak Stabil
2026-05-26 21:49:01,219.18,1.31,1.42,5.07,53.04,Tidak Stabil
2026-05-26 21:54:01,136.56,14.29,10.63,7.57,27.17,Tidak Stabil
2026-05-26 21:59:01,44.56,1.48,1.92,1.38,33.91,Tidak Stabil
2026-05-26 22:04:01,51.15,1.51,0.45,0.74,72.08,Tidak Stabil
2026-05-26 22:09:01,103.11,24.56,3.11,3.51,73.63,Tidak Stabil
2026-05-26 22:14:01,159.4,9.9,14.35,6.78,43.43,Tidak Stabil
2026-05-26 22:19:01,166.79,13.82,5.24,1.53,64.88,Tidak Stabil
2026-05-26 22:24:01,123.47,2.37,1.34,2.1,33.37,Tidak Stabil
2026-05-26 22:29:01,183.35,16.54,4.6,4.01,69.92,Tidak Stabil
2026-05-26 22:34:01,132.11,12.26,11.34,14.49,45.53,Tidak Stabil
2026-05-26 22:39:01,133.71,15.1,9.78,9.96,68.38,Tidak Stabil
2026-05-26 22:44:01,176.99,5.06,0.1,10.47,107.38,Tidak Stabil
2026-05-26 22:49:01,139.88,17.5,5.44,11.49,57.52,Tidak Stabil
2026-05-26 22:54:01,196.93,4.66,3.96,2.0,94.65,Tidak Stabil
2026-05-26 22:59:01,183.99,4.27,1.99,1.1,53.13,Tidak Stabil
2026-05-26 23:04:01,74.17,22.68,17.42,0.1,15.38,Stabil
2026-05-26 23:09:01,14.25,39.26,28.74,0.0,7.13,Stabil
2026-05-26 23:14:01,22.48,39.75,18.74,0.0,5.7,Stabil
2026-05-26 23:19:01,62.43,30.95,13.25,0.0,1.0,Stabil
2026-05-26 23:24:01,36.36,32.16,17.46,0.0,3.15,Stabil
2026-05-26 23:29:01,51.22,30.22,12.91,0.2,20.72,Stabil
2026-05-26 23:34:01,22.91,16.84,28.73,0.0,6.45,Stabil
2026-05-26 23:39:01,13.98,36.73,16.96,0.0,3.89,Stabil
2026-05-26 23:44:01,43.64,34.1,10.37,0.0,1.0,Stabil
2026-05-26 23:49:01,28.01,35.68,24.68,0.0,10.6,Stabil
2026-05-26 23:54:01,38.46,20.01,9.89,0.0,11.04,Stabil
2026-05-26 23:59:01,28.35,33.79,20.91,0.0,5.28,Stabil
2026-05-27 00:04:01,51.16,21.68,25.44,0.2,7.53,Stabil
2026-05-27 00:09:01,21.46,40.34,17.96,0.0,7.72,Stabil
2026-05-27 00:14:01,29.43,26.72,6.45,0.0,19.33,Stabil
2026-05-27 00:19:01,22.84,33.01,17.39,0.0,16.85,Stabil
2026-05-27 00:24:01,58.51,22.8,8.35,0.0,9.55,Stabil
2026-05-27 00:29:01,15.59,18.67,15.53,0.0,4.8,Stabil
2026-05-27 00:34:01,31.69,30.85,12.66,0.0,21.33,Stabil
2026-05-27 00:39:01,43.92,38.41,15.47,0.0,9.58,Stabil
2026-05-27 00:44:01,32.54,31.93,6.99,0.0,6.88,Stabil
2026-05-27 00:49:01,28.16,35.98,8.69,0.5,16.96,Stabil
2026-05-27 00:54:01,72.11,17.9,18.88,0.0,7.11,Stabil
2026-05-27 00:59:01,29.77,21.59,19.14,0.0,10.71,Stabil
2026-05-27 01:04:01,20.7,29.26,12.71,0.0,15.36,Stabil
2026-05-27 01:09:01,36.63,22.9,23.16,0.0,18.59,Stabil
2026-05-27 01:14:01,19.17,35.04,22.48,0.0,15.02,Stabil
2026-05-27 01:19:01,17.94,45.64,24.66,0.0,10.97,Stabil
2026-05-27 01:24:01,33.37,23.88,7.54,0.0,8.29,Stabil
2026-05-27 01:29:01,28.63,34.52,18.63,0.0,13.38,Stabil
2026-05-27 01:34:01,7.1,33.65,16.52,0.0,25.0,Stabil
2026-05-27 01:39:01,21.52,30.62,26.66,0.0,11.72,Stabil
2026-05-27 01:44:01,53.34,25.52,18.07,0.0,13.18,Stabil
2026-05-27 01:49:01,22.36,22.22,15.07,0.0,18.01,Stabil
2026-05-27 01:54:01,63.91,24.37,9.68,0.0,6.29,Stabil
2026-05-27 01:59:01,52.32,22.52,26.07,0.5,12.72,Stabil
2026-05-27 02:04:01,36.71,22.59,19.44,0.0,12.03,Stabil
2026-05-27 02:09:01,28.55,30.54,21.62,0.5,10.49,Stabil
2026-05-27 02:14:01,21.91,37.15,24.27,0.0,8.88,Stabil
2026-05-27 02:19:01,45.19,27.01,15.52,0.0,13.02,Stabil
2026-05-27 02:24:01,26.62,42.22,18.38,0.0,8.04,Stabil
2026-05-27 02:29:01,58.8,21.45,27.05,0.2,1.0,Stabil
2026-05-27 02:34:01,43.29,20.94,15.83,0.0,16.64,Stabil
2026-05-27 02:39:01,176.38,12.13,7.57,1.13,30.0,Tidak Stabil
2026-05-27 02:44:01,254.26,5.58,0.7,6.3,59.06,Tidak Stabil
2026-05-27 02:49:01,75.46,17.44,5.39,9.97,68.19,Tidak Stabil
2026-05-27 02:54:01,123.13,24.92,5.42,0.0,52.66,Tidak Stabil
2026-05-27 02:59:01,133.35,23.56,12.89,2.28,66.48,Tidak Stabil
2026-05-27 03:04:01,189.97,0.51,2.58,10.93,95.47,Tidak Stabil
2026-05-27 03:09:01,101.94,11.37,10.25,6.82,58.03,Tidak Stabil
2026-05-27 03:14:01,117.31,12.75,9.43,2.89,66.99,Tidak Stabil
2026-05-27 03:19:01,118.35,9.12,10.69,9.69,67.56,Tidak Stabil
2026-05-27 03:24:01,95.0,9.48,9.89,0.87,55.32,Tidak Stabil
2026-05-27 03:29:01,115.89,14.07,7.04,5.95,59.84,Tidak Stabil
2026-05-27 03:34:01,185.14,15.2,11.08,8.99,44.23,Tidak Stabil
2026-05-27 03:39:01,147.54,2.16,1.97,9.69,41.39,Tidak Stabil
2026-05-27 03:44:01,95.0,10.34,4.71,3.65,30.93,Tidak Stabil
2026-05-27 03:49:01,125.94,8.94,7.82,7.77,49.13,Tidak Stabil
2026-05-27 03:54:01,228.47,27.69,9.28,2.32,58.51,Tidak Stabil
2026-05-27 03:59:01,181.63,17.41,7.09,0.64,57.77,Tidak Stabil
2026-05-27 04:04:01,133.83,16.38,3.71,4.41,62.12,Tidak Stabil
2026-05-27 04:09:01,136.01,12.37,6.53,0.08,64.22,Tidak Stabil
2026-05-27 04:14:01,263.59,6.17,3.49,11.84,69.56,Tidak Stabil
2026-05-27 04:19:01,139.41,3.26,2.8,2.0,52.34,Tidak Stabil
2026-05-27 04:24:01,30.0,1.24,1.01,1.31,18.0,Tidak Stabil
2026-05-27 04:29:01,189.79,13.94,5.66,2.06,55.03,Tidak Stabil
2026-05-27 04:34:01,157.08,3.94,0.1,1.41,37.62,Tidak Stabil
2026-05-27 04:39:01,111.17,6.26,2.3,1.27,43.07,Tidak Stabil
2026-05-27 04:44:01,47.4,31.35,13.49,0.0,18.92,Stabil
2026-05-27 04:49:01,19.99,28.45,19.81,0.0,16.92,Stabil
2026-05-27 04:54:01,37.0,18.4,21.96,0.0,7.53,Stabil
2026-05-27 04:59:01,32.2,26.85,15.58,0.0,7.13,Stabil
2026-05-27 05:04:01,31.84,35.84,10.53,0.0,10.86,Stabil
2026-05-27 05:09:01,31.19,19.74,8.36,0.0,13.36,Stabil
2026-05-27 05:14:01,27.09,19.11,22.52,0.0,9.04,Stabil
2026-05-27 05:19:01,25.77,19.86,25.5,0.0,9.71,Stabil
2026-05-27 05:24:01,12.4,19.28,15.44,0.0,6.37,Stabil
2026-05-27 05:29:01,46.44,27.87,17.19,0.0,5.42,Stabil
2026-05-27 05:34:01,44.73,37.96,16.43,0.2,19.44,Stabil
2026-05-27 05:39:01,41.02,10.0,19.21,0.0,19.61,Stabil
2026-05-27 05:44:01,25.83,25.8,29.91,0.0,3.89,Stabil
2026-05-27 05:49:01,47.37,30.19,11.12,0.1,6.65,Stabil
2026-05-27 05:54:01,25.25,30.53,28.25,0.0,5.49,Stabil
2026-05-27 05:59:01,51.86,43.88,14.27,0.0,15.16,Stabil
2026-05-27 06:04:01,24.98,34.13,19.78,0.0,9.26,Stabil
2026-05-27 06:09:01,33.63,15.95,28.14,0.0,3.58,Stabil
2026-05-27 06:14:01,32.13,22.97,33.86,0.0,15.19,Stabil
2026-05-27 06:19:01,11.09,30.44,16.55,0.0,10.78,Stabil
2026-05-27 06:24:01,21.68,35.72,5.64,0.0,9.61,Stabil
2026-05-27 06:29:01,54.59,16.28,19.77,0.0,14.14,Stabil
2026-05-27 06:34:01,32.85,50.46,19.28,0.0,14.75,Stabil
2026-05-27 06:39:01,40.42,23.04,28.45,0.0,5.99,Stabil
2026-05-27 06:44:01,35.82,17.96,20.76,0.0,1.51,Stabil
2026-05-27 06:49:01,35.47,21.28,8.99,0.5,14.32,Stabil
2026-05-27 06:54:01,14.87,28.69,18.62,0.0,5.16,Stabil
2026-05-27 06:59:01,64.79,38.73,19.78,0.5,4.78,Stabil
2026-05-27 07:04:01,26.56,32.76,16.86,0.0,4.05,Stabil
2026-05-27 07:09:01,28.57,32.49,31.09,0.0,8.49,Stabil
2026-05-27 07:14:01,12.37,25.99,17.9,0.0,11.6,Stabil
2026-05-27 07:19:01,36.14,15.9,13.27,0.0,6.76,Stabil
2026-05-27 07:24:01,47.52,26.12,20.84,0.0,12.53,Stabil
2026-05-27 07:29:01,36.35,44.69,15.31,0.0,12.13,Stabil
2026-05-27 07:34:01,44.1,20.62,21.11,0.0,19.64,Stabil
2026-05-27 07:39:01,53.54,32.99,15.52,0.0,2.43,Stabil
2026-05-27 07:44:01,61.12,23.14,24.67,0.0,15.08,Stabil
2026-05-27 07:49:01,17.3,39.56,17.03,0.0,12.29,Stabil
2026-05-27 07:54:01,40.52,29.81,6.06,0.0,5.57,Stabil
2026-05-27 07:59:01,52.19,17.5,23.53,0.0,10.71,Stabil
2026-05-27 08:04:01,51.81,27.85,18.2,0.0,14.7,Stabil
2026-05-27 08:09:01,37.98,20.78,22.46,0.0,14.04,Stabil
2026-05-27 08:14:01,33.48,26.94,21.14,0.0,13.94,Stabil
2026-05-27 08:19:01,5.69,29.69,29.6,0.0,14.86,Stabil
2026-05-27 08:24:01,31.3,29.31,24.84,0.0,9.97,Stabil
2026-05-27 08:29:01,16.47,28.51,13.32,0.0,12.93,Stabil
2026-05-27 08:34:01,74.39,27.26,13.9,0.0,13.53,Stabil
2026-05-27 08:39:01,16.58,27.5,22.09,0.0,18.72,Stabil
2026-05-27 08:44:01,30.85,28.87,23.42,0.0,10.93,Stabil
2026-05-27 08:49:01,10.22,36.89,20.16,0.0,10.7,Stabil
2026-05-27 08:54:01,22.66,38.35,12.16,0.0,6.81,Stabil
2026-05-27 08:59:01,21.9,20.18,19.05,0.0,9.86,Stabil
2026-05-27 09:04:01,51.32,24.44,11.59,0.0,6.23,Stabil
2026-05-27 09:09:01,33.7,28.3,9.09,0.0,3.91,Stabil
2026-05-27 09:14:01,15.48,35.65,18.61,0.0,22.41,Stabil
2026-05-27 09:19:01,23.68,23.72,18.91,0.0,7.18,Stabil
2026-05-27 09:24:01,40.77,19.09,28.47,0.0,9.64,Stabil
2026-05-27 09:29:01,19.84,25.24,13.29,0.0,9.94,Stabil
2026-05-27 09:34:01,5.0,20.95,14.83,0.0,4.22,Stabil
2026-05-27 09:39:01,22.74,33.11,9.16,0.0,13.9,Stabil
2026-05-27 09:44:01,5.0,37.9,12.86,0.0,18.78,Stabil
2026-05-27 09:49:01,39.57,41.76,13.45,0.0,10.28,Stabil
2026-05-27 09:54:01,43.79,11.09,25.92,0.0,16.7,Stabil
2026-05-27 09:59:01,24.4,30.59,20.96,0.0,4.17,Stabil
2026-05-27 10:04:01,27.72,30.72,19.52,0.0,3.3,Stabil
2026-05-27 10:09:01,25.9,15.63,18.98,0.1,5.68,Stabil
2026-05-27 10:14:01,46.38,31.56,16.1,0.0,4.99,Stabil
2026-05-27 10:19:01,39.39,21.77,17.76,0.1,11.46,Stabil
2026-05-27 10:24:01,30.54,26.16,12.49,0.0,17.23,Stabil
2026-05-27 10:29:01,17.03,37.86,7.58,0.0,13.14,Stabil
2026-05-27 10:34:01,75.23,3.56,2.32,2.33,26.45,Tidak Stabil
2026-05-27 10:39:01,68.42,6.01,4.01,2.04,18.62,Tidak Stabil
2026-05-27 10:44:01,184.63,2.65,4.38,14.87,88.23,Tidak Stabil
2026-05-27 10:49:01,82.65,9.22,3.22,10.01,35.4,Tidak Stabil
2026-05-27 10:54:01,226.09,17.76,11.48,2.88,71.01,Tidak Stabil
2026-05-27 10:59:01,159.64,3.05,2.27,8.25,80.55,Tidak Stabil
2026-05-27 11:04:01,222.97,5.24,0.1,9.72,120.37,Tidak Stabil
2026-05-27 11:09:01,149.55,11.09,9.03,8.48,29.7,Tidak Stabil
2026-05-27 11:14:01,239.71,2.7,3.63,5.53,91.08,Tidak Stabil
2026-05-27 11:19:01,87.52,23.88,6.64,7.53,50.77,Tidak Stabil
2026-05-27 11:24:01,267.66,0.2,1.76,6.0,59.27,Tidak Stabil
2026-05-27 11:29:01,110.0,5.74,1.67,12.43,77.83,Tidak Stabil
2026-05-27 11:34:01,89.89,2.0,1.0,5.51,29.16,Tidak Stabil
2026-05-27 11:39:01,69.33,0.97,3.34,0.59,18.0,Tidak Stabil
2026-05-27 11:44:01,227.46,11.01,6.0,1.21,75.7,Tidak Stabil
2026-05-27 11:49:01,92.15,15.22,1.0,3.66,45.85,Tidak Stabil
2026-05-27 11:54:01,120.24,8.5,9.2,0.0,55.87,Tidak Stabil
2026-05-27 11:59:01,300.4,4.12,1.91,3.52,39.57,Tidak Stabil
2026-05-27 12:04:01,199.81,4.89,3.09,11.21,118.67,Tidak Stabil
2026-05-27 12:09:01,146.98,9.62,5.07,10.76,101.96,Tidak Stabil
2026-05-27 12:14:01,108.77,4.43,2.58,0.34,47.71,Tidak Stabil
2026-05-27 12:19:01,166.95,16.18,15.53,1.89,56.56,Tidak Stabil
2026-05-27 12:24:01,222.09,5.14,1.18,4.39,109.2,Tidak Stabil
2026-05-27 12:29:01,121.44,17.12,8.33,2.56,61.82,Tidak Stabil
2026-05-27 12:34:01,95.0,10.92,5.14,1.55,30.0,Tidak Stabil
2026-05-27 12:39:01,211.02,23.31,13.64,1.74,77.78,Tidak Stabil
2026-05-27 12:44:01,195.76,6.11,2.8,14.91,89.2,Tidak Stabil
2026-05-27 12:49:01,225.79,1.77,1.34,10.44,103.96,Tidak Stabil
2026-05-27 12:54:01,180.45,26.27,9.02,0.71,55.21,Tidak Stabil
2026-05-27 12:59:01,232.32,4.0,3.01,12.88,44.52,Tidak Stabil
2026-05-27 13:04:01,170.29,0.99,1.98,3.1,105.19,Tidak Stabil
2026-05-27 13:09:01,35.92,39.96,6.28,0.1,15.82,Stabil
2026-05-27 13:14:01,17.09,21.87,24.97,0.0,1.0,Stabil
2026-05-27 13:19:01,35.68,37.31,18.04,0.0,7.81,Stabil
2026-05-27 13:24:01,53.36,48.41,15.64,0.0,3.75,Stabil
2026-05-27 13:29:01,40.56,29.6,25.87,0.0,8.08,Stabil
2026-05-27 13:34:01,71.65,27.07,19.53,0.0,4.32,Stabil
2026-05-27 13:39:01,50.9,43.83,24.93,0.0,3.72,Stabil
2026-05-27 13:44:01,5.6,18.15,28.44,0.0,9.44,Stabil
2026-05-27 13:49:01,44.03,22.61,6.07,0.0,7.82,Stabil
2026-05-27 13:54:01,27.79,42.85,10.81,0.0,16.98,Stabil
2026-05-27 13:59:01,17.22,31.23,15.46,0.0,9.46,Stabil
2026-05-27 14:04:01,5.0,38.45,30.42,0.0,13.82,Stabil
2026-05-27 14:09:01,32.88,29.95,24.01,0.0,9.16,Stabil
2026-05-27 14:14:01,31.72,27.36,7.95,0.0,4.69,Stabil
2026-05-27 14:19:01,33.33,18.32,16.7,0.0,9.67,Stabil
2026-05-27 14:24:01,15.97,19.71,22.43,0.0,6.8,Stabil
2026-05-27 14:29:01,36.37,39.93,21.1,0.0,13.91,Stabil
2026-05-27 14:34:01,34.68,29.15,17.95,0.0,14.79,Stabil
2026-05-27 14:39:01,54.66,22.6,15.58,0.2,14.21,Stabil
2026-05-27 14:44:01,32.74,22.41,15.69,0.0,15.55,Stabil
2026-05-27 14:49:01,39.69,33.97,16.76,0.0,15.43,Stabil
2026-05-27 14:54:01,48.38,24.48,17.22,0.2,5.4,Stabil
2026-05-27 14:59:01,47.07,42.92,21.65,0.0,4.61,Stabil
2026-05-27 15:04:01,30.88,26.22,26.51,0.0,2.79,Stabil
2026-05-27 15:09:01,30.24,32.26,13.69,0.0,8.94,Stabil
2026-05-27 15:14:01,5.0,15.49,19.79,0.0,5.89,Stabil
2026-05-27 15:19:01,12.08,17.56,18.01,0.0,2.5,Stabil
2026-05-27 15:24:01,145.88,4.52,1.07,9.43,74.74,Tidak Stabil
2026-05-27 15:29:01,255.81,3.09,1.11,6.34,51.75,Tidak Stabil
2026-05-27 15:34:01,44.89,1.27,0.1,0.3,47.32,Tidak Stabil
2026-05-27 15:39:01,95.0,11.89,1.05,1.87,54.13,Tidak Stabil
2026-05-27 15:44:01,162.51,18.08,8.84,0.24,78.42,Tidak Stabil
2026-05-27 15:49:01,95.0,15.48,14.09,3.8,50.72,Tidak Stabil
2026-05-27 15:54:01,182.87,6.87,2.43,11.22,47.01,Tidak Stabil
2026-05-27 15:59:01,203.68,6.96,6.37,2.85,66.09,Tidak Stabil
2026-05-27 16:04:01,126.26,3.55,2.86,1.14,68.06,Tidak Stabil
2026-05-27 16:09:01,73.58,4.93,1.35,2.19,43.37,Tidak Stabil
2026-05-27 16:14:01,115.0,10.29,8.25,1.4,56.36,Tidak Stabil
2026-05-27 16:19:01,103.91,24.31,5.56,2.0,63.28,Tidak Stabil
2026-05-27 16:24:01,125.28,5.24,1.36,1.88,31.41,Tidak Stabil
2026-05-27 16:29:01,117.76,2.0,19.25,0.73,58.18,Tidak Stabil
2026-05-27 16:34:01,103.65,4.78,14.15,12.08,45.64,Tidak Stabil
2026-05-27 16:39:01,189.46,9.34,1.11,1.94,30.0,Tidak Stabil
2026-05-27 16:44:01,64.05,20.72,9.5,6.55,62.39,Tidak Stabil
2026-05-27 16:49:01,79.67,2.21,1.45,2.37,26.87,Tidak Stabil
2026-05-27 16:54:01,171.25,3.09,2.88,2.4,106.19,Tidak Stabil
2026-05-27 16:59:01,162.5,13.59,7.43,1.07,35.73,Tidak Stabil
2026-05-27 17:04:01,223.5,1.56,0.16,5.17,60.69,Tidak Stabil
2026-05-27 17:09:01,193.95,12.99,12.73,2.21,53.08,Tidak Stabil
2026-05-27 17:14:01,117.19,9.35,3.57,0.07,30.0,Tidak Stabil
2026-05-27 17:19:01,182.95,3.66,3.64,15.73,89.8,Tidak Stabil
2026-05-27 17:24:01,84.5,1.5,0.1,1.75,18.0,Tidak Stabil
2026-05-27 17:29:01,104.81,3.05,2.91,0.24,22.7,Tidak Stabil
2026-05-27 17:34:01,95.0,21.81,13.42,0.0,103.74,Tidak Stabil
2026-05-27 17:39:01,211.13,1.74,4.53,7.34,87.41,Tidak Stabil
2026-05-27 17:44:01,93.73,14.84,10.65,3.87,40.24,Tidak Stabil
2026-05-27 17:49:01,70.43,12.89,10.63,11.92,20.0,Tidak Stabil
2026-05-27 17:54:01,191.41,4.79,2.99,5.31,112.1,Tidak Stabil
2026-05-27 17:59:01,100.94,5.28,1.94,0.0,19.29,Tidak Stabil
2026-05-27 18:04:01,137.66,11.71,6.55,4.34,52.92,Tidak Stabil
2026-05-27 18:09:01,175.99,21.41,1.6,1.79,70.65,Tidak Stabil
2026-05-27 18:14:01,95.0,2.0,6.45,0.73,53.97,Tidak Stabil
2026-05-27 18:19:01,222.67,13.51,4.96,2.16,36.24,Tidak Stabil
2026-05-27 18:24:01,64.51,16.54,7.57,8.35,51.57,Tidak Stabil
2026-05-27 18:29:01,157.44,6.67,2.53,2.34,57.16,Tidak Stabil
2026-05-27 18:34:01,275.31,4.2,2.79,12.82,80.42,Tidak Stabil
2026-05-27 18:39:01,134.29,27.07,7.47,2.68,80.11,Tidak Stabil
2026-05-27 18:44:01,222.55,19.18,7.83,1.31,47.28,Tidak Stabil
2026-05-27 18:49:01,98.37,2.02,2.88,0.69,18.0,Tidak Stabil
2026-05-27 18:54:01,267.05,4.31,0.95,3.03,55.46,Tidak Stabil
2026-05-27 18:59:01,109.92,5.75,11.89,2.23,68.69,Tidak Stabil
2026-05-27 19:04:01,260.49,3.57,4.56,3.02,56.8,Tidak Stabil
2026-05-27 19:09:01,113.67,15.12,8.77,8.11,55.78,Tidak Stabil
2026-05-27 19:14:01,117.23,7.47,4.24,9.64,47.18,Tidak Stabil
2026-05-27 19:19:01,222.09,19.74,2.1,0.9,44.85,Tidak Stabil
2026-05-27 19:24:01,134.59,26.98,13.62,2.13,88.52,Tidak Stabil
2026-05-27 19:29:01,33.27,31.8,19.97,0.0,12.36,Stabil
2026-05-27 19:34:01,39.76,22.53,15.49,0.0,6.32,Stabil
2026-05-27 19:39:01,42.7,29.73,28.23,0.0,14.64,Stabil
2026-05-27 19:44:01,25.88,42.64,16.12,0.0,15.19,Stabil
2026-05-27 19:49:01,54.7,25.72,17.27,0.0,11.61,Stabil
2026-05-27 19:54:01,44.01,30.5,12.06,0.0,9.92,Stabil
2026-05-27 19:59:01,5.0,38.69,19.43,0.0,12.73,Stabil
2026-05-27 20:04:01,45.45,16.88,18.87,0.5,8.46,Stabil
2026-05-27 20:09:01,36.62,37.03,21.88,0.0,6.87,Stabil
2026-05-27 20:14:01,43.45,21.43,15.91,0.0,8.34,Stabil
2026-05-27 20:19:01,27.27,33.96,20.33,0.0,12.16,Stabil
2026-05-27 20:24:01,29.58,28.92,9.82,0.0,6.17,Stabil
2026-05-27 20:29:01,11.01,18.27,21.95,0.2,17.67,Stabil
2026-05-27 20:34:01,35.46,39.89,5.0,0.0,9.02,Stabil
2026-05-27 20:39:01,30.54,27.66,18.06,0.0,5.73,Stabil
2026-05-27 20:44:01,24.12,35.17,16.72,0.0,8.38,Stabil
2026-05-27 20:49:01,17.16,19.16,20.74,0.0,12.0,Stabil
2026-05-27 20:54:01,39.78,20.85,22.53,0.0,12.69,Stabil
2026-05-27 20:59:01,17.53,35.98,17.88,0.0,5.99,Stabil
2026-05-27 21:04:01,48.38,35.01,15.71,0.0,15.32,Stabil
2026-05-27 21:09:01,31.61,14.51,12.46,0.0,17.59,Stabil
2026-05-27 21:14:01,16.13,28.73,11.96,0.0,20.2,Stabil
2026-05-27 21:19:01,24.77,30.68,29.38,0.0,9.47,Stabil
2026-05-27 21:24:01,25.43,33.37,22.27,0.0,10.02,Stabil
2026-05-27 21:29:01,33.69,27.89,19.35,0.0,4.75,Stabil
2026-05-27 21:34:01,44.79,26.32,20.69,0.0,1.0,Stabil
2026-05-27 21:39:01,5.0,48.17,21.98,0.0,8.68,Stabil
2026-05-27 21:44:01,66.59,31.06,30.85,0.0,10.85,Stabil
2026-05-27 21:49:01,30.85,35.69,14.41,0.0,13.86,Stabil
2026-05-27 21:54:01,30.73,22.91,18.53,0.0,8.42,Stabil
2026-05-27 21:59:01,28.33,17.05,12.22,0.5,8.47,Stabil
2026-05-27 22:04:01,49.91,20.24,20.39,0.0,8.53,Stabil
2026-05-27 22:09:01,30.76,33.74,18.05,0.0,8.7,Stabil
2026-05-27 22:14:01,30.27,24.38,36.79,0.0,4.61,Stabil
2026-05-27 22:19:01,36.35,24.11,23.3,0.0,10.0,Stabil
2026-05-27 22:24:01,42.45,20.24,26.62,0.5,2.72,Stabil
2026-05-27 22:29:01,48.79,28.07,17.38,0.0,5.59,Stabil
2026-05-27 22:34:01,24.53,39.73,17.76,0.1,16.46,Stabil
2026-05-27 22:39:01,21.97,22.13,19.48,0.0,1.9,Stabil
2026-05-27 22:44:01,38.93,34.22,19.29,0.1,20.13,Stabil
2026-05-27 22:49:01,19.49,29.5,12.96,0.2,1.0,Stabil
2026-05-27 22:54:01,47.48,30.82,13.24,0.0,15.37,Stabil
2026-05-27 22:59:01,29.18,17.7,20.7,0.0,16.14,Stabil
2026-05-27 23:04:01,47.78,21.31,19.29,0.0,2.96,Stabil
2026-05-27 23:09:01,18.65,29.35,26.43,0.0,4.16,Stabil
2026-05-27 23:14:01,44.82,51.69,9.73,0.0,3.49,Stabil
2026-05-27 23:19:01,30.73,23.32,13.62,0.0,6.45,Stabil
2026-05-27 23:24:01,18.0,24.81,16.17,0.0,15.05,Stabil
2026-05-27 23:29:01,30.31,23.61,20.5,0.5,8.44,Stabil
2026-05-27 23:34:01,43.73,34.41,26.57,0.2,12.35,Stabil
2026-05-27 23:39:01,18.5,30.58,19.76,0.0,4.12,Stabil
2026-05-27 23:44:01,38.17,34.22,5.0,0.0,9.76,Stabil
2026-05-27 23:49:01,38.97,27.48,25.17,0.2,16.36,Stabil
2026-05-27 23:54:01,28.52,31.18,12.43,0.0,9.5,Stabil
2026-05-27 23:59:01,141.45,5.41,0.31,1.98,37.82,Tidak Stabil
2026-05-28 00:04:01,132.82,7.05,2.1,0.9,21.95,Tidak Stabil
2026-05-28 00:09:01,187.76,0.2,4.19,12.45,104.56,Tidak Stabil
2026-05-28 00:14:01,104.24,5.35,2.72,0.83,45.76,Tidak Stabil
2026-05-28 00:19:01,88.75,22.13,8.65,9.36,24.14,Tidak Stabil
2026-05-28 00:24:01,112.98,6.44,1.34,0.53,38.18,Tidak Stabil
2026-05-28 00:29:01,149.88,3.15,1.73,2.72,29.7,Tidak Stabil
2026-05-28 00:34:01,67.11,2.42,2.33,3.01,28.8,Tidak Stabil
2026-05-28 00:39:01,243.24,6.14,2.83,9.58,82.8,Tidak Stabil
2026-05-28 00:44:01,111.33,7.18,1.29,1.61,40.05,Tidak Stabil
2026-05-28 00:49:01,64.4,2.23,0.96,1.71,18.0,Tidak Stabil
2026-05-28 00:54:01,125.49,2.99,14.86,0.27,51.9,Tidak Stabil
2026-05-28 00:59:01,129.54,0.76,1.37,2.0,143.27,Tidak Stabil
2026-05-28 01:04:01,110.0,4.55,3.22,8.43,71.68,Tidak Stabil
2026-05-28 01:09:01,124.02,26.71,3.41,0.0,31.63,Tidak Stabil
2026-05-28 01:14:01,211.26,0.95,1.63,5.01,106.0,Tidak Stabil
2026-05-28 01:19:01,244.8,20.84,18.46,2.72,53.86,Tidak Stabil
2026-05-28 01:24:01,54.32,4.06,1.66,1.3,23.33,Tidak Stabil
2026-05-28 01:29:01,88.23,0.95,2.28,0.43,43.43,Tidak Stabil
2026-05-28 01:34:01,120.86,3.37,0.1,1.73,32.94,Tidak Stabil
2026-05-28 01:39:01,127.09,3.73,1.35,3.43,109.92,Tidak Stabil
2026-05-28 01:44:01,152.02,4.75,2.5,0.37,34.69,Tidak Stabil
2026-05-28 01:49:01,125.45,5.96,0.1,14.74,72.09,Tidak Stabil
2026-05-28 01:54:01,168.02,4.76,3.25,0.63,18.0,Tidak Stabil
2026-05-28 01:59:01,51.13,4.49,2.79,1.87,40.14,Tidak Stabil
2026-05-28 02:04:01,143.09,7.68,4.57,15.17,79.72,Tidak Stabil
2026-05-28 02:09:01,110.0,4.43,1.77,7.35,38.1,Tidak Stabil
2026-05-28 02:14:01,130.17,4.39,1.99,10.7,98.69,Tidak Stabil
2026-05-28 02:19:01,133.43,13.2,17.91,1.47,52.68,Tidak Stabil
2026-05-28 02:24:01,105.39,11.28,1.0,7.41,38.95,Tidak Stabil
2026-05-28 02:29:01,57.29,17.19,10.47,5.09,55.79,Tidak Stabil
2026-05-28 02:34:01,175.74,14.86,12.69,7.22,45.54,Tidak Stabil
2026-05-28 02:39:01,95.74,2.64,0.57,0.74,39.04,Tidak Stabil
2026-05-28 02:44:01,105.25,5.28,0.9,1.66,46.94,Tidak Stabil
2026-05-28 02:49:01,131.52,9.51,7.46,11.98,94.76,Tidak Stabil
2026-05-28 02:54:01,215.47,5.6,2.65,17.41,89.12,Tidak Stabil
2026-05-28 02:59:01,172.51,0.2,3.1,8.85,62.87,Tidak Stabil
2026-05-28 03:04:01,50.45,5.19,2.02,0.04,45.29,Tidak Stabil
2026-05-28 03:09:01,121.28,5.47,3.8,5.71,100.21,Tidak Stabil
2026-05-28 03:14:01,231.17,11.69,13.86,2.53,76.94,Tidak Stabil
2026-05-28 03:19:01,75.78,2.93,1.17,0.77,56.05,Tidak Stabil
2026-05-28 03:24:01,176.5,18.66,9.0,6.63,48.4,Tidak Stabil
2026-05-28 03:29:01,102.5,24.94,5.26,11.54,45.99,Tidak Stabil
2026-05-28 03:34:01,110.0,6.57,2.62,9.91,84.59,Tidak Stabil
2026-05-28 03:39:01,110.0,0.54,2.31,9.91,125.7,Tidak Stabil
2026-05-28 03:44:01,135.56,9.14,3.4,5.97,45.74,Tidak Stabil
2026-05-28 03:49:01,67.09,4.4,0.65,1.58,43.39,Tidak Stabil
2026-05-28 03:54:01,51.26,19.01,8.97,0.0,10.17,Stabil
2026-05-28 03:59:01,53.95,35.98,18.89,0.0,10.29,Stabil
2026-05-28 04:04:01,32.41,18.26,21.38,0.0,13.75,Stabil
2026-05-28 04:09:01,60.45,22.44,6.95,0.0,16.43,Stabil
2026-05-28 04:14:01,61.69,14.4,18.18,0.0,6.22,Stabil
2026-05-28 04:19:01,36.31,28.88,13.38,0.2,10.97,Stabil
2026-05-28 04:24:01,21.24,31.3,23.03,0.0,7.9,Stabil
2026-05-28 04:29:01,36.52,35.1,23.99,0.0,10.24,Stabil
2026-05-28 04:34:01,48.57,24.16,10.69,0.0,10.12,Stabil
2026-05-28 04:39:01,58.19,23.79,19.21,0.0,3.9,Stabil
2026-05-28 04:44:01,22.08,23.64,25.47,0.0,16.83,Stabil
2026-05-28 04:49:01,11.06,30.45,21.66,0.0,12.92,Stabil
2026-05-28 04:54:01,17.24,51.09,24.31,0.0,7.9,Stabil
2026-05-28 04:59:01,36.87,26.91,15.91,0.0,9.03,Stabil
2026-05-28 05:04:01,9.79,18.07,20.63,0.0,12.47,Stabil
2026-05-28 05:09:01,41.03,26.94,11.43,0.2,7.97,Stabil
2026-05-28 05:14:01,39.33,34.57,18.03,0.0,9.92,Stabil
2026-05-28 05:19:01,53.81,30.36,22.64,0.0,2.85,Stabil
2026-05-28 05:24:01,58.02,10.0,30.91,0.5,15.15,Stabil
2026-05-28 05:29:01,29.93,24.93,21.12,0.0,9.7,Stabil
2026-05-28 05:34:01,40.78,28.0,17.2,0.0,6.77,Stabil
2026-05-28 05:39:01,26.5,25.07,25.96,0.2,8.89,Stabil
2026-05-28 05:44:01,31.27,10.0,14.84,0.0,10.88,Stabil
2026-05-28 05:49:01,42.34,21.24,14.75,0.0,21.03,Stabil
2026-05-28 05:54:01,19.2,35.04,13.38,0.0,20.2,Stabil
2026-05-28 05:59:01,49.98,32.31,15.09,0.0,9.83,Stabil
2026-05-28 06:04:01,68.31,30.15,21.4,0.0,14.35,Stabil
2026-05-28 06:09:01,31.95,25.79,10.67,0.5,10.94,Stabil
2026-05-28 06:14:01,22.75,28.98,18.71,0.0,13.61,Stabil
2026-05-28 06:19:01,21.88,28.18,20.48,0.0,18.83,Stabil
2026-05-28 06:24:01,45.21,33.39,12.62,0.0,2.25,Stabil
2026-05-28 06:29:01,48.46,31.01,11.69,0.0,3.68,Stabil
2026-05-28 06:34:01,19.94,26.85,5.0,0.5,12.87,Stabil
2026-05-28 06:39:01,41.46,54.76,22.34,0.0,7.09,Stabil
2026-05-28 06:44:01,59.6,23.44,27.11,0.0,12.2,Stabil
2026-05-28 06:49:01,28.07,20.99,12.61,0.2,6.05,Stabil
2026-05-28 06:54:01,39.85,24.48,13.86,0.0,5.85,Stabil
2026-05-28 06:59:01,48.97,24.61,19.22,0.0,13.8,Stabil
2026-05-28 07:04:01,35.5,16.47,5.19,0.0,4.0,Stabil
2026-05-28 07:09:01,43.67,22.63,15.42,0.0,10.67,Stabil
2026-05-28 07:14:01,29.32,42.02,23.7,0.0,10.97,Stabil
2026-05-28 07:19:01,54.76,27.77,23.04,0.0,3.01,Stabil
2026-05-28 07:24:01,5.02,41.35,20.87,0.0,3.84,Stabil
2026-05-28 07:29:01,67.57,31.18,16.61,0.0,6.54,Stabil
2026-05-28 07:34:01,16.98,18.32,24.9,0.0,7.28,Stabil
2026-05-28 07:39:01,23.95,24.11,14.81,0.0,1.48,Stabil
2026-05-28 07:44:01,11.27,27.55,20.98,0.2,6.03,Stabil
2026-05-28 07:49:01,10.91,35.91,5.0,0.0,13.84,Stabil
2026-05-28 07:54:01,25.1,26.1,17.99,0.0,6.78,Stabil
2026-05-28 07:59:01,46.54,26.59,21.3,0.2,13.96,Stabil
2026-05-28 08:04:01,39.53,28.35,13.54,0.0,13.01,Stabil
2026-05-28 08:09:01,34.23,27.19,6.7,0.0,4.12,Stabil
2026-05-28 08:14:01,42.48,33.1,15.44,0.0,13.3,Stabil
2026-05-28 08:19:01,45.56,41.79,16.17,0.0,8.87,Stabil
2026-05-28 08:24:01,22.35,25.19,11.4,0.0,1.56,Stabil
2026-05-28 08:29:01,53.13,28.89,29.28,0.2,11.35,Stabil
2026-05-28 08:34:01,26.15,30.82,18.81,0.0,5.52,Stabil
2026-05-28 08:39:01,27.01,28.11,7.57,0.0,6.11,Stabil
2026-05-28 08:44:01,27.64,23.96,16.27,0.2,8.08,Stabil
2026-05-28 08:49:01,46.22,30.89,16.65,0.0,13.83,Stabil
2026-05-28 08:54:01,37.78,26.78,18.02,0.0,16.54,Stabil
2026-05-28 08:59:01,27.88,27.34,25.47,0.0,2.47,Stabil
2026-05-28 09:04:01,44.53,34.14,14.34,0.0,19.43,Stabil
2026-05-28 09:09:01,33.76,33.28,24.8,0.0,3.88,Stabil
2026-05-28 09:14:01,48.32,39.83,9.03,0.0,6.28,Stabil
2026-05-28 09:19:01,10.62,18.28,36.04,0.0,14.58,Stabil
2026-05-28 09:24:01,34.1,31.94,5.0,0.0,13.89,Stabil
2026-05-28 09:29:01,28.96,18.45,13.17,0.0,10.31,Stabil
2026-05-28 09:34:01,22.72,20.76,8.88,0.0,6.73,Stabil
2026-05-28 09:39:01,64.51,39.78,20.57,0.0,7.1,Stabil
2026-05-28 09:44:01,21.24,19.31,14.84,0.0,12.26,Stabil
2026-05-28 09:49:01,27.83,11.81,21.52,0.0,6.06,Stabil
2026-05-28 09:54:01,54.49,22.15,17.66,0.0,5.49,Stabil
2026-05-28 09:59:01,5.8,43.02,11.42,0.0,8.55,Stabil
2026-05-28 10:04:01,34.3,35.27,19.74,0.0,11.07,Stabil
2026-05-28 10:09:01,12.4,15.33,13.63,0.0,13.09,Stabil
2026-05-28 10:14:01,48.22,25.38,15.41,0.0,3.16,Stabil
2026-05-28 10:19:01,37.7,24.63,23.02,0.0,15.64,Stabil
2026-05-28 10:24:01,127.34,13.54,8.56,1.26,73.28,Tidak Stabil
2026-05-28 10:29:01,235.98,20.61,6.37,2.99,52.26,Tidak Stabil
2026-05-28 10:34:01,220.95,17.14,14.93,2.5,57.68,Tidak Stabil
2026-05-28 10:39:01,110.6,2.0,4.38,4.15,32.82,Tidak Stabil
2026-05-28 10:44:01,181.75,8.97,11.1,11.36,51.43,Tidak Stabil
2026-05-28 10:49:01,110.0,5.91,0.1,2.0,124.79,Tidak Stabil
2026-05-28 10:54:01,114.68,23.05,13.54,2.77,37.76,Tidak Stabil
2026-05-28 10:59:01,137.34,18.46,10.57,3.89,48.14,Tidak Stabil
2026-05-28 11:04:01,179.87,6.21,5.56,7.87,51.9,Tidak Stabil
2026-05-28 11:09:01,127.55,2.19,1.98,0.72,22.11,Tidak Stabil
2026-05-28 11:14:01,148.86,17.92,8.56,2.68,51.04,Tidak Stabil
2026-05-28 11:19:01,96.42,10.48,11.45,7.42,62.19,Tidak Stabil
2026-05-28 11:24:01,109.41,3.0,2.67,1.11,52.6,Tidak Stabil
2026-05-28 11:29:01,105.87,0.61,0.91,0.09,46.8,Tidak Stabil
2026-05-28 11:34:01,282.01,5.56,1.62,9.18,70.75,Tidak Stabil
2026-05-28 11:39:01,83.9,10.68,5.64,7.23,90.08,Tidak Stabil
2026-05-28 11:44:01,191.69,1.13,0.1,9.0,89.03,Tidak Stabil
2026-05-28 11:49:01,226.5,2.3,0.1,10.42,66.08,Tidak Stabil
2026-05-28 11:54:01,213.4,1.64,0.1,16.99,68.23,Tidak Stabil
2026-05-28 11:59:01,33.11,29.76,18.67,0.0,1.0,Stabil
2026-05-28 12:04:01,59.73,26.89,15.83,0.0,9.88,Stabil
2026-05-28 12:09:01,37.17,28.3,18.09,0.0,7.09,Stabil
2026-05-28 12:14:01,39.99,19.55,22.55,0.0,5.91,Stabil
2026-05-28 12:19:01,34.5,15.89,19.93,0.1,10.38,Stabil
2026-05-28 12:24:01,23.53,23.0,24.77,0.0,12.21,Stabil
2026-05-28 12:29:01,20.3,26.62,19.36,0.0,4.23,Stabil
2026-05-28 12:34:01,25.52,22.32,14.47,0.0,9.64,Stabil
2026-05-28 12:39:01,50.99,31.33,13.34,0.0,8.02,Stabil
2026-05-28 12:44:01,46.14,44.36,21.66,0.0,7.51,Stabil
2026-05-28 12:49:01,49.08,21.37,22.71,0.0,4.29,Stabil
2026-05-28 12:54:01,19.1,34.24,10.6,0.0,11.36,Stabil
2026-05-28 12:59:01,42.24,30.98,20.31,0.0,10.24,Stabil
2026-05-28 13:04:01,19.88,25.13,15.62,0.0,4.97,Stabil
2026-05-28 13:09:01,34.29,29.36,16.61,0.0,11.37,Stabil
2026-05-28 13:14:01,66.07,47.42,13.32,0.0,16.13,Stabil
2026-05-28 13:19:01,68.77,26.04,17.8,0.0,12.66,Stabil
2026-05-28 13:24:01,35.31,29.59,10.71,0.0,6.36,Stabil
2026-05-28 13:29:01,21.35,34.19,22.51,0.5,10.96,Stabil
2026-05-28 13:34:01,37.01,37.9,20.31,0.0,11.68,Stabil
2026-05-28 13:39:01,25.02,11.16,10.51,0.0,17.18,Stabil
2026-05-28 13:44:01,30.83,32.12,18.6,0.1,11.91,Stabil
2026-05-28 13:49:01,30.87,24.49,10.95,0.0,4.67,Stabil
2026-05-28 13:54:01,31.56,36.3,18.52,0.0,12.42,Stabil
2026-05-28 13:59:01,37.78,28.14,18.94,0.0,19.83,Stabil
2026-05-28 14:04:01,40.31,26.56,18.17,0.0,14.39,Stabil
2026-05-28 14:09:01,5.96,29.79,17.66,0.0,7.13,Stabil
2026-05-28 14:14:01,38.0,35.35,12.98,0.0,16.88,Stabil
2026-05-28 14:19:01,48.94,35.5,25.94,0.2,1.0,Stabil
2026-05-28 14:24:01,56.4,38.57,15.98,0.0,11.24,Stabil
2026-05-28 14:29:01,33.24,31.11,22.7,0.0,2.07,Stabil
2026-05-28 14:34:01,17.23,29.54,28.99,0.0,17.14,Stabil
2026-05-28 14:39:01,14.27,22.91,17.88,0.0,1.0,Stabil
2026-05-28 14:44:01,45.58,35.63,15.15,0.0,8.64,Stabil
2026-05-28 14:49:01,14.96,31.58,18.14,0.1,10.29,Stabil
2026-05-28 14:54:01,29.36,13.15,26.99,0.0,6.57,Stabil
2026-05-28 14:59:01,37.38,28.09,29.13,0.0,1.0,Stabil
2026-05-28 15:04:01,25.53,34.57,21.14,0.0,6.61,Stabil
2026-05-28 15:09:01,38.59,33.49,13.55,0.0,10.56,Stabil
2026-05-28 15:14:01,50.77,39.17,12.7,0.5,7.74,Stabil
2026-05-28 15:19:01,27.08,40.21,19.56,0.0,7.06,Stabil
2026-05-28 15:24:01,45.07,25.32,18.37,0.2,7.12,Stabil
2026-05-28 15:29:01,29.2,35.64,14.84,0.0,7.12,Stabil
2026-05-28 15:34:01,28.64,28.7,25.17,0.0,8.44,Stabil
2026-05-28 15:39:01,47.43,22.81,16.02,0.0,3.42,Stabil
2026-05-28 15:44:01,80.0,29.14,18.54,0.0,2.29,Stabil
2026-05-28 15:49:01,21.7,31.87,25.61,0.0,11.34,Stabil
2026-05-28 15:54:01,5.0,27.2,14.8,0.5,3.69,Stabil
2026-05-28 15:59:01,20.68,36.51,9.42,0.0,12.97,Stabil
2026-05-28 16:04:01,37.01,35.47,15.97,0.0,18.45,Stabil
2026-05-28 16:09:01,49.07,32.69,21.21,0.0,13.09,Stabil
2026-05-28 16:14:01,27.14,14.5,9.66,0.0,21.91,Stabil
2026-05-28 16:19:01,25.11,18.32,20.28,0.5,17.91,Stabil
2026-05-28 16:24:01,41.9,25.31,12.21,0.0,5.89,Stabil
2026-05-28 16:29:01,32.31,22.68,11.92,0.1,7.85,Stabil
2026-05-28 16:34:01,37.85,27.64,33.11,0.0,10.63,Stabil
2026-05-28 16:39:01,39.21,34.99,17.87,0.1,7.32,Stabil
2026-05-28 16:44:01,45.27,31.17,16.26,0.5,10.55,Stabil
2026-05-28 16:49:01,36.51,20.04,14.22,0.0,16.86,Stabil
2026-05-28 16:54:01,5.0,29.1,25.87,0.1,3.29,Stabil
2026-05-28 16:59:01,62.67,32.61,21.82,0.0,19.95,Stabil
2026-05-28 17:04:01,109.35,3.06,2.1,2.3,46.42,Tidak Stabil
2026-05-28 17:09:01,273.41,6.22,0.38,12.69,75.52,Tidak Stabil
2026-05-28 17:14:01,157.99,2.67,2.61,14.99,132.47,Tidak Stabil
2026-05-28 17:19:01,209.72,4.82,0.1,8.45,87.99,Tidak Stabil
2026-05-28 17:24:01,81.61,2.86,1.74,1.8,31.66,Tidak Stabil
2026-05-28 17:29:01,158.33,22.45,17.66,0.76,58.29,Tidak Stabil
2026-05-28 17:34:01,73.76,4.3,1.71,0.05,32.66,Tidak Stabil
2026-05-28 17:39:01,126.28,5.37,8.12,7.29,43.99,Tidak Stabil
2026-05-28 17:44:01,148.73,9.38,5.5,1.04,60.88,Tidak Stabil
2026-05-28 17:49:01,144.19,5.33,2.33,6.26,59.38,Tidak Stabil
2026-05-28 17:54:01,71.24,2.78,3.07,1.15,41.3,Tidak Stabil
2026-05-28 17:59:01,104.63,0.3,1.42,0.0,38.58,Tidak Stabil
2026-05-28 18:04:01,41.26,5.99,1.48,1.14,20.32,Tidak Stabil
2026-05-28 18:09:01,170.38,9.18,14.66,2.1,33.68,Tidak Stabil
2026-05-28 18:14:01,194.15,5.97,13.4,2.77,30.0,Tidak Stabil
2026-05-28 18:19:01,129.3,2.97,1.46,4.19,137.02,Tidak Stabil
2026-05-28 18:24:01,144.06,1.1,1.73,11.62,57.96,Tidak Stabil
2026-05-28 18:29:01,169.38,15.44,6.55,2.86,61.36,Tidak Stabil
2026-05-28 18:34:01,66.0,9.35,2.6,8.64,66.99,Tidak Stabil
2026-05-28 18:39:01,146.07,13.66,6.75,0.03,61.07,Tidak Stabil
2026-05-28 18:44:01,112.43,2.0,13.78,6.85,43.38,Tidak Stabil
2026-05-28 18:49:01,245.88,30.08,9.6,0.89,53.57,Tidak Stabil
2026-05-28 18:54:01,119.71,12.92,16.73,0.95,53.28,Tidak Stabil
2026-05-28 18:59:01,220.77,12.03,1.0,0.24,32.21,Tidak Stabil
2026-05-28 19:04:01,176.08,15.69,2.84,3.3,35.16,Tidak Stabil
2026-05-28 19:09:01,289.2,8.01,2.52,6.04,87.79,Tidak Stabil
2026-05-28 19:14:01,158.05,14.13,10.52,1.5,63.16,Tidak Stabil
2026-05-28 19:19:01,144.24,3.19,0.12,2.29,44.11,Tidak Stabil
2026-05-28 19:24:01,205.62,22.09,1.81,2.13,58.95,Tidak Stabil
2026-05-28 19:29:01,201.38,1.73,1.7,0.47,21.79,Tidak Stabil
2026-05-28 19:34:01,190.79,10.12,6.29,2.9,70.18,Tidak Stabil
2026-05-28 19:39:01,90.9,18.22,2.99,9.97,20.0,Tidak Stabil
2026-05-28 19:44:01,213.07,3.52,2.66,2.0,129.41,Tidak Stabil
2026-05-28 19:49:01,150.59,25.29,12.24,0.74,53.77,Tidak Stabil
2026-05-28 19:54:01,190.74,18.17,16.77,0.0,46.71,Tidak Stabil
2026-05-28 19:59:01,40.13,2.59,2.31,0.57,36.88,Tidak Stabil
2026-05-28 20:04:01,137.53,9.03,8.97,4.03,30.0,Tidak Stabil
2026-05-28 20:09:01,108.81,14.95,12.02,1.47,50.8,Tidak Stabil
2026-05-28 20:14:01,110.0,2.77,0.54,9.24,104.29,Tidak Stabil
2026-05-28 20:19:01,95.0,14.8,6.17,3.55,55.66,Tidak Stabil
2026-05-28 20:24:01,96.07,13.54,9.95,9.32,60.02,Tidak Stabil
2026-05-28 20:29:01,213.93,4.94,0.1,4.77,110.5,Tidak Stabil
2026-05-28 20:34:01,67.48,7.69,2.61,6.51,28.29,Tidak Stabil
2026-05-28 20:39:01,198.98,20.06,1.0,1.97,39.11,Tidak Stabil
2026-05-28 20:44:01,148.9,28.03,13.28,0.85,30.0,Tidak Stabil
2026-05-28 20:49:01,77.4,4.5,1.68,1.15,18.0,Tidak Stabil
2026-05-28 20:54:01,251.74,3.82,1.67,2.9,66.22,Tidak Stabil
2026-05-28 20:59:01,30.0,1.88,2.18,1.35,54.37,Tidak Stabil
2026-05-28 21:04:01,117.25,3.17,3.9,4.71,119.72,Tidak Stabil
2026-05-28 21:09:01,189.77,20.94,9.66,0.73,75.55,Tidak Stabil
2026-05-28 21:14:01,122.32,12.17,8.31,9.15,29.01,Tidak Stabil
2026-05-28 21:19:01,141.1,7.41,2.6,4.25,81.45,Tidak Stabil
2026-05-28 21:24:01,105.9,2.52,1.27,1.43,48.98,Tidak Stabil
2026-05-28 21:29:01,39.54,28.87,29.54,0.0,9.05,Stabil
2026-05-28 21:34:01,49.31,31.09,20.91,0.0,10.01,Stabil
2026-05-28 21:39:01,24.14,27.78,15.16,0.1,10.87,Stabil
2026-05-28 21:44:01,11.96,27.45,5.93,0.0,14.94,Stabil
2026-05-28 21:49:01,46.13,14.86,20.99,0.0,11.45,Stabil
2026-05-28 21:54:01,17.12,21.45,23.54,0.0,8.29,Stabil
2026-05-28 21:59:01,55.18,17.12,23.45,0.0,7.26,Stabil
2026-05-28 22:04:01,64.0,23.76,15.67,0.0,5.25,Stabil
2026-05-28 22:09:01,49.86,21.75,21.48,0.0,14.01,Stabil
2026-05-28 22:14:01,53.38,23.2,15.81,0.0,8.51,Stabil
2026-05-28 22:19:01,28.42,39.43,16.39,0.0,5.62,Stabil
2026-05-28 22:24:01,36.39,17.54,17.14,0.0,16.51,Stabil
2026-05-28 22:29:01,25.05,23.72,27.21,0.0,10.22,Stabil
2026-05-28 22:34:01,7.78,16.82,25.72,0.0,15.72,Stabil
2026-05-28 22:39:01,12.59,21.48,12.62,0.0,19.28,Stabil
2026-05-28 22:44:01,16.19,32.76,21.32,0.5,9.93,Stabil
2026-05-28 22:49:01,21.83,39.21,18.59,0.0,9.0,Stabil
2026-05-28 22:54:01,28.05,35.66,16.4,0.0,15.65,Stabil
2026-05-28 22:59:01,21.11,22.78,14.39,0.1,8.2,Stabil
2026-05-28 23:04:01,21.28,33.8,15.84,0.0,5.3,Stabil
2026-05-28 23:09:01,29.21,22.23,22.55,0.0,1.0,Stabil
2026-05-28 23:14:01,16.95,26.13,16.77,0.1,8.68,Stabil
2026-05-28 23:19:01,47.71,36.15,10.9,0.0,12.89,Stabil
2026-05-28 23:24:01,42.34,35.24,11.28,0.0,22.13,Stabil
2026-05-28 23:29:01,38.46,25.27,10.12,0.1,18.25,Stabil
2026-05-28 23:34:01,38.18,21.79,11.48,0.0,9.04,Stabil
2026-05-28 23:39:01,49.81,26.52,18.04,0.0,11.22,Stabil
2026-05-28 23:44:01,27.32,16.85,17.62,0.0,5.67,Stabil
2026-05-28 23:49:01,36.41,38.06,21.97,0.0,5.02,Stabil
2026-05-28 23:54:01,44.34,30.35,19.1,0.0,7.16,Stabil
2026-05-28 23:59:01,13.4,25.06,18.73,0.0,14.59,Stabil
2026-05-29 00:04:01,53.47,29.71,14.58,0.2,9.27,Stabil
2026-05-29 00:09:01,23.91,35.1,25.28,0.0,12.29,Stabil
2026-05-29 00:14:01,26.86,28.8,20.65,0.2,12.91,Stabil
2026-05-29 00:19:01,39.07,31.04,15.56,0.0,10.09,Stabil
2026-05-29 00:24:01,27.92,26.03,17.41,0.5,13.45,Stabil
2026-05-29 00:29:01,39.29,22.03,14.53,0.0,6.9,Stabil
2026-05-29 00:34:01,70.77,18.97,15.7,0.0,9.35,Stabil
2026-05-29 00:39:01,27.61,29.57,16.29,0.0,10.41,Stabil
2026-05-29 00:44:01,19.96,34.73,12.25,0.0,9.99,Stabil
2026-05-29 00:49:01,18.4,33.49,14.25,0.2,19.54,Stabil
2026-05-29 00:54:01,7.59,17.35,22.52,0.0,10.06,Stabil
2026-05-29 00:59:01,33.71,26.56,13.17,0.0,15.12,Stabil
2026-05-29 01:04:01,45.2,16.09,21.35,0.1,7.89,Stabil
2026-05-29 01:09:01,40.79,16.97,23.2,0.0,16.45,Stabil
2026-05-29 01:14:01,17.67,34.09,18.48,0.0,13.48,Stabil
2026-05-29 01:19:01,21.72,19.46,12.4,0.0,17.67,Stabil
2026-05-29 01:24:01,37.72,34.94,12.89,0.0,12.15,Stabil
2026-05-29 01:29:01,33.96,45.18,17.5,0.0,13.28,Stabil
2026-05-29 01:34:01,29.97,29.81,27.56,0.2,23.84,Stabil
2026-05-29 01:39:01,26.4,39.92,9.23,0.0,11.95,Stabil
2026-05-29 01:44:01,33.56,27.2,16.48,0.0,10.54,Stabil
2026-05-29 01:49:01,21.61,40.12,21.02,0.5,5.64,Stabil
2026-05-29 01:54:01,39.02,28.77,17.15,0.0,7.51,Stabil
2026-05-29 01:59:01,24.78,31.32,27.41,0.0,12.74,Stabil
2026-05-29 02:04:01,16.52,31.21,19.69,0.0,19.02,Stabil
2026-05-29 02:09:01,46.92,15.59,17.49,0.1,22.0,Stabil
2026-05-29 02:14:01,47.45,24.36,18.51,0.0,9.26,Stabil
2026-05-29 02:19:01,39.58,32.97,34.42,0.0,10.7,Stabil
2026-05-29 02:24:01,42.91,23.39,9.96,0.0,13.42,Stabil
2026-05-29 02:29:01,29.53,23.87,13.6,0.0,8.44,Stabil
2026-05-29 02:34:01,25.71,22.45,12.77,0.0,14.25,Stabil
2026-05-29 02:39:01,47.42,30.47,31.73,0.0,7.07,Stabil
2026-05-29 02:44:01,51.75,22.07,11.68,0.0,12.47,Stabil
2026-05-29 02:49:01,15.29,29.86,23.63,0.0,13.25,Stabil
2026-05-29 02:54:01,46.66,38.28,8.16,0.0,6.54,Stabil
2026-05-29 02:59:01,15.25,36.93,17.63,0.0,13.65,Stabil
2026-05-29 03:04:01,51.7,36.08,20.44,0.0,8.79,Stabil
2026-05-29 03:09:01,39.63,18.71,11.18,0.0,6.72,Stabil
2026-05-29 03:14:01,41.21,29.62,19.86,0.0,14.6,Stabil
2026-05-29 03:19:01,38.41,30.46,17.99,0.0,12.58,Stabil
2026-05-29 03:24:01,51.94,40.92,21.46,0.0,8.91,Stabil
2026-05-29 03:29:01,38.64,24.84,14.3,0.0,18.07,Stabil
2026-05-29 03:34:01,32.72,50.9,13.84,0.0,13.6,Stabil
2026-05-29 03:39:01,46.58,19.34,10.71,0.0,12.93,Stabil
2026-05-29 03:44:01,46.17,16.86,21.49,0.0,1.0,Stabil
2026-05-29 03:49:01,47.02,45.04,10.52,0.0,3.55,Stabil
2026-05-29 03:54:01,233.94,3.39,2.83,10.09,77.48,Tidak Stabil
2026-05-29 03:59:01,137.68,13.46,7.56,1.08,80.19,Tidak Stabil
2026-05-29 04:04:01,239.42,0.2,3.31,11.98,72.84,Tidak Stabil
2026-05-29 04:09:01,205.37,0.2,0.41,9.67,157.79,Tidak Stabil
2026-05-29 04:14:01,158.72,8.41,8.72,5.14,86.78,Tidak Stabil
2026-05-29 04:19:01,228.1,4.08,2.42,7.65,91.74,Tidak Stabil
2026-05-29 04:24:01,125.0,5.84,1.21,0.0,57.24,Tidak Stabil
2026-05-29 04:29:01,93.89,3.12,4.8,10.37,44.77,Tidak Stabil
2026-05-29 04:34:01,169.44,4.82,1.84,8.04,138.75,Tidak Stabil
2026-05-29 04:39:01,167.9,5.47,3.41,14.38,78.7,Tidak Stabil
2026-05-29 04:44:01,208.87,19.73,9.43,2.99,41.47,Tidak Stabil
2026-05-29 04:49:01,114.73,1.27,0.1,0.2,23.35,Tidak Stabil
2026-05-29 04:54:01,79.39,2.81,3.13,0.15,39.49,Tidak Stabil
2026-05-29 04:59:01,144.31,21.5,13.24,1.43,73.03,Tidak Stabil
2026-05-29 05:04:01,142.49,10.94,8.1,5.84,68.27,Tidak Stabil
2026-05-29 05:09:01,115.76,4.5,7.41,3.8,39.71,Tidak Stabil
2026-05-29 05:14:01,46.54,10.55,10.47,7.13,67.0,Tidak Stabil
2026-05-29 05:19:01,196.22,9.29,1.27,12.91,99.39,Tidak Stabil
2026-05-29 05:24:01,158.55,5.08,1.66,4.86,122.62,Tidak Stabil
2026-05-29 05:29:01,129.57,6.62,1.89,1.33,46.65,Tidak Stabil
2026-05-29 05:34:01,112.93,13.28,7.88,4.22,89.17,Tidak Stabil
2026-05-29 05:39:01,133.19,3.24,1.4,0.0,25.4,Tidak Stabil
2026-05-29 05:44:01,79.13,11.18,6.33,5.21,45.66,Tidak Stabil
2026-05-29 05:49:01,101.6,6.9,18.05,3.44,39.66,Tidak Stabil
2026-05-29 05:54:01,40.0,17.31,8.66,6.35,31.87,Tidak Stabil
2026-05-29 05:59:01,180.33,8.18,10.47,2.74,41.97,Tidak Stabil
2026-05-29 06:04:01,122.0,24.33,4.52,9.49,20.0,Tidak Stabil
2026-05-29 06:09:01,50.05,3.84,0.17,0.0,48.47,Tidak Stabil
2026-05-29 06:14:01,246.55,0.39,3.54,7.94,130.23,Tidak Stabil
2026-05-29 06:19:01,134.03,18.72,11.74,1.05,67.67,Tidak Stabil
2026-05-29 06:24:01,112.89,4.23,2.47,1.67,47.44,Tidak Stabil
2026-05-29 06:29:01,123.11,8.36,2.56,10.38,51.43,Tidak Stabil
2026-05-29 06:34:01,176.8,6.81,5.8,9.06,32.01,Tidak Stabil
2026-05-29 06:39:01,111.47,1.44,1.96,1.84,37.67,Tidak Stabil
2026-05-29 06:44:01,128.77,5.71,1.74,1.33,37.27,Tidak Stabil
2026-05-29 06:49:01,40.0,10.57,3.31,3.38,43.7,Tidak Stabil
2026-05-29 06:54:01,191.58,20.88,10.53,3.8,44.42,Tidak Stabil
2026-05-29 06:59:01,227.57,2.62,1.07,2.0,72.12,Tidak Stabil
2026-05-29 07:04:01,95.0,12.45,1.0,3.36,79.51,Tidak Stabil
2026-05-29 07:09:01,118.65,11.4,1.71,5.49,73.87,Tidak Stabil
2026-05-29 07:14:01,175.81,21.61,6.24,0.0,58.59,Tidak Stabil
2026-05-29 07:19:01,201.89,2.08,1.16,7.17,101.72,Tidak Stabil
2026-05-29 07:24:01,103.87,19.64,9.52,1.15,75.33,Tidak Stabil
2026-05-29 07:29:01,95.0,10.7,3.5,1.49,30.0,Tidak Stabil
2026-05-29 07:34:01,96.68,3.5,2.63,0.0,40.47,Tidak Stabil
2026-05-29 07:39:01,91.39,10.52,18.41,7.67,20.0,Tidak Stabil
2026-05-29 07:44:01,40.0,5.38,7.32,5.84,39.13,Tidak Stabil
2026-05-29 07:49:01,40.0,18.22,4.55,10.15,31.3,Tidak Stabil
2026-05-29 07:54:01,196.7,6.41,2.93,9.24,98.81,Tidak Stabil
2026-05-29 07:59:01,118.99,0.82,0.1,11.07,73.13,Tidak Stabil
2026-05-29 08:04:01,196.91,13.17,9.62,3.12,46.53,Tidak Stabil
2026-05-29 08:09:01,177.88,5.51,1.77,2.33,60.69,Tidak Stabil
2026-05-29 08:14:01,54.31,16.74,11.72,9.47,65.88,Tidak Stabil
2026-05-29 08:19:01,101.89,2.72,2.31,2.08,36.42,Tidak Stabil
2026-05-29 08:24:01,177.69,4.1,11.27,1.06,30.0,Tidak Stabil
2026-05-29 08:29:01,35.25,40.38,6.59,0.0,8.78,Stabil
2026-05-29 08:34:01,22.51,20.99,13.55,0.0,16.06,Stabil
2026-05-29 08:39:01,53.59,16.81,15.28,0.0,17.85,Stabil
2026-05-29 08:44:01,39.83,20.53,30.18,0.0,10.56,Stabil
2026-05-29 08:49:01,17.18,19.94,14.92,0.0,12.32,Stabil
2026-05-29 08:54:01,36.05,22.91,16.11,0.0,6.02,Stabil
2026-05-29 08:59:01,27.3,32.89,19.16,0.0,6.13,Stabil
2026-05-29 09:04:01,46.86,15.38,14.06,0.0,15.94,Stabil
2026-05-29 09:09:01,43.9,40.71,24.43,0.0,15.09,Stabil
2026-05-29 09:14:01,32.91,22.47,15.59,0.0,9.04,Stabil
2026-05-29 09:19:01,17.6,31.35,23.98,0.0,3.02,Stabil
2026-05-29 09:24:01,39.63,31.13,18.55,0.0,12.19,Stabil
2026-05-29 09:29:01,36.95,29.1,18.01,0.0,19.09,Stabil
2026-05-29 09:34:01,39.58,31.33,16.97,0.0,10.8,Stabil
2026-05-29 09:39:01,52.73,25.9,16.09,0.0,12.91,Stabil
2026-05-29 09:44:01,32.59,22.01,27.52,0.1,9.6,Stabil
2026-05-29 09:49:01,40.31,11.4,9.9,0.5,15.81,Stabil
2026-05-29 09:54:01,29.34,33.57,8.56,0.0,10.23,Stabil
2026-05-29 09:59:01,26.4,30.03,19.53,0.5,15.03,Stabil
2026-05-29 10:04:01,29.07,30.52,22.65,0.0,8.34,Stabil
2026-05-29 10:09:01,47.39,26.39,17.64,0.0,5.49,Stabil
2026-05-29 10:14:01,12.93,33.42,28.46,0.0,12.65,Stabil
2026-05-29 10:19:01,18.22,34.77,16.87,0.5,16.22,Stabil
2026-05-29 10:24:01,34.04,25.97,19.35,0.0,3.52,Stabil
2026-05-29 10:29:01,43.3,30.75,14.91,0.1,7.8,Stabil
2026-05-29 10:34:01,21.09,12.27,15.7,0.0,2.84,Stabil
2026-05-29 10:39:01,34.79,44.8,13.99,0.0,15.14,Stabil
2026-05-29 10:44:01,37.17,27.36,10.21,0.0,10.44,Stabil
2026-05-29 10:49:01,5.0,30.65,14.15,0.0,15.13,Stabil
2026-05-29 10:54:01,56.64,35.65,25.28,0.0,16.41,Stabil
2026-05-29 10:59:01,65.46,33.56,29.21,0.2,19.23,Stabil
2026-05-29 11:04:01,36.86,29.81,27.88,0.0,1.35,Stabil
2026-05-29 11:09:01,42.82,24.41,20.38,0.2,15.09,Stabil
2026-05-29 11:14:01,26.61,33.03,18.13,0.0,7.76,Stabil
2026-05-29 11:19:01,45.19,34.72,30.79,0.0,12.07,Stabil
2026-05-29 11:24:01,73.5,26.83,15.21,0.0,14.3,Stabil
2026-05-29 11:29:01,33.69,16.78,5.0,0.0,7.02,Stabil
2026-05-29 11:34:01,23.81,32.31,19.73,0.0,9.92,Stabil
2026-05-29 11:39:01,33.18,19.47,26.42,0.2,9.26,Stabil
2026-05-29 11:44:01,31.35,23.63,24.08,0.0,10.79,Stabil
2026-05-29 11:49:01,20.58,36.03,17.44,0.0,14.31,Stabil
2026-05-29 11:54:01,47.82,19.38,15.51,0.0,9.58,Stabil
2026-05-29 11:59:01,17.39,29.35,17.11,0.0,3.31,Stabil
2026-05-29 12:04:01,11.89,10.0,16.43,0.0,8.52,Stabil
2026-05-29 12:09:01,42.07,20.33,20.66,0.0,9.61,Stabil
2026-05-29 12:14:01,34.5,38.29,7.92,0.0,5.83,Stabil
2026-05-29 12:19:01,31.58,33.46,26.9,0.0,7.69,Stabil
2026-05-29 12:24:01,152.76,29.18,6.99,1.11,52.65,Tidak Stabil
2026-05-29 12:29:01,75.14,5.77,0.1,1.81,57.41,Tidak Stabil
2026-05-29 12:34:01,110.62,2.0,3.36,5.95,27.65,Tidak Stabil
2026-05-29 12:39:01,95.0,11.55,17.07,2.6,71.13,Tidak Stabil
2026-05-29 12:44:01,277.45,2.32,2.98,4.09,78.27,Tidak Stabil
2026-05-29 12:49:01,88.8,7.68,2.24,2.62,51.97,Tidak Stabil
2026-05-29 12:54:01,226.22,17.46,8.29,1.03,65.94,Tidak Stabil
2026-05-29 12:59:01,148.53,20.64,7.49,2.21,30.0,Tidak Stabil
2026-05-29 13:04:01,134.94,17.19,9.42,0.93,69.97,Tidak Stabil
2026-05-29 13:09:01,51.76,8.98,10.12,11.29,52.22,Tidak Stabil
2026-05-29 13:14:01,84.91,3.73,0.66,0.0,38.46,Tidak Stabil
2026-05-29 13:19:01,82.88,2.0,14.91,6.22,62.37,Tidak Stabil
2026-05-29 13:24:01,48.68,20.3,4.2,2.0,39.13,Tidak Stabil
2026-05-29 13:29:01,133.0,0.66,1.57,1.81,25.18,Tidak Stabil
2026-05-29 13:34:01,133.91,17.13,9.79,1.12,41.46,Tidak Stabil
2026-05-29 13:39:01,163.15,16.86,12.68,0.05,48.17,Tidak Stabil
2026-05-29 13:44:01,193.15,14.81,6.91,0.33,56.83,Tidak Stabil
2026-05-29 13:49:01,70.86,4.42,3.8,2.54,25.41,Tidak Stabil
2026-05-29 13:54:01,115.0,16.74,16.02,1.46,51.32,Tidak Stabil
2026-05-29 13:59:01,202.06,18.33,10.27,1.73,70.49,Tidak Stabil
2026-05-29 14:04:01,301.24,0.2,0.65,6.09,116.7,Tidak Stabil
2026-05-29 14:09:01,38.46,22.6,11.24,0.0,13.14,Stabil
2026-05-29 14:14:01,28.14,37.0,6.96,0.0,9.79,Stabil
2026-05-29 14:19:01,25.8,23.67,18.62,0.0,17.15,Stabil
2026-05-29 14:24:01,33.96,21.45,19.59,0.1,8.78,Stabil
2026-05-29 14:29:01,43.73,26.72,32.46,0.2,12.89,Stabil
2026-05-29 14:34:01,35.16,23.43,11.32,0.0,13.53,Stabil
2026-05-29 14:39:01,47.94,31.44,22.58,0.0,1.0,Stabil
2026-05-29 14:44:01,5.0,41.74,9.95,0.0,9.35,Stabil
2026-05-29 14:49:01,20.83,23.16,8.85,0.0,11.4,Stabil
2026-05-29 14:54:01,29.85,24.85,19.55,0.0,17.63,Stabil
2026-05-29 14:59:01,46.73,14.04,16.84,0.0,3.69,Stabil
2026-05-29 15:04:01,26.34,39.56,14.99,0.0,14.32,Stabil
2026-05-29 15:09:01,27.18,26.61,23.97,0.0,7.06,Stabil
2026-05-29 15:14:01,37.25,36.19,22.16,0.0,3.23,Stabil
2026-05-29 15:19:01,47.08,10.0,13.65,0.0,1.0,Stabil
2026-05-29 15:24:01,44.61,17.02,22.12,0.0,12.92,Stabil
2026-05-29 15:29:01,48.61,24.49,19.9,0.0,15.49,Stabil
2026-05-29 15:34:01,38.48,36.36,5.0,0.0,15.07,Stabil
2026-05-29 15:39:01,35.66,10.0,15.26,0.0,7.37,Stabil
2026-05-29 15:44:01,33.57,20.2,23.87,0.0,8.3,Stabil
2026-05-29 15:49:01,10.79,27.63,21.81,0.0,5.72,Stabil
2026-05-29 15:54:01,36.62,35.98,10.95,0.0,10.49,Stabil
2026-05-29 15:59:01,12.08,26.4,14.62,0.0,13.45,Stabil
2026-05-29 16:04:01,17.45,27.82,14.04,0.0,15.12,Stabil
2026-05-29 16:09:01,32.13,31.32,18.72,0.0,10.75,Stabil
2026-05-29 16:14:01,44.3,31.34,19.53,0.0,10.64,Stabil
2026-05-29 16:19:01,51.75,18.56,30.79,0.0,11.99,Stabil
2026-05-29 16:24:01,35.67,33.49,22.78,0.0,4.88,Stabil
2026-05-29 16:29:01,138.77,11.81,13.04,1.51,43.06,Tidak Stabil
2026-05-29 16:34:01,31.45,2.87,2.48,0.96,51.75,Tidak Stabil
2026-05-29 16:39:01,84.16,18.2,4.89,7.06,44.41,Tidak Stabil
2026-05-29 16:44:01,52.32,2.98,2.21,0.78,38.41,Tidak Stabil
2026-05-29 16:49:01,133.67,3.82,2.42,2.16,32.86,Tidak Stabil
2026-05-29 16:54:01,120.82,5.78,2.23,0.71,39.96,Tidak Stabil
2026-05-29 16:59:01,159.07,8.98,2.59,8.85,58.92,Tidak Stabil
2026-05-29 17:04:01,158.98,22.27,5.8,0.19,59.89,Tidak Stabil
2026-05-29 17:09:01,94.98,20.41,8.72,7.51,20.0,Tidak Stabil
2026-05-29 17:14:01,100.99,1.71,1.97,0.36,47.78,Tidak Stabil
2026-05-29 17:19:01,117.45,7.63,12.86,2.31,61.43,Tidak Stabil
2026-05-29 17:24:01,182.07,17.9,11.13,1.09,30.0,Tidak Stabil
2026-05-29 17:29:01,63.4,4.88,3.01,0.0,62.57,Tidak Stabil
2026-05-29 17:34:01,317.07,3.07,3.47,6.45,142.58,Tidak Stabil
2026-05-29 17:39:01,139.23,8.11,6.17,5.16,61.11,Tidak Stabil
2026-05-29 17:44:01,110.0,6.99,4.59,12.48,111.09,Tidak Stabil
2026-05-29 17:49:01,185.09,15.13,12.08,1.39,63.62,Tidak Stabil
2026-05-29 17:54:01,95.0,21.31,10.96,0.26,30.0,Tidak Stabil
2026-05-29 17:59:01,163.66,11.32,6.18,2.7,67.89,Tidak Stabil
2026-05-29 18:04:01,110.0,3.83,2.3,10.99,101.47,Tidak Stabil
2026-05-29 18:09:01,110.0,2.83,3.12,9.39,77.9,Tidak Stabil
2026-05-29 18:14:01,195.26,3.35,3.61,3.21,84.92,Tidak Stabil
2026-05-29 18:19:01,48.07,34.08,17.07,0.5,8.79,Stabil
2026-05-29 18:24:01,25.72,34.03,22.29,0.0,3.16,Stabil
2026-05-29 18:29:01,54.54,14.81,20.24,0.0,16.49,Stabil
2026-05-29 18:34:01,21.03,45.06,30.18,0.1,16.03,Stabil
2026-05-29 18:39:01,33.45,19.29,15.26,0.0,1.0,Stabil
2026-05-29 18:44:01,30.97,30.23,25.98,0.1,2.29,Stabil
2026-05-29 18:49:01,36.19,27.04,13.89,0.0,10.06,Stabil
2026-05-29 18:54:01,29.0,38.88,14.83,0.0,8.59,Stabil
2026-05-29 18:59:01,64.46,32.09,15.49,0.0,13.38,Stabil
2026-05-29 19:04:01,31.5,19.62,24.23,0.5,8.3,Stabil
2026-05-29 19:09:01,42.39,21.79,17.88,0.5,2.34,Stabil
2026-05-29 19:14:01,41.56,17.79,29.16,0.0,11.66,Stabil
2026-05-29 19:19:01,73.53,35.35,6.26,0.0,9.39,Stabil
2026-05-29 19:24:01,38.95,40.49,14.72,0.0,13.74,Stabil
2026-05-29 19:29:01,33.33,35.58,14.06,0.0,9.11,Stabil
2026-05-29 19:34:01,15.47,30.5,16.77,0.0,18.19,Stabil
2026-05-29 19:39:01,57.93,28.94,16.69,0.0,13.99,Stabil
2026-05-29 19:44:01,43.18,26.58,5.84,0.0,9.67,Stabil
2026-05-29 19:49:01,42.73,23.26,16.98,0.0,13.28,Stabil
2026-05-29 19:54:01,39.1,37.27,16.13,0.0,12.9,Stabil
2026-05-29 19:59:01,42.77,14.85,20.58,0.0,9.43,Stabil
2026-05-29 20:04:01,34.79,45.21,16.02,0.0,17.6,Stabil
2026-05-29 20:09:01,53.13,26.1,10.94,0.5,8.9,Stabil
2026-05-29 20:14:01,49.23,21.17,15.95,0.0,11.61,Stabil
2026-05-29 20:19:01,32.78,20.5,15.65,0.0,5.18,Stabil
2026-05-29 20:24:01,63.1,36.67,23.05,0.0,17.34,Stabil
2026-05-29 20:29:01,35.17,21.74,12.59,0.0,13.63,Stabil
2026-05-29 20:34:01,32.85,24.52,15.03,0.0,16.47,Stabil
2026-05-29 20:39:01,14.71,38.33,16.06,0.0,1.0,Stabil
2026-05-29 20:44:01,45.97,35.91,25.82,0.0,13.76,Stabil
2026-05-29 20:49:01,12.83,29.62,26.43,0.0,10.52,Stabil
2026-05-29 20:54:01,214.94,0.2,2.14,9.94,91.68,Tidak Stabil
2026-05-29 20:59:01,156.3,1.48,6.04,10.54,67.13,Tidak Stabil
2026-05-29 21:04:01,152.84,5.84,2.75,7.24,97.8,Tidak Stabil
2026-05-29 21:09:01,206.82,4.28,0.6,4.29,97.36,Tidak Stabil
2026-05-29 21:14:01,200.8,2.17,4.21,11.53,104.16,Tidak Stabil
2026-05-29 21:19:01,172.83,4.3,1.57,16.43,88.15,Tidak Stabil
2026-05-29 21:24:01,128.06,17.35,1.89,3.71,21.33,Tidak Stabil
2026-05-29 21:29:01,140.48,4.45,1.25,7.11,47.09,Tidak Stabil
2026-05-29 21:34:01,201.94,2.36,2.17,11.55,39.43,Tidak Stabil
2026-05-29 21:39:01,121.25,3.55,0.47,0.11,26.79,Tidak Stabil
2026-05-29 21:44:01,203.44,8.28,9.81,0.7,65.02,Tidak Stabil
2026-05-29 21:49:01,136.5,22.8,12.83,3.0,54.58,Tidak Stabil
2026-05-29 21:54:01,199.74,14.78,6.9,1.88,39.49,Tidak Stabil
2026-05-29 21:59:01,102.11,14.42,16.26,0.6,31.07,Tidak Stabil
2026-05-29 22:04:01,121.32,4.29,4.72,15.45,121.89,Tidak Stabil
2026-05-29 22:09:01,170.24,11.52,6.41,1.63,41.95,Tidak Stabil
2026-05-29 22:14:01,168.17,2.95,1.47,9.6,153.99,Tidak Stabil
2026-05-29 22:19:01,59.2,2.0,4.25,9.05,53.83,Tidak Stabil
2026-05-29 22:24:01,155.01,9.64,5.96,1.69,54.47,Tidak Stabil
2026-05-29 22:29:01,168.06,7.33,0.84,10.44,107.9,Tidak Stabil
2026-05-29 22:34:01,130.62,3.39,0.1,8.38,64.23,Tidak Stabil
2026-05-29 22:39:01,113.41,17.04,6.78,10.05,20.0,Tidak Stabil
2026-05-29 22:44:01,153.73,16.5,16.7,2.96,44.64,Tidak Stabil
2026-05-29 22:49:01,114.91,2.55,1.39,1.54,26.41,Tidak Stabil
2026-05-29 22:54:01,88.87,1.88,2.59,1.22,19.51,Tidak Stabil
2026-05-29 22:59:01,155.28,16.61,10.34,8.42,51.57,Tidak Stabil
2026-05-29 23:04:01,39.22,3.38,2.33,1.14,62.27,Tidak Stabil
2026-05-29 23:09:01,30.0,3.93,1.5,2.42,38.11,Tidak Stabil
2026-05-29 23:14:01,73.01,4.09,2.23,1.47,19.1,Tidak Stabil
2026-05-29 23:19:01,132.68,28.51,4.07,4.74,47.62,Tidak Stabil
2026-05-29 23:24:01,273.33,2.22,0.1,7.6,82.8,Tidak Stabil
2026-05-29 23:29:01,85.15,16.78,12.77,2.0,48.24,Tidak Stabil
2026-05-29 23:34:01,154.9,24.7,15.96,1.11,30.0,Tidak Stabil
2026-05-29 23:39:01,163.14,2.48,0.1,9.42,108.41,Tidak Stabil
2026-05-29 23:44:01,197.58,2.13,0.47,3.7,35.0,Tidak Stabil
2026-05-29 23:49:01,132.54,4.09,5.02,4.17,111.58,Tidak Stabil
2026-05-29 23:54:01,220.12,23.55,4.48,1.93,48.01,Tidak Stabil
2026-05-29 23:59:01,116.68,4.85,7.27,7.72,67.81,Tidak Stabil
2026-05-30 00:04:01,151.15,21.65,1.0,2.71,55.16,Tidak Stabil
2026-05-30 00:09:01,70.83,1.19,2.23,1.23,18.0,Tidak Stabil
2026-05-30 00:14:01,174.4,14.66,5.06,8.45,60.6,Tidak Stabil
2026-05-30 00:19:01,190.22,6.98,4.71,8.08,30.98,Tidak Stabil
2026-05-30 00:24:01,156.01,2.69,4.87,10.19,109.71,Tidak Stabil
2026-05-30 00:29:01,190.97,1.96,0.59,10.67,60.02,Tidak Stabil
2026-05-30 00:34:01,110.0,0.2,0.1,2.1,73.73,Tidak Stabil
2026-05-30 00:39:01,227.14,0.2,1.68,3.44,54.78,Tidak Stabil
2026-05-30 00:44:01,75.92,5.56,0.43,2.62,34.66,Tidak Stabil
2026-05-30 00:49:01,233.85,2.26,2.47,12.39,109.85,Tidak Stabil
2026-05-30 00:54:01,37.92,32.16,32.78,0.0,22.61,Stabil
2026-05-30 00:59:01,8.2,44.0,22.33,0.0,13.16,Stabil
2026-05-30 01:04:01,28.54,35.25,20.39,0.0,16.93,Stabil
2026-05-30 01:09:01,48.3,37.55,15.33,0.0,18.47,Stabil
2026-05-30 01:14:01,56.23,45.75,21.46,0.0,4.42,Stabil
2026-05-30 01:19:01,53.82,12.19,14.59,0.0,15.4,Stabil
2026-05-30 01:24:01,40.83,11.79,16.86,0.0,4.65,Stabil
2026-05-30 01:29:01,54.77,39.77,5.96,0.0,7.83,Stabil
2026-05-30 01:34:01,29.74,24.56,17.16,0.0,7.86,Stabil
2026-05-30 01:39:01,18.01,34.27,9.68,0.1,13.43,Stabil
2026-05-30 01:44:01,67.26,27.52,18.13,0.0,11.13,Stabil
2026-05-30 01:49:01,9.64,39.78,18.86,0.0,10.15,Stabil
2026-05-30 01:54:01,28.86,20.58,8.71,0.0,5.76,Stabil
2026-05-30 01:59:01,53.73,31.56,14.19,0.0,8.36,Stabil
2026-05-30 02:04:01,74.5,28.51,30.34,0.0,11.51,Stabil
2026-05-30 02:09:01,49.68,36.99,27.45,0.0,7.51,Stabil
2026-05-30 02:14:01,20.08,22.59,28.51,0.0,9.39,Stabil
2026-05-30 02:19:01,65.32,15.93,11.01,0.0,4.73,Stabil
2026-05-30 02:24:01,10.86,43.07,13.9,0.0,12.77,Stabil
2026-05-30 02:29:01,52.64,23.16,12.94,0.0,10.72,Stabil
2026-05-30 02:34:01,22.82,15.03,17.69,0.0,14.26,Stabil
2026-05-30 02:39:01,45.76,19.65,18.47,0.2,9.55,Stabil
2026-05-30 02:44:01,36.29,28.44,13.91,0.0,7.66,Stabil
2026-05-30 02:49:01,31.31,18.88,25.17,0.1,15.47,Stabil
2026-05-30 02:54:01,39.61,28.57,5.0,0.0,15.98,Stabil
2026-05-30 02:59:01,5.28,29.03,21.46,0.0,2.88,Stabil
2026-05-30 03:04:01,19.34,22.32,21.24,0.0,11.59,Stabil
2026-05-30 03:09:01,38.04,28.02,18.6,0.0,11.18,Stabil
2026-05-30 03:14:01,34.04,26.42,20.64,0.0,14.59,Stabil
2026-05-30 03:19:01,47.92,33.3,17.75,0.0,10.89,Stabil
2026-05-30 03:24:01,39.3,37.34,14.99,0.0,5.75,Stabil
2026-05-30 03:29:01,31.43,10.0,14.23,0.0,6.32,Stabil
2026-05-30 03:34:01,20.02,27.01,12.46,0.0,10.61,Stabil
2026-05-30 03:39:01,38.29,20.4,24.62,0.1,10.52,Stabil
2026-05-30 03:44:01,28.09,17.08,23.72,0.5,5.23,Stabil
2026-05-30 03:49:01,24.46,11.79,16.91,0.2,1.0,Stabil
2026-05-30 03:54:01,14.39,22.4,19.26,0.0,9.24,Stabil
2026-05-30 03:59:01,58.46,28.77,21.3,0.0,11.11,Stabil
2026-05-30 04:04:01,43.5,24.81,17.66,0.0,9.83,Stabil
2026-05-30 04:09:01,42.97,30.03,5.33,0.0,10.53,Stabil
2026-05-30 04:14:01,49.98,30.86,13.28,0.0,5.45,Stabil
2026-05-30 04:19:01,35.25,14.34,23.02,0.0,5.88,Stabil
2026-05-30 04:24:01,33.31,30.92,10.76,0.0,9.64,Stabil
2026-05-30 04:29:01,26.43,14.17,19.35,0.1,7.53,Stabil
2026-05-30 04:34:01,24.78,25.09,21.72,0.0,19.59,Stabil
2026-05-30 04:39:01,19.74,11.62,14.05,0.0,6.49,Stabil
2026-05-30 04:44:01,44.52,35.49,16.2,0.0,10.07,Stabil
2026-05-30 04:49:01,23.59,29.17,26.78,0.0,13.91,Stabil
2026-05-30 04:54:01,33.48,38.07,23.2,0.0,10.83,Stabil
2026-05-30 04:59:01,22.49,20.13,15.97,0.0,7.25,Stabil
2026-05-30 05:04:01,41.85,18.97,12.09,0.0,17.8,Stabil
2026-05-30 05:09:01,31.67,33.37,27.48,0.0,13.4,Stabil
2026-05-30 05:14:01,68.83,2.07,2.01,1.77,24.73,Tidak Stabil
2026-05-30 05:19:01,168.79,10.27,19.98,2.87,55.07,Tidak Stabil
2026-05-30 05:24:01,174.04,3.62,2.6,0.0,45.88,Tidak Stabil
2026-05-30 05:29:01,192.72,2.97,4.16,2.0,125.98,Tidak Stabil
2026-05-30 05:34:01,120.52,24.22,7.33,2.28,54.94,Tidak Stabil
2026-05-30 05:39:01,166.93,11.13,6.31,0.15,46.89,Tidak Stabil
2026-05-30 05:44:01,217.18,6.3,2.02,7.94,99.08,Tidak Stabil
2026-05-30 05:49:01,76.67,18.78,8.34,10.41,52.18,Tidak Stabil
2026-05-30 05:54:01,179.31,6.22,1.25,15.88,62.72,Tidak Stabil
2026-05-30 05:59:01,30.0,3.76,1.47,0.0,18.0,Tidak Stabil
2026-05-30 06:04:01,110.61,10.52,9.32,2.48,72.62,Tidak Stabil
2026-05-30 06:09:01,46.87,4.72,0.91,0.19,25.94,Tidak Stabil
2026-05-30 06:14:01,134.8,8.14,3.41,9.05,22.56,Tidak Stabil
2026-05-30 06:19:01,73.56,16.32,5.75,5.58,64.28,Tidak Stabil
2026-05-30 06:24:01,76.26,14.29,2.08,4.55,72.52,Tidak Stabil
2026-05-30 06:29:01,204.08,27.07,10.14,1.16,84.63,Tidak Stabil
2026-05-30 06:34:01,156.64,18.08,1.0,0.0,48.08,Tidak Stabil
2026-05-30 06:39:01,285.25,5.33,2.71,5.13,69.58,Tidak Stabil
2026-05-30 06:44:01,158.09,15.72,6.8,1.99,58.47,Tidak Stabil
2026-05-30 06:49:01,85.34,16.87,1.0,10.5,28.79,Tidak Stabil
2026-05-30 06:54:01,197.17,8.25,1.69,9.72,78.45,Tidak Stabil
2026-05-30 06:59:01,157.14,3.74,0.1,11.43,45.42,Tidak Stabil
2026-05-30 07:04:01,240.38,0.2,5.39,10.1,96.32,Tidak Stabil
2026-05-30 07:09:01,38.18,0.3,2.96,0.45,47.97,Tidak Stabil
2026-05-30 07:14:01,111.85,8.8,5.17,2.58,22.89,Tidak Stabil
2026-05-30 07:19:01,104.11,1.82,1.77,1.04,20.88,Tidak Stabil
2026-05-30 07:24:01,36.7,6.17,3.58,2.13,40.88,Tidak Stabil
2026-05-30 07:29:01,172.34,4.45,2.23,15.38,109.9,Tidak Stabil
2026-05-30 07:34:01,145.6,6.87,4.2,5.9,50.98,Tidak Stabil
2026-05-30 07:39:01,150.44,6.9,1.47,4.07,111.47,Tidak Stabil
2026-05-30 07:44:01,221.73,0.2,5.76,8.84,119.7,Tidak Stabil
2026-05-30 07:49:01,40.0,5.82,1.0,6.03,23.2,Tidak Stabil
2026-05-30 07:54:01,61.5,4.96,1.98,1.66,41.45,Tidak Stabil
2026-05-30 07:59:01,185.47,4.33,0.1,4.76,131.29,Tidak Stabil
2026-05-30 08:04:01,48.11,0.81,3.28,0.25,18.0,Tidak Stabil
2026-05-30 08:09:01,209.0,4.18,1.92,13.1,108.15,Tidak Stabil
2026-05-30 08:14:01,127.14,0.2,1.69,2.0,96.22,Tidak Stabil
2026-05-30 08:19:01,110.96,6.23,3.05,4.31,107.43,Tidak Stabil
2026-05-30 08:24:01,173.98,2.11,11.9,6.9,58.09,Tidak Stabil
2026-05-30 08:29:01,120.58,13.48,15.38,0.03,30.0,Tidak Stabil
2026-05-30 08:34:01,119.07,0.57,1.58,0.41,30.03,Tidak Stabil
2026-05-30 08:39:01,140.6,20.8,2.33,1.81,51.2,Tidak Stabil
2026-05-30 08:44:01,91.32,1.71,0.63,3.62,44.43,Tidak Stabil
2026-05-30 08:49:01,128.45,19.63,5.78,11.66,65.15,Tidak Stabil
2026-05-30 08:54:01,165.48,4.33,0.33,5.75,92.43,Tidak Stabil
2026-05-30 08:59:01,310.61,4.76,1.16,4.93,74.33,Tidak Stabil
2026-05-30 09:04:01,70.0,3.73,3.06,0.11,62.87,Tidak Stabil
2026-05-30 09:09:01,224.86,5.44,2.55,2.8,148.57,Tidak Stabil
2026-05-30 09:14:01,95.0,12.25,8.75,1.92,49.13,Tidak Stabil
2026-05-30 09:19:01,180.72,7.79,3.66,6.69,109.12,Tidak Stabil
2026-05-30 09:24:01,276.06,3.36,0.1,8.62,117.83,Tidak Stabil
2026-05-30 09:29:01,190.09,10.61,9.11,1.71,79.98,Tidak Stabil
2026-05-30 09:34:01,154.88,4.25,2.72,0.88,38.87,Tidak Stabil
2026-05-30 09:39:01,156.63,30.65,5.31,2.46,70.11,Tidak Stabil
2026-05-30 09:44:01,174.19,5.41,2.38,4.1,89.2,Tidak Stabil
2026-05-30 09:49:01,160.93,24.29,1.0,0.8,95.96,Tidak Stabil
2026-05-30 09:54:01,121.01,5.85,1.24,10.51,42.01,Tidak Stabil
2026-05-30 09:59:01,175.97,10.88,9.51,2.16,57.56,Tidak Stabil
2026-05-30 10:04:01,110.0,0.2,2.76,9.51,82.17,Tidak Stabil
2026-05-30 10:09:01,131.2,5.87,0.1,11.32,96.76,Tidak Stabil
2026-05-30 10:14:01,80.99,4.09,1.63,1.77,23.37,Tidak Stabil
2026-05-30 10:19:01,68.75,18.85,9.74,6.98,31.72,Tidak Stabil
2026-05-30 10:24:01,26.28,42.58,19.07,0.0,12.01,Stabil
2026-05-30 10:29:01,40.44,26.13,8.69,0.0,14.57,Stabil
2026-05-30 10:34:01,37.86,16.4,9.17,0.0,7.96,Stabil
2026-05-30 10:39:01,23.48,17.14,29.06,0.2,10.02,Stabil
2026-05-30 10:44:01,43.83,41.97,19.82,0.0,13.01,Stabil
2026-05-30 10:49:01,23.69,20.97,22.91,0.0,3.16,Stabil
2026-05-30 10:54:01,43.84,18.29,22.16,0.0,11.09,Stabil
2026-05-30 10:59:01,33.15,24.35,16.13,0.0,6.93,Stabil
2026-05-30 11:04:01,14.27,27.69,18.39,0.0,5.49,Stabil
2026-05-30 11:09:01,51.02,22.65,28.88,0.0,5.3,Stabil
2026-05-30 11:14:01,14.62,43.55,15.29,0.0,18.17,Stabil
2026-05-30 11:19:01,59.13,32.87,16.93,0.5,6.37,Stabil
2026-05-30 11:24:01,37.08,17.15,17.77,0.0,12.97,Stabil
2026-05-30 11:29:01,21.37,32.56,11.52,0.2,12.26,Stabil
2026-05-30 11:34:01,33.36,24.52,20.82,0.0,5.98,Stabil
2026-05-30 11:39:01,66.46,22.95,24.55,0.5,13.26,Stabil
2026-05-30 11:44:01,40.09,27.6,26.69,0.0,10.03,Stabil
2026-05-30 11:49:01,30.06,11.02,16.01,0.0,14.65,Stabil
2026-05-30 11:54:01,50.88,32.49,8.65,0.0,11.39,Stabil
2026-05-30 11:59:01,29.49,36.34,22.52,0.0,8.23,Stabil
2026-05-30 12:04:01,48.28,25.49,14.52,0.0,13.25,Stabil
2026-05-30 12:09:01,34.8,36.24,8.52,0.1,2.84,Stabil
2026-05-30 12:14:01,55.28,39.49,18.68,0.0,4.75,Stabil
2026-05-30 12:19:01,48.63,23.74,13.32,0.5,8.98,Stabil
2026-05-30 12:24:01,39.18,25.56,12.85,0.0,12.88,Stabil
2026-05-30 12:29:01,56.91,35.56,31.94,0.0,8.92,Stabil
2026-05-30 12:34:01,33.75,31.55,17.57,0.0,1.0,Stabil
2026-05-30 12:39:01,28.03,36.52,7.71,0.0,14.38,Stabil
2026-05-30 12:44:01,62.96,24.53,14.18,0.0,6.88,Stabil
2026-05-30 12:49:01,64.61,25.28,17.14,0.0,7.19,Stabil
2026-05-30 12:54:01,47.65,31.76,22.79,0.0,5.1,Stabil
2026-05-30 12:59:01,41.11,20.66,20.39,0.0,6.95,Stabil
2026-05-30 13:04:01,36.36,24.34,12.7,0.0,8.53,Stabil
2026-05-30 13:09:01,40.04,25.28,5.15,0.0,3.11,Stabil
2026-05-30 13:14:01,45.68,28.24,27.35,0.0,15.33,Stabil
2026-05-30 13:19:01,64.33,24.72,10.19,0.0,18.37,Stabil
2026-05-30 13:24:01,44.16,31.12,23.67,0.0,10.7,Stabil
2026-05-30 13:29:01,35.47,20.9,12.56,0.0,5.39,Stabil
2026-05-30 13:34:01,34.51,26.94,7.47,0.5,14.97,Stabil
2026-05-30 13:39:01,30.47,18.65,21.29,0.0,9.4,Stabil
2026-05-30 13:44:01,6.69,26.97,24.25,0.0,10.09,Stabil
2026-05-30 13:49:01,10.67,27.16,16.78,0.1,22.36,Stabil
2026-05-30 13:54:01,27.6,23.37,19.23,0.0,9.49,Stabil
2026-05-30 13:59:01,37.95,40.19,11.99,0.0,8.48,Stabil
2026-05-30 14:04:01,60.53,24.47,22.26,0.0,7.51,Stabil
2026-05-30 14:09:01,49.29,38.72,15.59,0.0,2.05,Stabil
2026-05-30 14:14:01,29.44,22.66,21.31,0.2,11.8,Stabil
2026-05-30 14:19:01,28.82,17.72,16.14,0.0,7.66,Stabil
2026-05-30 14:24:01,29.62,32.21,15.76,0.0,14.55,Stabil
2026-05-30 14:29:01,41.06,22.89,19.94,0.0,5.77,Stabil
2026-05-30 14:34:01,54.12,22.28,15.91,0.0,11.88,Stabil
2026-05-30 14:39:01,57.35,34.78,25.71,0.0,12.91,Stabil
2026-05-30 14:44:01,32.68,28.46,19.08,0.0,9.0,Stabil
2026-05-30 14:49:01,5.0,34.08,25.01,0.0,6.58,Stabil
2026-05-30 14:54:01,44.83,21.66,19.93,0.0,1.79,Stabil
2026-05-30 14:59:01,53.65,32.38,25.49,0.0,8.75,Stabil
2026-05-30 15:04:01,34.9,24.05,16.17,0.0,8.41,Stabil
2026-05-30 15:09:01,10.94,20.46,15.68,0.5,9.77,Stabil
2026-05-30 15:14:01,54.5,23.64,20.57,0.0,15.42,Stabil
2026-05-30 15:19:01,33.5,19.79,21.27,0.0,11.84,Stabil
2026-05-30 15:24:01,27.68,28.24,19.9,0.0,5.9,Stabil
2026-05-30 15:29:01,45.98,20.5,7.48,0.0,7.74,Stabil
2026-05-30 15:34:01,44.68,41.11,16.86,0.0,4.17,Stabil
2026-05-30 15:39:01,35.63,40.4,19.36,0.0,7.83,Stabil
2026-05-30 15:44:01,48.76,26.77,9.79,0.1,8.99,Stabil
2026-05-30 15:49:01,27.42,17.83,26.2,0.0,15.03,Stabil
2026-05-30 15:54:01,27.1,20.59,18.98,0.0,10.62,Stabil
2026-05-30 15:59:01,34.21,42.84,29.46,0.0,10.52,Stabil
2026-05-30 16:04:01,37.61,21.74,23.39,0.0,1.0,Stabil
2026-05-30 16:09:01,33.21,23.96,14.74,0.0,8.51,Stabil
2026-05-30 16:14:01,10.32,12.34,18.59,0.2,17.2,Stabil
2026-05-30 16:19:01,38.99,14.14,6.77,0.0,12.11,Stabil
2026-05-30 16:24:01,56.62,28.43,10.72,0.0,13.51,Stabil
2026-05-30 16:29:01,27.08,20.9,5.09,0.0,10.92,Stabil
2026-05-30 16:34:01,78.1,19.32,5.89,6.84,57.34,Tidak Stabil
2026-05-30 16:39:01,152.87,3.53,0.67,1.81,46.6,Tidak Stabil
2026-05-30 16:44:01,116.7,6.4,0.1,7.63,64.94,Tidak Stabil
2026-05-30 16:49:01,96.35,13.57,1.0,5.41,63.8,Tidak Stabil
2026-05-30 16:54:01,128.31,21.22,11.99,2.08,69.24,Tidak Stabil
2026-05-30 16:59:01,105.56,3.38,1.7,2.13,39.42,Tidak Stabil
2026-05-30 17:04:01,225.51,3.82,2.31,13.64,76.3,Tidak Stabil
2026-05-30 17:09:01,101.02,17.33,5.66,6.73,76.54,Tidak Stabil
2026-05-30 17:14:01,79.8,0.81,1.6,0.41,57.24,Tidak Stabil
2026-05-30 17:19:01,158.16,24.23,16.6,2.52,77.89,Tidak Stabil
2026-05-30 17:24:01,236.98,0.2,3.76,9.44,78.13,Tidak Stabil
2026-05-30 17:29:01,144.85,3.25,3.03,3.54,100.08,Tidak Stabil
2026-05-30 17:34:01,157.71,3.6,0.81,8.39,86.28,Tidak Stabil
2026-05-30 17:39:01,156.4,8.45,5.39,0.6,59.41,Tidak Stabil
2026-05-30 17:44:01,213.39,3.5,2.42,9.55,121.35,Tidak Stabil
2026-05-30 17:49:01,186.82,0.9,2.23,8.74,88.05,Tidak Stabil
2026-05-30 17:54:01,104.0,4.45,2.02,1.9,29.47,Tidak Stabil
2026-05-30 17:59:01,93.16,0.3,2.64,1.09,18.0,Tidak Stabil
2026-05-30 18:04:01,176.12,1.94,0.82,15.66,80.46,Tidak Stabil
2026-05-30 18:09:01,177.03,0.89,0.74,4.57,107.39,Tidak Stabil
2026-05-30 18:14:01,95.0,7.22,7.17,1.89,63.13,Tidak Stabil
2026-05-30 18:19:01,219.44,2.69,0.15,6.7,108.31,Tidak Stabil
2026-05-30 18:24:01,232.62,2.76,2.59,5.9,35.0,Tidak Stabil
2026-05-30 18:29:01,166.14,26.31,9.62,2.48,40.95,Tidak Stabil
2026-05-30 18:34:01,161.88,24.97,7.25,2.27,57.12,Tidak Stabil
2026-05-30 18:39:01,95.0,23.8,1.0,2.14,97.4,Tidak Stabil
2026-05-30 18:44:01,158.09,22.08,14.11,1.59,72.83,Tidak Stabil
2026-05-30 18:49:01,109.67,15.17,6.9,1.95,42.22,Tidak Stabil
2026-05-30 18:54:01,150.35,5.15,10.65,1.96,75.71,Tidak Stabil
2026-05-30 18:59:01,151.95,23.17,14.75,0.29,66.11,Tidak Stabil
2026-05-30 19:04:01,142.71,7.41,3.54,9.57,56.41,Tidak Stabil
2026-05-30 19:09:01,185.67,9.08,14.79,0.0,78.83,Tidak Stabil
2026-05-30 19:14:01,220.26,4.83,0.1,6.1,109.59,Tidak Stabil
2026-05-30 19:19:01,165.7,10.91,10.36,1.12,73.0,Tidak Stabil
2026-05-30 19:24:01,275.95,5.99,1.64,14.81,37.28,Tidak Stabil
2026-05-30 19:29:01,95.0,20.38,9.43,2.9,65.95,Tidak Stabil
2026-05-30 19:34:01,196.6,1.5,0.1,3.45,101.84,Tidak Stabil
2026-05-30 19:39:01,31.05,23.41,13.66,0.0,14.15,Stabil
2026-05-30 19:44:01,45.27,19.4,27.3,0.0,14.69,Stabil
2026-05-30 19:49:01,33.34,35.35,21.93,0.5,10.1,Stabil
2026-05-30 19:54:01,41.61,29.28,6.68,0.0,12.03,Stabil
2026-05-30 19:59:01,66.21,37.34,23.95,0.0,9.22,Stabil
2026-05-30 20:04:01,51.9,31.15,24.1,0.0,1.0,Stabil
2026-05-30 20:09:01,31.56,39.56,5.0,0.0,9.24,Stabil
2026-05-30 20:14:01,25.02,28.33,17.88,0.2,10.67,Stabil
2026-05-30 20:19:01,20.69,36.15,13.54,0.0,14.04,Stabil
2026-05-30 20:24:01,18.77,36.65,22.35,0.0,5.7,Stabil
2026-05-30 20:29:01,45.42,27.77,22.16,0.0,11.58,Stabil
2026-05-30 20:34:01,25.87,25.5,27.07,0.0,10.57,Stabil
2026-05-30 20:39:01,35.01,26.66,8.91,0.0,13.2,Stabil
2026-05-30 20:44:01,46.71,16.57,20.7,0.0,6.38,Stabil
2026-05-30 20:49:01,51.79,23.73,5.0,0.1,10.59,Stabil
2026-05-30 20:54:01,49.58,25.15,9.2,0.0,10.11,Stabil
2026-05-30 20:59:01,23.8,24.36,16.99,0.0,8.65,Stabil
2026-05-30 21:04:01,37.18,29.09,23.23,0.0,3.77,Stabil
2026-05-30 21:09:01,48.03,30.2,21.15,0.0,13.29,Stabil
2026-05-30 21:14:01,24.96,37.75,8.56,0.5,15.5,Stabil
2026-05-30 21:19:01,37.28,35.21,18.77,0.0,10.44,Stabil
2026-05-30 21:24:01,25.94,49.0,14.48,0.0,16.59,Stabil
2026-05-30 21:29:01,21.31,26.18,18.21,0.0,7.46,Stabil
2026-05-30 21:34:01,39.3,20.35,11.55,0.0,11.49,Stabil
2026-05-30 21:39:01,31.06,41.69,24.17,0.0,11.93,Stabil
2026-05-30 21:44:01,33.48,11.65,14.29,0.2,11.0,Stabil
2026-05-30 21:49:01,5.45,19.79,18.38,0.0,9.22,Stabil
2026-05-30 21:54:01,14.67,23.24,12.9,0.0,13.73,Stabil
2026-05-30 21:59:01,27.07,41.3,28.66,0.1,13.37,Stabil
2026-05-30 22:04:01,29.44,30.61,22.44,0.1,12.92,Stabil
2026-05-30 22:09:01,35.26,34.45,12.34,0.5,22.81,Stabil
2026-05-30 22:14:01,35.2,28.14,17.19,0.0,6.96,Stabil
2026-05-30 22:19:01,36.61,23.21,21.82,0.0,9.55,Stabil
2026-05-30 22:24:01,24.5,11.8,14.6,0.1,1.0,Stabil
2026-05-30 22:29:01,5.0,21.58,5.14,0.0,3.0,Stabil
2026-05-30 22:34:01,34.76,34.31,21.14,0.0,13.75,Stabil
2026-05-30 22:39:01,61.27,35.33,17.6,0.5,8.46,Stabil
2026-05-30 22:44:01,13.78,37.37,13.31,0.0,6.64,Stabil
2026-05-30 22:49:01,29.98,25.75,25.65,0.0,1.9,Stabil
2026-05-30 22:54:01,22.88,23.15,5.0,0.0,19.69,Stabil
2026-05-30 22:59:01,35.28,38.18,16.38,0.5,7.31,Stabil
2026-05-30 23:04:01,34.75,17.79,5.0,0.0,7.37,Stabil
2026-05-30 23:09:01,28.77,25.69,22.3,0.0,10.58,Stabil
2026-05-30 23:14:01,110.0,2.67,1.79,12.63,42.17,Tidak Stabil
2026-05-30 23:19:01,254.0,5.28,17.95,2.0,40.78,Tidak Stabil
2026-05-30 23:24:01,188.69,11.37,9.53,1.43,84.64,Tidak Stabil
2026-05-30 23:29:01,30.0,1.07,3.5,0.44,46.85,Tidak Stabil
2026-05-30 23:34:01,154.6,1.69,3.89,9.54,50.29,Tidak Stabil
2026-05-30 23:39:01,91.91,2.0,6.05,2.0,49.66,Tidak Stabil
2026-05-30 23:44:01,100.24,0.44,0.43,0.97,33.76,Tidak Stabil
2026-05-30 23:49:01,135.06,3.46,4.82,3.73,60.35,Tidak Stabil
2026-05-30 23:54:01,77.19,0.98,1.68,0.92,37.77,Tidak Stabil
2026-05-30 23:59:01,167.57,13.72,5.32,1.22,67.59,Tidak Stabil
2026-05-31 00:04:01,130.45,18.01,2.08,0.76,55.91,Tidak Stabil
2026-05-31 00:09:01,158.19,19.09,2.94,7.04,56.09,Tidak Stabil
2026-05-31 00:14:01,99.48,6.5,7.97,8.81,68.77,Tidak Stabil
2026-05-31 00:19:01,95.0,11.04,4.32,2.62,51.3,Tidak Stabil
2026-05-31 00:24:01,46.44,3.66,2.22,2.68,44.53,Tidak Stabil
2026-05-31 00:29:01,185.31,5.5,2.34,13.0,92.43,Tidak Stabil
2026-05-31 00:34:01,72.16,2.27,1.33,0.33,46.32,Tidak Stabil
2026-05-31 00:39:01,110.0,6.24,2.5,5.99,54.16,Tidak Stabil
2026-05-31 00:44:01,148.41,19.19,13.71,1.65,68.22,Tidak Stabil
2026-05-31 00:49:01,194.93,9.92,0.35,11.62,63.78,Tidak Stabil
2026-05-31 00:54:01,66.97,2.94,0.24,1.53,28.74,Tidak Stabil
2026-05-31 00:59:01,71.2,0.3,1.89,1.26,23.04,Tidak Stabil
2026-05-31 01:04:01,211.78,4.15,7.11,11.6,35.0,Tidak Stabil
2026-05-31 01:09:01,97.78,2.7,1.93,2.63,44.41,Tidak Stabil
2026-05-31 01:14:01,66.79,2.32,0.9,0.22,26.8,Tidak Stabil
2026-05-31 01:19:01,69.14,3.52,0.61,0.0,20.8,Tidak Stabil
2026-05-31 01:24:01,209.48,3.37,5.53,11.89,59.01,Tidak Stabil
2026-05-31 01:29:01,135.2,5.54,2.2,0.11,56.42,Tidak Stabil
2026-05-31 01:34:01,95.58,2.02,1.58,2.12,43.48,Tidak Stabil
2026-05-31 01:39:01,185.12,27.84,5.11,3.25,30.0,Tidak Stabil
2026-05-31 01:44:01,98.77,5.32,17.88,8.36,52.77,Tidak Stabil
2026-05-31 01:49:01,69.08,3.15,2.52,1.6,25.98,Tidak Stabil
2026-05-31 01:54:01,47.01,4.57,5.29,4.19,45.05,Tidak Stabil
2026-05-31 01:59:01,162.95,3.68,3.53,10.4,62.93,Tidak Stabil
2026-05-31 02:04:01,66.21,2.61,0.89,1.17,32.72,Tidak Stabil
2026-05-31 02:09:01,141.86,0.3,1.46,2.17,18.0,Tidak Stabil
2026-05-31 02:14:01,70.1,1.88,0.74,0.64,30.45,Tidak Stabil
2026-05-31 02:19:01,133.49,7.48,2.93,0.79,36.32,Tidak Stabil
2026-05-31 02:24:01,155.9,1.72,2.78,5.45,129.94,Tidak Stabil
2026-05-31 02:29:01,129.63,10.13,4.51,2.0,46.3,Tidak Stabil
2026-05-31 02:34:01,177.08,19.96,15.03,1.02,30.0,Tidak Stabil
2026-05-31 02:39:01,121.88,24.42,8.76,1.17,46.01,Tidak Stabil
2026-05-31 02:44:01,243.35,3.97,0.29,6.88,115.61,Tidak Stabil
2026-05-31 02:49:01,188.36,9.85,6.75,0.33,45.75,Tidak Stabil
2026-05-31 02:54:01,112.76,5.56,0.8,1.05,48.07,Tidak Stabil
2026-05-31 02:59:01,116.8,3.67,3.25,9.2,49.41,Tidak Stabil
2026-05-31 03:04:01,155.27,6.69,1.0,0.35,64.05,Tidak Stabil
2026-05-31 03:09:01,242.31,0.2,1.39,9.44,61.39,Tidak Stabil
2026-05-31 03:14:01,199.71,3.63,0.26,8.34,94.3,Tidak Stabil
2026-05-31 03:19:01,259.37,25.37,6.63,0.0,62.93,Tidak Stabil
2026-05-31 03:24:01,146.82,1.92,3.17,6.85,145.21,Tidak Stabil
2026-05-31 03:29:01,36.26,31.9,14.68,0.0,6.34,Stabil
2026-05-31 03:34:01,18.18,20.12,22.75,0.0,13.38,Stabil
2026-05-31 03:39:01,40.43,27.21,13.32,0.0,15.0,Stabil
2026-05-31 03:44:01,57.79,28.88,13.38,0.0,8.56,Stabil
2026-05-31 03:49:01,25.98,34.13,20.11,0.0,1.0,Stabil
2026-05-31 03:54:01,40.43,32.65,29.81,0.2,9.82,Stabil
2026-05-31 03:59:01,26.73,29.32,9.75,0.1,9.02,Stabil
2026-05-31 04:04:01,46.85,23.2,23.11,0.0,6.55,Stabil
2026-05-31 04:09:01,32.05,25.01,25.46,0.0,10.42,Stabil
2026-05-31 04:14:01,9.01,30.26,19.11,0.5,10.94,Stabil
2026-05-31 04:19:01,34.58,22.81,21.24,0.0,11.02,Stabil
2026-05-31 04:24:01,30.6,42.65,20.36,0.0,15.28,Stabil
2026-05-31 04:29:01,55.34,18.35,34.55,0.5,6.75,Stabil
2026-05-31 04:34:01,31.16,22.15,22.06,0.0,11.17,Stabil
2026-05-31 04:39:01,23.1,28.58,18.87,0.0,9.57,Stabil
2026-05-31 04:44:01,5.0,20.13,26.41,0.0,10.7,Stabil
2026-05-31 04:49:01,45.11,21.52,22.75,0.0,8.7,Stabil
2026-05-31 04:54:01,53.53,31.41,18.39,0.0,19.75,Stabil
2026-05-31 04:59:01,25.2,29.93,18.26,0.2,13.47,Stabil
2026-05-31 05:04:01,18.47,20.84,9.29,0.0,6.51,Stabil
2026-05-31 05:09:01,54.09,28.77,6.0,0.0,1.0,Stabil
2026-05-31 05:14:01,52.63,24.9,16.79,0.0,16.56,Stabil
2026-05-31 05:19:01,61.16,27.6,14.56,0.0,18.35,Stabil
2026-05-31 05:24:01,39.92,23.8,7.82,0.0,21.4,Stabil
2026-05-31 05:29:01,5.0,36.76,18.52,0.0,5.57,Stabil
2026-05-31 05:34:01,27.56,16.23,12.95,0.5,6.1,Stabil
2026-05-31 05:39:01,26.4,24.7,8.24,0.0,9.77,Stabil
2026-05-31 05:44:01,5.0,30.65,9.95,0.0,8.65,Stabil
2026-05-31 05:49:01,51.77,44.92,10.27,0.0,12.11,Stabil
2026-05-31 05:54:01,27.52,35.41,11.19,0.0,10.51,Stabil
2026-05-31 05:59:01,5.0,35.55,17.18,0.0,16.45,Stabil
2026-05-31 06:04:01,54.49,17.6,14.73,0.0,1.0,Stabil
2026-05-31 06:09:01,43.93,28.34,7.57,0.1,16.36,Stabil
2026-05-31 06:14:01,42.81,40.85,22.91,0.0,10.02,Stabil
2026-05-31 06:19:01,47.01,38.22,33.9,0.0,5.09,Stabil
2026-05-31 06:24:01,50.26,33.81,16.85,0.0,11.76,Stabil
2026-05-31 06:29:01,10.55,15.15,18.37,0.0,9.23,Stabil
2026-05-31 06:34:01,33.34,36.22,16.34,0.0,5.33,Stabil
2026-05-31 06:39:01,41.79,28.66,7.3,0.1,10.05,Stabil
2026-05-31 06:44:01,26.02,27.51,14.17,0.0,6.95,Stabil
2026-05-31 06:49:01,41.2,27.09,10.43,0.5,5.22,Stabil
2026-05-31 06:54:01,6.49,21.62,17.23,0.0,14.25,Stabil
2026-05-31 06:59:01,19.54,46.96,14.83,0.0,8.56,Stabil
2026-05-31 07:04:01,41.6,36.53,21.65,0.0,8.25,Stabil
2026-05-31 07:09:01,18.72,25.02,16.7,0.5,13.45,Stabil
2026-05-31 07:14:01,18.2,37.25,15.88,0.0,15.37,Stabil
2026-05-31 07:19:01,60.52,17.93,21.87,0.0,10.57,Stabil
2026-05-31 07:24:01,26.26,40.64,16.52,0.0,3.57,Stabil
2026-05-31 07:29:01,31.18,36.48,20.08,0.0,6.25,Stabil
2026-05-31 07:34:01,49.35,25.8,9.17,0.5,3.43,Stabil
2026-05-31 07:39:01,29.28,26.83,21.41,0.0,12.54,Stabil
2026-05-31 07:44:01,41.39,31.11,20.23,0.0,18.46,Stabil
2026-05-31 07:49:01,20.41,24.41,24.06,0.0,13.29,Stabil
2026-05-31 07:54:01,5.0,30.71,10.01,0.0,13.06,Stabil
2026-05-31 07:59:01,179.71,4.62,3.67,9.39,98.73,Tidak Stabil
2026-05-31 08:04:01,116.55,8.77,3.93,8.2,89.65,Tidak Stabil
2026-05-31 08:09:01,205.91,3.09,0.1,8.97,94.8,Tidak Stabil
2026-05-31 08:14:01,119.08,5.82,9.74,7.17,25.29,Tidak Stabil
2026-05-31 08:19:01,206.57,15.05,14.89,2.7,89.73,Tidak Stabil
2026-05-31 08:24:01,153.02,12.09,16.04,0.57,60.58,Tidak Stabil
2026-05-31 08:29:01,194.8,4.08,0.1,5.03,95.06,Tidak Stabil
2026-05-31 08:34:01,238.85,4.1,2.12,9.81,90.06,Tidak Stabil
2026-05-31 08:39:01,73.55,16.85,6.74,5.52,58.64,Tidak Stabil
2026-05-31 08:44:01,144.29,8.03,0.58,4.88,105.34,Tidak Stabil
2026-05-31 08:49:01,207.04,5.18,2.84,10.51,66.29,Tidak Stabil
2026-05-31 08:54:01,55.07,2.07,1.04,1.48,34.22,Tidak Stabil
2026-05-31 08:59:01,94.02,0.3,0.65,2.1,24.25,Tidak Stabil
2026-05-31 09:04:01,54.33,1.53,0.1,1.65,31.8,Tidak Stabil
2026-05-31 09:09:01,101.76,21.45,8.8,1.13,63.23,Tidak Stabil
2026-05-31 09:14:01,236.42,17.21,7.03,1.52,60.28,Tidak Stabil
2026-05-31 09:19:01,175.25,5.59,0.67,12.01,76.07,Tidak Stabil
2026-05-31 09:24:01,101.04,2.97,1.24,2.03,18.0,Tidak Stabil
2026-05-31 09:29:01,222.49,4.97,12.36,2.19,41.04,Tidak Stabil
2026-05-31 09:34:01,164.76,2.65,2.47,18.97,167.0,Tidak Stabil
2026-05-31 09:39:01,247.82,2.45,0.1,7.54,59.21,Tidak Stabil
2026-05-31 09:44:01,174.44,2.74,0.77,6.95,107.21,Tidak Stabil
2026-05-31 09:49:01,227.23,4.57,5.99,11.29,47.18,Tidak Stabil
2026-05-31 09:54:01,81.04,4.83,2.8,0.86,48.94,Tidak Stabil
2026-05-31 09:59:01,126.48,4.01,3.0,2.18,32.62,Tidak Stabil
2026-05-31 10:04:01,73.74,7.28,1.3,1.29,69.83,Tidak Stabil
2026-05-31 10:09:01,34.06,2.67,2.65,0.99,49.05,Tidak Stabil
2026-05-31 10:14:01,111.49,17.61,3.72,7.38,26.55,Tidak Stabil
2026-05-31 10:19:01,93.92,22.69,8.73,6.74,63.83,Tidak Stabil
2026-05-31 10:24:01,201.5,12.9,10.8,0.7,35.42,Tidak Stabil
2026-05-31 10:29:01,169.84,1.37,2.52,2.06,18.0,Tidak Stabil
2026-05-31 10:34:01,82.05,13.19,7.59,12.0,50.05,Tidak Stabil
2026-05-31 10:39:01,54.16,13.05,8.21,4.93,38.57,Tidak Stabil
2026-05-31 10:44:01,172.79,4.83,2.22,6.81,60.65,Tidak Stabil
2026-05-31 10:49:01,132.38,6.23,3.45,7.71,20.0,Tidak Stabil
2026-05-31 10:54:01,110.0,3.97,2.92,10.55,61.79,Tidak Stabil
2026-05-31 10:59:01,155.24,2.53,2.11,6.79,108.53,Tidak Stabil
2026-05-31 11:04:01,137.98,5.69,0.86,0.85,66.62,Tidak Stabil
2026-05-31 11:09:01,238.41,9.51,1.65,12.43,41.53,Tidak Stabil
2026-05-31 11:14:01,217.73,6.84,2.7,8.9,97.8,Tidak Stabil
2026-05-31 11:19:01,158.49,11.41,2.32,5.19,20.0,Tidak Stabil
2026-05-31 11:24:01,44.74,6.33,9.85,6.61,26.89,Tidak Stabil
2026-05-31 11:29:01,214.35,26.79,14.8,0.17,53.48,Tidak Stabil
2026-05-31 11:34:01,146.07,4.14,11.35,2.22,78.99,Tidak Stabil
2026-05-31 11:39:01,168.45,6.47,3.4,6.95,104.89,Tidak Stabil
2026-05-31 11:44:01,159.71,18.27,12.01,2.41,71.52,Tidak Stabil
2026-05-31 11:49:01,40.0,9.75,5.9,3.91,47.12,Tidak Stabil
2026-05-31 11:54:01,110.57,1.9,2.01,2.12,21.94,Tidak Stabil
2026-05-31 11:59:01,99.68,9.72,4.64,0.0,57.34,Tidak Stabil
2026-05-31 12:04:01,56.03,12.37,6.51,11.11,40.07,Tidak Stabil
2026-05-31 12:09:01,174.32,4.15,4.85,6.46,35.0,Tidak Stabil
2026-05-31 12:14:01,116.01,18.12,8.95,3.85,43.79,Tidak Stabil
2026-05-31 12:19:01,60.4,18.5,2.09,2.44,81.31,Tidak Stabil
2026-05-31 12:24:01,134.22,7.49,2.94,11.2,102.2,Tidak Stabil
2026-05-31 12:29:01,131.52,5.85,0.52,1.38,31.53,Tidak Stabil
2026-05-31 12:34:01,89.42,7.67,3.51,1.33,18.0,Tidak Stabil
2026-05-31 12:39:01,191.01,12.48,4.57,2.1,52.57,Tidak Stabil
2026-05-31 12:44:01,142.27,13.11,11.76,2.16,36.83,Tidak Stabil
2026-05-31 12:49:01,30.56,17.12,20.41,0.0,9.88,Stabil
2026-05-31 12:54:01,41.56,35.91,13.47,0.0,5.96,Stabil
2026-05-31 12:59:01,22.25,31.17,20.7,0.0,9.54,Stabil
2026-05-31 13:04:01,13.92,33.36,18.95,0.0,3.86,Stabil
2026-05-31 13:09:01,35.83,16.95,16.45,0.0,7.4,Stabil
2026-05-31 13:14:01,11.94,36.22,16.45,0.0,1.0,Stabil
2026-05-31 13:19:01,57.81,35.01,13.97,0.0,8.22,Stabil
2026-05-31 13:24:01,24.22,15.97,18.29,0.0,8.22,Stabil
2026-05-31 13:29:01,33.35,37.67,20.8,0.0,5.55,Stabil
2026-05-31 13:34:01,17.33,28.12,21.42,0.0,8.65,Stabil
2026-05-31 13:39:01,11.52,27.54,17.87,0.0,19.21,Stabil
2026-05-31 13:44:01,42.19,40.3,14.2,0.0,6.02,Stabil
2026-05-31 13:49:01,6.63,27.17,21.68,0.0,3.69,Stabil
2026-05-31 13:54:01,52.35,48.08,8.57,0.0,9.93,Stabil
2026-05-31 13:59:01,44.11,29.85,11.1,0.0,21.17,Stabil
2026-05-31 14:04:01,25.41,26.65,17.28,0.0,13.7,Stabil
2026-05-31 14:09:01,54.36,25.15,13.55,0.0,12.17,Stabil
2026-05-31 14:14:01,5.0,33.34,10.69,0.1,15.37,Stabil
2026-05-31 14:19:01,11.97,36.7,14.25,0.0,5.49,Stabil
2026-05-31 14:24:01,7.81,27.77,21.52,0.0,7.13,Stabil
2026-05-31 14:29:01,64.82,29.39,19.37,0.0,17.86,Stabil
2026-05-31 14:34:01,29.4,13.24,25.18,0.0,13.65,Stabil
2026-05-31 14:39:01,47.21,35.56,20.41,0.0,12.76,Stabil
2026-05-31 14:44:01,25.17,26.13,21.7,0.0,10.68,Stabil
2026-05-31 14:49:01,33.96,33.47,28.86,0.0,10.36,Stabil
2026-05-31 14:54:01,33.76,26.92,19.87,0.0,4.9,Stabil
2026-05-31 14:59:01,11.85,30.05,16.88,0.0,6.56,Stabil
2026-05-31 15:04:01,54.28,23.47,19.3,0.0,15.49,Stabil
2026-05-31 15:09:01,31.53,23.38,18.48,0.0,9.69,Stabil
2026-05-31 15:14:01,12.78,28.87,13.46,0.0,7.69,Stabil
2026-05-31 15:19:01,33.66,29.75,19.64,0.0,18.78,Stabil
2026-05-31 15:24:01,44.76,35.47,10.29,0.0,14.37,Stabil
2026-05-31 15:29:01,39.73,36.21,12.95,0.0,9.24,Stabil
2026-05-31 15:34:01,23.81,24.08,23.38,0.0,21.94,Stabil
2026-05-31 15:39:01,31.55,10.0,19.0,0.0,11.81,Stabil
2026-05-31 15:44:01,26.21,35.2,12.28,0.0,6.18,Stabil
2026-05-31 15:49:01,25.87,25.2,15.51,0.0,11.77,Stabil
2026-05-31 15:54:01,42.26,29.82,14.3,0.0,21.88,Stabil
2026-05-31 15:59:01,23.2,22.32,17.27,0.0,14.77,Stabil
2026-05-31 16:04:01,5.0,39.04,29.15,0.0,9.53,Stabil
2026-05-31 16:09:01,40.98,42.45,21.08,0.0,17.71,Stabil
2026-05-31 16:14:01,13.88,36.13,28.77,0.0,15.13,Stabil
2026-05-31 16:19:01,35.24,31.05,21.36,0.0,9.3,Stabil
2026-05-31 16:24:01,17.14,35.85,13.39,0.0,11.41,Stabil
2026-05-31 16:29:01,41.54,44.07,25.95,0.0,8.97,Stabil
2026-05-31 16:34:01,32.29,32.11,13.37,0.0,9.69,Stabil
2026-05-31 16:39:01,38.26,14.33,8.56,0.0,12.85,Stabil
2026-05-31 16:44:01,27.72,18.71,21.91,0.0,6.5,Stabil
2026-05-31 16:49:01,45.29,40.24,23.56,0.0,13.8,Stabil
2026-05-31 16:54:01,29.42,28.47,27.41,0.0,13.16,Stabil
2026-05-31 16:59:01,36.41,26.05,20.19,0.0,10.67,Stabil
2026-05-31 17:04:01,41.1,26.86,15.66,0.0,7.54,Stabil
2026-05-31 17:09:01,49.33,32.16,16.59,0.0,11.24,Stabil
2026-05-31 17:14:01,80.0,20.19,16.11,0.0,17.87,Stabil
2026-05-31 17:19:01,48.43,10.63,23.03,0.0,7.58,Stabil
2026-05-31 17:24:01,12.23,40.55,14.49,0.0,10.81,Stabil
2026-05-31 17:29:01,17.51,30.42,21.85,0.0,14.06,Stabil
2026-05-31 17:34:01,34.64,26.12,24.1,0.0,2.16,Stabil
2026-05-31 17:39:01,32.46,23.49,9.47,0.0,10.01,Stabil
2026-05-31 17:44:01,117.09,0.2,4.32,5.09,66.52,Tidak Stabil
2026-05-31 17:49:01,97.36,18.53,14.18,8.32,41.95,Tidak Stabil
2026-05-31 17:54:01,162.42,3.15,2.21,11.05,51.72,Tidak Stabil
2026-05-31 17:59:01,68.75,1.95,1.65,2.09,39.64,Tidak Stabil
2026-05-31 18:04:01,99.88,6.02,1.4,1.82,22.19,Tidak Stabil
2026-05-31 18:09:01,231.31,5.16,3.76,2.0,110.61,Tidak Stabil
2026-05-31 18:14:01,248.9,10.81,2.9,2.65,82.3,Tidak Stabil
2026-05-31 18:19:01,124.05,22.13,5.05,2.2,60.12,Tidak Stabil
2026-05-31 18:24:01,234.87,15.53,7.84,2.89,78.4,Tidak Stabil
2026-05-31 18:29:01,67.13,2.9,0.74,1.81,25.3,Tidak Stabil
2026-05-31 18:34:01,188.07,0.2,0.23,6.99,103.34,Tidak Stabil
2026-05-31 18:39:01,93.59,3.22,1.09,1.26,47.84,Tidak Stabil
2026-05-31 18:44:01,128.92,4.88,0.69,2.55,45.75,Tidak Stabil
2026-05-31 18:49:01,42.75,5.57,1.52,2.61,28.04,Tidak Stabil
2026-05-31 18:54:01,146.05,11.5,8.83,1.97,72.93,Tidak Stabil
2026-05-31 18:59:01,124.6,4.59,0.55,1.63,20.15,Tidak Stabil
2026-05-31 19:04:01,212.42,4.72,3.47,7.56,122.8,Tidak Stabil
2026-05-31 19:09:01,178.08,4.17,0.1,6.39,75.55,Tidak Stabil
2026-05-31 19:14:01,147.22,29.25,11.61,2.35,30.0,Tidak Stabil
2026-05-31 19:19:01,76.93,3.79,3.36,1.08,44.38,Tidak Stabil
2026-05-31 19:24:01,162.64,9.27,5.41,1.95,83.26,Tidak Stabil
2026-05-31 19:29:01,168.68,3.23,8.95,0.45,66.28,Tidak Stabil
2026-05-31 19:34:01,30.0,4.5,2.05,1.67,27.63,Tidak Stabil
2026-05-31 19:39:01,142.43,3.29,2.83,11.56,76.77,Tidak Stabil
2026-05-31 19:44:01,52.45,15.2,3.73,9.07,51.1,Tidak Stabil
2026-05-31 19:49:01,186.49,19.14,10.69,4.58,62.33,Tidak Stabil
2026-05-31 19:54:01,215.37,1.42,2.63,7.13,105.51,Tidak Stabil
2026-05-31 19:59:01,131.16,3.26,2.32,9.11,92.32,Tidak Stabil
2026-05-31 20:04:01,123.58,3.96,2.43,1.25,18.38,Tidak Stabil
2026-05-31 20:09:01,98.16,15.22,9.38,8.75,69.71,Tidak Stabil
2026-05-31 20:14:01,125.44,14.75,11.69,6.5,45.98,Tidak Stabil
2026-05-31 20:19:01,201.48,21.52,20.51,2.98,39.71,Tidak Stabil
2026-05-31 20:24:01,119.84,26.68,4.94,11.57,51.59,Tidak Stabil
2026-05-31 20:29:01,42.24,0.63,1.4,2.56,20.11,Tidak Stabil
2026-05-31 20:34:01,109.33,12.01,13.87,3.84,53.48,Tidak Stabil
2026-05-31 20:39:01,77.12,1.51,0.1,2.97,35.73,Tidak Stabil
2026-05-31 20:44:01,73.87,21.29,15.43,0.0,13.21,Stabil
2026-05-31 20:49:01,21.12,32.56,22.96,0.0,15.54,Stabil
2026-05-31 20:54:01,19.87,23.81,18.73,0.2,10.03,Stabil
2026-05-31 20:59:01,22.48,38.03,18.29,0.2,10.53,Stabil
2026-05-31 21:04:01,45.1,23.18,19.57,0.0,9.48,Stabil
2026-05-31 21:09:01,49.06,15.93,15.57,0.0,3.82,Stabil
2026-05-31 21:14:01,17.89,35.63,26.93,0.0,15.93,Stabil
2026-05-31 21:19:01,29.31,29.87,14.63,0.0,11.29,Stabil
2026-05-31 21:24:01,44.54,18.67,7.13,0.0,12.6,Stabil
2026-05-31 21:29:01,24.28,27.37,14.81,0.0,9.51,Stabil
2026-05-31 21:34:01,23.76,27.86,6.42,0.0,8.1,Stabil
2026-05-31 21:39:01,39.32,26.56,13.42,0.1,10.95,Stabil
2026-05-31 21:44:01,51.93,29.05,19.01,0.0,7.36,Stabil
2026-05-31 21:49:01,21.88,32.7,10.16,0.0,3.76,Stabil
2026-05-31 21:54:01,40.93,25.46,26.38,0.0,18.08,Stabil
2026-05-31 21:59:01,20.46,30.83,19.19,0.0,14.91,Stabil
2026-05-31 22:04:01,17.32,22.93,9.66,0.1,5.79,Stabil
2026-05-31 22:09:01,37.82,36.86,9.11,0.0,15.96,Stabil
2026-05-31 22:14:01,45.96,30.56,17.92,0.2,9.72,Stabil
2026-05-31 22:19:01,33.42,20.69,14.54,0.0,6.96,Stabil
2026-05-31 22:24:01,33.47,27.8,14.28,0.0,3.09,Stabil
2026-05-31 22:29:01,44.79,26.23,8.43,0.0,9.53,Stabil
2026-05-31 22:34:01,43.9,34.49,23.52,0.0,9.83,Stabil
2026-05-31 22:39:01,35.21,39.5,16.24,0.0,3.07,Stabil
2026-05-31 22:44:01,22.71,26.25,13.01,0.5,15.39,Stabil
2026-05-31 22:49:01,50.49,38.76,16.79,0.2,8.51,Stabil
2026-05-31 22:54:01,41.17,14.73,11.39,0.0,5.49,Stabil
2026-05-31 22:59:01,38.39,25.53,26.68,0.0,12.48,Stabil
2026-05-31 23:04:01,5.0,29.83,11.72,0.0,1.62,Stabil
2026-05-31 23:09:01,72.32,27.06,16.28,0.0,14.52,Stabil
2026-05-31 23:14:01,34.63,20.56,23.64,0.1,8.44,Stabil
2026-05-31 23:19:01,54.28,14.24,16.83,0.0,6.93,Stabil
2026-05-31 23:24:01,22.37,28.9,23.29,0.0,6.1,Stabil
2026-05-31 23:29:01,44.78,28.37,22.45,0.0,17.83,Stabil
2026-05-31 23:34:01,11.23,38.79,12.02,0.1,13.24,Stabil
2026-05-31 23:39:01,53.55,14.54,18.5,0.0,11.78,Stabil
2026-05-31 23:44:01,32.45,32.44,23.29,0.5,18.81,Stabil
2026-05-31 23:49:01,30.63,21.84,18.19,0.0,8.15,Stabil
2026-05-31 23:54:01,24.69,35.05,12.42,0.0,10.79,Stabil
2026-05-31 23:59:01,44.15,44.71,17.65,0.0,12.65,Stabil
2026-06-01 00:04:01,24.63,30.09,21.5,0.0,12.6,Stabil
2026-06-01 00:09:01,44.54,31.29,8.46,0.0,3.44,Stabil
2026-06-01 00:14:01,18.99,31.27,21.24,0.0,15.42,Stabil
2026-06-01 00:19:01,5.0,33.84,18.34,0.0,9.63,Stabil
2026-06-01 00:24:01,33.59,43.03,12.45,0.0,15.08,Stabil
2026-06-01 00:29:01,5.0,30.33,19.75,0.0,10.55,Stabil
2026-06-01 00:34:01,185.03,9.04,2.95,2.79,56.89,Tidak Stabil
2026-06-01 00:39:01,196.26,0.2,1.94,6.02,116.02,Tidak Stabil
2026-06-01 00:44:01,98.55,3.15,2.3,2.55,46.17,Tidak Stabil
2026-06-01 00:49:01,74.75,0.3,3.25,2.17,45.66,Tidak Stabil
2026-06-01 00:54:01,113.78,19.47,13.72,4.96,52.45,Tidak Stabil
2026-06-01 00:59:01,196.75,3.0,0.1,10.01,102.56,Tidak Stabil
2026-06-01 01:04:01,170.76,3.61,1.52,6.89,97.36,Tidak Stabil
2026-06-01 01:09:01,237.71,1.79,0.42,7.04,109.86,Tidak Stabil
2026-06-01 01:14:01,49.44,1.17,2.26,1.83,18.0,Tidak Stabil
2026-06-01 01:19:01,83.78,0.99,1.28,1.6,29.48,Tidak Stabil
2026-06-01 01:24:01,151.06,10.64,5.82,1.06,42.13,Tidak Stabil
2026-06-01 01:29:01,76.71,2.35,0.73,1.89,53.49,Tidak Stabil
2026-06-01 01:34:01,160.0,30.53,11.92,2.87,59.29,Tidak Stabil
2026-06-01 01:39:01,180.99,2.7,2.51,8.52,70.0,Tidak Stabil
2026-06-01 01:44:01,106.49,3.19,3.38,3.18,49.32,Tidak Stabil
2026-06-01 01:49:01,261.11,12.06,3.67,2.4,50.53,Tidak Stabil
2026-06-01 01:54:01,189.94,10.4,8.68,1.77,39.46,Tidak Stabil
2026-06-01 01:59:01,182.81,17.6,4.02,12.62,20.31,Tidak Stabil
2026-06-01 02:04:01,125.28,0.59,0.79,1.06,33.59,Tidak Stabil
2026-06-01 02:09:01,40.0,14.78,7.2,8.23,48.09,Tidak Stabil
2026-06-01 02:14:01,202.94,4.7,8.1,2.51,44.43,Tidak Stabil
2026-06-01 02:19:01,221.92,25.49,11.87,0.82,37.55,Tidak Stabil
2026-06-01 02:24:01,136.48,3.66,3.07,0.02,61.71,Tidak Stabil
2026-06-01 02:29:01,160.25,16.6,15.25,0.75,31.03,Tidak Stabil
2026-06-01 02:34:01,223.13,4.42,0.98,2.0,77.74,Tidak Stabil
2026-06-01 02:39:01,256.71,5.83,2.95,7.51,97.61,Tidak Stabil
2026-06-01 02:44:01,110.0,3.77,4.34,2.0,86.27,Tidak Stabil
2026-06-01 02:49:01,72.47,3.37,0.6,0.0,38.11,Tidak Stabil
2026-06-01 02:54:01,304.75,1.0,0.1,2.54,94.84,Tidak Stabil
2026-06-01 02:59:01,61.78,6.56,2.02,1.91,34.34,Tidak Stabil
2026-06-01 03:04:01,123.42,6.07,2.46,9.24,60.91,Tidak Stabil
2026-06-01 03:09:01,220.57,18.83,1.0,3.6,37.99,Tidak Stabil
2026-06-01 03:14:01,211.33,4.35,4.88,11.51,65.43,Tidak Stabil
2026-06-01 03:19:01,128.35,20.69,9.16,6.78,48.49,Tidak Stabil
2026-06-01 03:24:01,170.94,6.78,4.49,4.17,26.42,Tidak Stabil
2026-06-01 03:29:01,210.74,2.78,0.1,9.91,88.79,Tidak Stabil
2026-06-01 03:34:01,30.0,6.38,1.33,2.43,45.41,Tidak Stabil
2026-06-01 03:39:01,161.52,5.37,1.99,8.74,113.72,Tidak Stabil
2026-06-01 03:44:01,157.02,5.86,6.14,8.72,29.54,Tidak Stabil
2026-06-01 03:49:01,172.81,21.83,1.0,1.06,37.65,Tidak Stabil
2026-06-01 03:54:01,216.29,8.99,6.23,2.56,71.32,Tidak Stabil
2026-06-01 03:59:01,152.52,2.77,1.62,0.64,18.0,Tidak Stabil
2026-06-01 04:04:01,126.27,0.61,3.12,0.03,36.62,Tidak Stabil
2026-06-01 04:09:01,164.78,6.54,2.19,13.08,95.94,Tidak Stabil
2026-06-01 04:14:01,66.44,10.51,4.77,10.47,20.0,Tidak Stabil
2026-06-01 04:19:01,143.52,24.28,4.52,0.0,52.65,Tidak Stabil
2026-06-01 04:24:01,234.14,11.99,6.31,1.25,55.15,Tidak Stabil
2026-06-01 04:29:01,33.15,5.66,0.99,2.59,44.81,Tidak Stabil
2026-06-01 04:34:01,63.07,2.07,3.22,1.8,23.76,Tidak Stabil
2026-06-01 04:39:01,17.02,36.52,11.15,0.2,9.33,Stabil
2026-06-01 04:44:01,11.65,19.46,10.24,0.0,11.33,Stabil
2026-06-01 04:49:01,21.84,30.95,13.5,0.0,15.79,Stabil
2026-06-01 04:54:01,27.51,31.11,27.43,0.0,7.66,Stabil
2026-06-01 04:59:01,17.07,29.51,19.94,0.0,3.75,Stabil
2026-06-01 05:04:01,29.63,35.07,8.71,0.1,7.33,Stabil
2026-06-01 05:09:01,24.12,44.51,7.19,0.0,16.43,Stabil
2026-06-01 05:14:01,18.35,13.85,14.87,0.0,8.86,Stabil
2026-06-01 05:19:01,26.89,22.32,19.5,0.5,14.39,Stabil
2026-06-01 05:24:01,19.5,14.51,21.5,0.0,18.23,Stabil
2026-06-01 05:29:01,62.21,41.03,22.37,0.5,15.76,Stabil
2026-06-01 05:34:01,33.41,32.86,14.88,0.0,9.26,Stabil
2026-06-01 05:39:01,35.93,16.95,14.8,0.2,16.58,Stabil
2026-06-01 05:44:01,42.29,24.11,6.17,0.0,12.65,Stabil
2026-06-01 05:49:01,38.22,26.44,9.63,0.0,12.83,Stabil
2026-06-01 05:54:01,33.63,35.09,20.86,0.0,9.27,Stabil
2026-06-01 05:59:01,16.47,20.87,28.59,0.0,19.83,Stabil
2026-06-01 06:04:01,52.25,32.92,23.78,0.0,11.51,Stabil
2026-06-01 06:09:01,44.05,20.47,19.18,0.0,8.52,Stabil
2026-06-01 06:14:01,24.59,24.85,18.13,0.0,18.21,Stabil
2026-06-01 06:19:01,198.35,8.13,2.92,2.0,57.54,Tidak Stabil
2026-06-01 06:24:01,70.32,5.13,9.36,5.96,66.11,Tidak Stabil
2026-06-01 06:29:01,95.0,24.91,1.0,0.0,62.83,Tidak Stabil
2026-06-01 06:34:01,121.97,4.29,3.22,7.61,75.03,Tidak Stabil
2026-06-01 06:39:01,287.85,4.0,3.79,9.11,148.94,Tidak Stabil
2026-06-01 06:44:01,248.21,5.56,2.06,5.66,98.35,Tidak Stabil
2026-06-01 06:49:01,101.35,10.34,19.3,0.48,43.2,Tidak Stabil
2026-06-01 06:54:01,184.85,6.81,1.64,10.09,56.48,Tidak Stabil
2026-06-01 06:59:01,99.3,15.67,2.42,4.83,23.87,Tidak Stabil
2026-06-01 07:04:01,88.4,0.84,1.04,0.0,21.04,Tidak Stabil
2026-06-01 07:09:01,244.19,2.77,0.21,12.7,87.66,Tidak Stabil
2026-06-01 07:14:01,244.91,19.83,4.82,2.09,87.81,Tidak Stabil
2026-06-01 07:19:01,98.78,4.38,2.99,6.18,72.34,Tidak Stabil
2026-06-01 07:24:01,151.61,17.27,13.99,2.06,40.97,Tidak Stabil
2026-06-01 07:29:01,210.86,5.88,1.15,5.78,95.49,Tidak Stabil
2026-06-01 07:34:01,157.94,4.67,1.71,0.39,31.8,Tidak Stabil
2026-06-01 07:39:01,192.83,1.08,2.12,2.0,103.87,Tidak Stabil
2026-06-01 07:44:01,173.0,2.24,1.78,3.44,130.25,Tidak Stabil
2026-06-01 07:49:01,246.85,5.99,0.1,7.08,52.59,Tidak Stabil
2026-06-01 07:54:01,102.94,26.47,6.2,1.34,58.63,Tidak Stabil
2026-06-01 07:59:01,309.36,3.55,0.1,5.98,110.41,Tidak Stabil
2026-06-01 08:04:01,147.5,2.98,3.74,4.65,66.99,Tidak Stabil
2026-06-01 08:09:01,97.61,3.36,2.59,0.8,43.37,Tidak Stabil
2026-06-01 08:14:01,72.77,3.93,2.82,0.49,32.78,Tidak Stabil
2026-06-01 08:19:01,94.89,2.0,12.74,11.01,46.94,Tidak Stabil
2026-06-01 08:24:01,101.18,3.01,0.1,0.56,18.0,Tidak Stabil
2026-06-01 08:29:01,209.12,6.45,0.1,15.38,119.72,Tidak Stabil
2026-06-01 08:34:01,218.26,2.69,2.43,9.6,70.45,Tidak Stabil
2026-06-01 08:39:01,91.89,14.77,12.29,2.0,52.88,Tidak Stabil
2026-06-01 08:44:01,229.85,4.2,0.73,11.58,50.96,Tidak Stabil
2026-06-01 08:49:01,155.73,9.38,14.55,1.34,59.86,Tidak Stabil
2026-06-01 08:54:01,162.56,13.5,5.31,6.69,41.27,Tidak Stabil
2026-06-01 08:59:01,257.02,19.2,10.57,2.38,62.74,Tidak Stabil
2026-06-01 09:04:01,30.0,6.89,3.53,0.75,38.61,Tidak Stabil
2026-06-01 09:09:01,333.28,5.51,2.03,5.86,65.35,Tidak Stabil
2026-06-01 09:14:01,192.78,5.56,1.08,7.09,35.0,Tidak Stabil
2026-06-01 09:19:01,221.92,5.58,0.1,14.93,77.33,Tidak Stabil
2026-06-01 09:24:01,114.35,6.08,1.93,1.28,34.34,Tidak Stabil
2026-06-01 09:29:01,113.69,19.38,7.46,11.27,27.36,Tidak Stabil
2026-06-01 09:34:01,182.98,3.36,1.54,3.03,111.32,Tidak Stabil
2026-06-01 09:39:01,159.54,2.0,1.0,1.87,30.0,Tidak Stabil
2026-06-01 09:44:01,179.38,6.04,0.59,2.0,62.62,Tidak Stabil
2026-06-01 09:49:01,98.63,21.16,4.21,6.84,70.27,Tidak Stabil
2026-06-01 09:54:01,71.08,3.73,3.55,0.59,34.1,Tidak Stabil
2026-06-01 09:59:01,214.13,5.26,0.36,3.95,119.51,Tidak Stabil
2026-06-01 10:04:01,203.38,5.73,0.1,4.36,107.37,Tidak Stabil
2026-06-01 10:09:01,110.58,1.84,0.62,2.38,48.09,Tidak Stabil
2026-06-01 10:14:01,125.43,16.61,6.36,6.35,59.84,Tidak Stabil
2026-06-01 10:19:01,161.66,4.2,1.28,16.85,73.43,Tidak Stabil
2026-06-01 10:24:01,18.98,40.71,14.59,0.0,8.79,Stabil
2026-06-01 10:29:01,37.67,33.39,17.79,0.0,9.76,Stabil
2026-06-01 10:34:01,17.45,27.81,22.64,0.0,12.66,Stabil
2026-06-01 10:39:01,37.74,19.84,13.52,0.0,5.36,Stabil
2026-06-01 10:44:01,9.62,16.49,14.04,0.0,13.88,Stabil
2026-06-01 10:49:01,43.69,37.35,18.3,0.0,7.63,Stabil
2026-06-01 10:54:01,25.44,17.51,14.39,0.1,13.16,Stabil
2026-06-01 10:59:01,20.6,44.14,14.25,0.0,7.51,Stabil
2026-06-01 11:04:01,40.31,12.69,20.02,0.0,10.41,Stabil
2026-06-01 11:09:01,34.04,22.39,5.0,0.0,9.03,Stabil
2026-06-01 11:14:01,50.55,11.84,11.65,0.0,8.93,Stabil
2026-06-01 11:19:01,56.66,14.64,19.27,0.0,11.27,Stabil
2026-06-01 11:24:01,56.21,30.35,26.61,0.0,7.99,Stabil
2026-06-01 11:29:01,23.84,30.98,20.77,0.0,14.34,Stabil
2026-06-01 11:34:01,11.32,25.27,19.69,0.0,6.28,Stabil
2026-06-01 11:39:01,42.22,15.3,15.86,0.0,10.58,Stabil
2026-06-01 11:44:01,32.1,20.67,28.71,0.1,7.05,Stabil
2026-06-01 11:49:01,23.18,25.42,12.07,0.5,11.62,Stabil
2026-06-01 11:54:01,30.02,28.03,22.84,0.0,17.78,Stabil
2026-06-01 11:59:01,12.78,39.82,12.84,0.0,7.82,Stabil
2026-06-01 12:04:01,15.0,25.74,17.44,0.0,6.04,Stabil
2026-06-01 12:09:01,31.17,30.01,24.42,0.0,8.01,Stabil
2026-06-01 12:14:01,43.84,30.69,16.61,0.0,11.08,Stabil
2026-06-01 12:19:01,39.06,26.22,23.43,0.0,2.92,Stabil
2026-06-01 12:24:01,39.11,23.12,15.14,0.0,10.54,Stabil
2026-06-01 12:29:01,22.27,26.66,17.67,0.0,2.26,Stabil
2026-06-01 12:34:01,41.5,22.93,25.84,0.0,15.18,Stabil
2026-06-01 12:39:01,38.33,17.35,19.19,0.0,10.94,Stabil
2026-06-01 12:44:01,22.49,44.55,17.39,0.5,19.73,Stabil
2026-06-01 12:49:01,40.07,17.47,12.0,0.0,9.17,Stabil
2026-06-01 12:54:01,15.81,40.5,16.62,0.0,2.24,Stabil
2026-06-01 12:59:01,31.8,27.85,20.24,0.0,7.59,Stabil
2026-06-01 13:04:01,20.37,19.49,18.94,0.0,11.22,Stabil
2026-06-01 13:09:01,52.41,22.51,15.79,0.0,13.86,Stabil
2026-06-01 13:14:01,55.91,20.4,17.66,0.0,9.57,Stabil
2026-06-01 13:19:01,55.29,22.9,22.76,0.0,16.25,Stabil
2026-06-01 13:24:01,20.05,18.66,20.07,0.0,13.18,Stabil
2026-06-01 13:29:01,34.84,33.44,8.25,0.0,8.49,Stabil
2026-06-01 13:34:01,21.78,44.17,23.33,0.0,15.25,Stabil
2026-06-01 13:39:01,29.86,21.11,23.33,0.0,9.9,Stabil
2026-06-01 13:44:01,60.95,29.76,15.74,0.0,9.75,Stabil
2026-06-01 13:49:01,21.08,29.6,14.07,0.0,6.23,Stabil
2026-06-01 13:54:01,54.14,34.09,21.8,0.0,14.38,Stabil
2026-06-01 13:59:01,40.86,23.49,16.58,0.0,3.97,Stabil
2026-06-01 14:04:01,19.39,30.45,13.26,0.5,8.72,Stabil
2026-06-01 14:09:01,41.24,22.48,23.73,0.0,6.6,Stabil
2026-06-01 14:14:01,34.72,20.31,16.66,0.0,14.8,Stabil
2026-06-01 14:19:01,42.56,34.04,14.62,0.0,1.0,Stabil
2026-06-01 14:24:01,62.83,36.36,8.77,0.0,16.25,Stabil
2026-06-01 14:29:01,18.6,35.0,9.93,0.5,7.15,Stabil
2026-06-01 14:34:01,59.0,34.03,21.62,0.0,7.2,Stabil
2026-06-01 14:39:01,61.22,23.44,23.32,0.2,1.0,Stabil
2026-06-01 14:44:01,49.36,13.4,12.2,0.0,9.0,Stabil
2026-06-01 14:49:01,27.74,10.91,14.17,0.0,4.5,Stabil
2026-06-01 14:54:01,38.67,25.23,16.42,0.0,8.77,Stabil
2026-06-01 14:59:01,28.89,18.01,16.91,0.0,14.49,Stabil
2026-06-01 15:04:01,168.47,4.03,2.34,10.48,88.14,Tidak Stabil
2026-06-01 15:09:01,30.0,5.23,0.98,1.28,24.09,Tidak Stabil
2026-06-01 15:14:01,85.15,11.71,4.62,9.54,43.61,Tidak Stabil
2026-06-01 15:19:01,171.3,1.81,2.23,9.16,124.05,Tidak Stabil
2026-06-01 15:24:01,162.72,6.08,2.25,0.92,18.0,Tidak Stabil
2026-06-01 15:29:01,95.0,22.4,1.0,0.07,36.74,Tidak Stabil
2026-06-01 15:34:01,86.59,2.71,0.1,0.91,40.59,Tidak Stabil
2026-06-01 15:39:01,107.85,11.18,3.82,6.85,20.0,Tidak Stabil
2026-06-01 15:44:01,214.12,0.69,3.02,9.08,66.63,Tidak Stabil
2026-06-01 15:49:01,172.49,1.21,3.99,2.64,103.88,Tidak Stabil
2026-06-01 15:54:01,110.0,4.29,0.46,10.96,74.13,Tidak Stabil
2026-06-01 15:59:01,124.61,6.23,6.13,11.99,25.06,Tidak Stabil
2026-06-01 16:04:01,101.3,1.9,3.2,0.2,26.79,Tidak Stabil
2026-06-01 16:09:01,104.59,20.23,6.79,4.67,47.26,Tidak Stabil
2026-06-01 16:14:01,186.22,8.69,3.11,3.32,88.26,Tidak Stabil
2026-06-01 16:19:01,315.86,3.69,0.42,17.29,63.01,Tidak Stabil
2026-06-01 16:24:01,79.1,11.4,4.32,2.0,49.2,Tidak Stabil
2026-06-01 16:29:01,167.29,8.29,2.32,9.79,83.54,Tidak Stabil
2026-06-01 16:34:01,116.73,2.17,1.85,1.44,44.78,Tidak Stabil
2026-06-01 16:39:01,130.04,7.94,2.39,14.09,28.71,Tidak Stabil
2026-06-01 16:44:01,170.71,2.16,7.83,2.66,40.51,Tidak Stabil
2026-06-01 16:49:01,217.08,15.78,10.11,9.34,32.52,Tidak Stabil
2026-06-01 16:54:01,104.72,2.0,7.55,5.65,39.33,Tidak Stabil
2026-06-01 16:59:01,38.94,0.3,0.1,2.19,34.88,Tidak Stabil
2026-06-01 17:04:01,119.24,3.72,1.25,2.51,61.88,Tidak Stabil
2026-06-01 17:09:01,218.49,4.93,1.75,6.38,118.67,Tidak Stabil
2026-06-01 17:14:01,44.65,2.51,3.12,0.55,20.57,Tidak Stabil
2026-06-01 17:19:01,133.27,11.56,7.46,1.73,68.75,Tidak Stabil
2026-06-01 17:24:01,100.2,12.15,8.22,10.05,25.76,Tidak Stabil
2026-06-01 17:29:01,201.56,7.18,1.66,5.2,77.31,Tidak Stabil
2026-06-01 17:34:01,70.35,5.5,1.43,0.79,22.59,Tidak Stabil
2026-06-01 17:39:01,56.82,1.0,0.84,1.02,18.0,Tidak Stabil
2026-06-01 17:44:01,153.81,11.37,7.11,2.78,67.13,Tidak Stabil
2026-06-01 17:49:01,57.8,6.32,1.45,0.18,26.69,Tidak Stabil
2026-06-01 17:54:01,112.75,15.74,8.68,8.86,53.82,Tidak Stabil
2026-06-01 17:59:01,40.0,13.5,8.24,7.97,20.0,Tidak Stabil
2026-06-01 18:04:01,134.07,0.2,0.1,12.69,125.81,Tidak Stabil
2026-06-01 18:09:01,181.5,5.49,1.05,3.78,45.3,Tidak Stabil
2026-06-01 18:14:01,124.4,15.08,4.9,3.04,64.95,Tidak Stabil
2026-06-01 18:19:01,158.88,16.26,9.19,3.03,30.0,Tidak Stabil
2026-06-01 18:24:01,172.8,9.71,1.0,3.68,52.3,Tidak Stabil
2026-06-01 18:29:01,119.12,3.16,0.39,1.94,54.65,Tidak Stabil
2026-06-01 18:34:01,126.2,2.39,0.33,0.0,49.05,Tidak Stabil
2026-06-01 18:39:01,97.99,15.51,6.88,8.57,22.93,Tidak Stabil
2026-06-01 18:44:01,144.9,5.35,2.5,2.23,144.8,Tidak Stabil
2026-06-01 18:49:01,153.79,5.81,2.43,1.06,50.52,Tidak Stabil
2026-06-01 18:54:01,127.17,18.79,3.49,8.51,20.0,Tidak Stabil
2026-06-01 18:59:01,80.38,1.5,1.11,0.9,34.91,Tidak Stabil
2026-06-01 19:04:01,136.14,6.46,1.83,1.23,29.61,Tidak Stabil
2026-06-01 19:09:01,94.74,5.21,1.49,0.3,27.78,Tidak Stabil
2026-06-01 19:14:01,197.06,1.65,1.84,6.6,97.6,Tidak Stabil
2026-06-01 19:19:01,118.31,5.18,1.83,0.66,18.0,Tidak Stabil
2026-06-01 19:24:01,132.73,1.05,3.41,0.24,43.81,Tidak Stabil
2026-06-01 19:29:01,173.96,16.39,10.0,0.83,81.73,Tidak Stabil
2026-06-01 19:34:01,91.84,25.25,7.64,8.12,30.82,Tidak Stabil
2026-06-01 19:39:01,80.18,3.95,2.03,1.11,46.33,Tidak Stabil
2026-06-01 19:44:01,113.74,10.71,9.02,8.42,66.87,Tidak Stabil
2026-06-01 19:49:01,89.16,12.81,6.23,3.68,55.16,Tidak Stabil
2026-06-01 19:54:01,232.78,3.69,1.28,4.45,60.47,Tidak Stabil
2026-06-01 19:59:01,88.73,1.44,1.96,1.44,40.9,Tidak Stabil
2026-06-01 20:04:01,105.45,5.3,2.62,1.57,29.9,Tidak Stabil
2026-06-01 20:09:01,29.87,27.76,26.27,0.0,15.59,Stabil
2026-06-01 20:14:01,33.63,16.14,20.04,0.0,9.64,Stabil
2026-06-01 20:19:01,24.84,32.45,11.47,0.0,2.36,Stabil
2026-06-01 20:24:01,36.21,24.74,23.17,0.0,1.0,Stabil
2026-06-01 20:29:01,51.54,22.14,26.89,0.0,10.03,Stabil
2026-06-01 20:34:01,40.1,14.71,19.0,0.0,12.04,Stabil
2026-06-01 20:39:01,34.7,19.22,26.81,0.0,8.45,Stabil
2026-06-01 20:44:01,25.95,25.87,17.52,0.0,7.05,Stabil
2026-06-01 20:49:01,61.37,31.67,17.97,0.1,7.11,Stabil
2026-06-01 20:54:01,54.52,10.0,5.0,0.0,8.54,Stabil
2026-06-01 20:59:01,32.6,26.51,13.97,0.2,14.37,Stabil
2026-06-01 21:04:01,43.76,35.85,22.0,0.0,10.52,Stabil
2026-06-01 21:09:01,32.22,27.31,12.12,0.0,10.89,Stabil
2026-06-01 21:14:01,23.23,32.11,15.22,0.0,6.31,Stabil
2026-06-01 21:19:01,28.8,32.14,12.06,0.0,12.16,Stabil
2026-06-01 21:24:01,31.68,24.74,11.68,0.0,12.49,Stabil
2026-06-01 21:29:01,40.78,40.65,5.0,0.5,6.9,Stabil
2026-06-01 21:34:01,33.01,36.85,12.83,0.2,9.13,Stabil
2026-06-01 21:39:01,27.87,34.88,22.85,0.0,13.89,Stabil
2026-06-01 21:44:01,13.64,33.29,15.06,0.0,12.05,Stabil
2026-06-01 21:49:01,32.29,27.46,20.07,0.0,5.8,Stabil
2026-06-01 21:54:01,17.37,42.47,17.57,0.0,19.75,Stabil
2026-06-01 21:59:01,28.82,20.66,26.07,0.0,13.77,Stabil
2026-06-01 22:04:01,19.72,32.17,19.02,0.0,2.43,Stabil
2026-06-01 22:09:01,40.17,28.98,19.36,0.2,4.34,Stabil
2026-06-01 22:14:01,28.17,19.16,19.98,0.0,5.64,Stabil
2026-06-01 22:19:01,42.75,44.12,21.06,0.0,13.18,Stabil
2026-06-01 22:24:01,41.55,37.85,18.12,0.0,2.98,Stabil
2026-06-01 22:29:01,25.4,27.24,19.43,0.0,5.48,Stabil
2026-06-01 22:34:01,29.14,20.93,20.37,0.0,17.8,Stabil
2026-06-01 22:39:01,33.96,36.41,16.38,0.0,3.8,Stabil
2026-06-01 22:44:01,34.05,10.0,26.33,0.2,3.81,Stabil
2026-06-01 22:49:01,15.73,17.18,19.31,0.0,18.49,Stabil
2026-06-01 22:54:01,201.64,6.28,1.78,2.62,35.0,Tidak Stabil
2026-06-01 22:59:01,96.36,0.3,0.46,1.31,33.67,Tidak Stabil
2026-06-01 23:04:01,159.95,7.58,4.13,4.6,130.14,Tidak Stabil
2026-06-01 23:09:01,232.76,21.65,10.19,1.53,43.47,Tidak Stabil
2026-06-01 23:14:01,86.49,13.6,8.54,5.67,46.26,Tidak Stabil
2026-06-01 23:19:01,114.14,13.74,7.3,2.15,38.52,Tidak Stabil
2026-06-01 23:24:01,138.42,10.39,3.71,9.54,48.32,Tidak Stabil
2026-06-01 23:29:01,54.93,4.44,2.51,1.55,18.0,Tidak Stabil
2026-06-01 23:34:01,217.74,24.28,10.71,0.51,46.05,Tidak Stabil
2026-06-01 23:39:01,322.89,3.46,0.64,6.92,112.26,Tidak Stabil
2026-06-01 23:44:01,132.53,5.72,1.76,0.83,52.01,Tidak Stabil
2026-06-01 23:49:01,50.85,19.86,12.14,4.45,30.21,Tidak Stabil
2026-06-01 23:54:01,117.39,1.51,0.46,1.64,33.45,Tidak Stabil
2026-06-01 23:59:01,205.52,17.42,1.68,2.81,47.37,Tidak Stabil
2026-06-02 00:04:01,116.6,4.1,1.07,0.83,43.24,Tidak Stabil
2026-06-02 00:09:01,107.94,20.24,11.61,6.81,35.15,Tidak Stabil
2026-06-02 00:14:01,202.74,12.19,7.17,0.51,44.86,Tidak Stabil
2026-06-02 00:19:01,44.2,26.07,11.09,0.0,9.83,Stabil
2026-06-02 00:24:01,40.69,31.93,13.32,0.0,5.15,Stabil
2026-06-02 00:29:01,15.48,19.68,14.34,0.0,1.0,Stabil
2026-06-02 00:34:01,12.6,26.06,21.78,0.0,12.82,Stabil
2026-06-02 00:39:01,22.71,32.48,18.68,0.0,8.75,Stabil
2026-06-02 00:44:01,31.97,44.64,19.57,0.0,15.07,Stabil
2026-06-02 00:49:01,39.24,35.11,25.4,0.0,9.37,Stabil
2026-06-02 00:54:01,32.46,27.42,18.64,0.0,15.17,Stabil
2026-06-02 00:59:01,55.45,22.09,35.22,0.0,9.94,Stabil
2026-06-02 01:04:01,24.92,20.56,7.7,0.5,12.11,Stabil
2026-06-02 01:09:01,39.61,17.51,14.03,0.0,11.1,Stabil
2026-06-02 01:14:01,55.36,15.84,17.05,0.0,17.6,Stabil
2026-06-02 01:19:01,48.83,31.38,9.79,0.0,12.25,Stabil
2026-06-02 01:24:01,46.13,24.25,21.06,0.0,8.3,Stabil
2026-06-02 01:29:01,50.78,18.47,18.34,0.0,11.34,Stabil
2026-06-02 01:34:01,61.13,17.95,17.86,0.1,9.22,Stabil
2026-06-02 01:39:01,45.11,19.25,12.22,0.1,13.71,Stabil
2026-06-02 01:44:01,40.34,27.48,11.82,0.0,8.76,Stabil
2026-06-02 01:49:01,47.47,32.56,16.45,0.0,1.0,Stabil
2026-06-02 01:54:01,14.52,25.49,11.66,0.0,2.82,Stabil
2026-06-02 01:59:01,134.8,5.98,3.82,10.47,93.97,Tidak Stabil
2026-06-02 02:04:01,80.02,16.14,6.56,9.55,52.54,Tidak Stabil
2026-06-02 02:09:01,73.43,2.46,1.05,2.12,38.9,Tidak Stabil
2026-06-02 02:14:01,131.12,4.36,3.16,0.06,54.46,Tidak Stabil
2026-06-02 02:19:01,98.81,3.1,9.23,0.29,89.67,Tidak Stabil
2026-06-02 02:24:01,64.62,2.47,1.13,1.82,33.73,Tidak Stabil
2026-06-02 02:29:01,229.71,7.48,10.98,2.77,64.95,Tidak Stabil
2026-06-02 02:34:01,30.0,4.38,1.62,0.53,31.01,Tidak Stabil
2026-06-02 02:39:01,146.71,2.31,0.1,2.07,18.0,Tidak Stabil
2026-06-02 02:44:01,138.42,19.16,5.06,4.11,66.07,Tidak Stabil
2026-06-02 02:49:01,183.21,8.95,11.88,1.27,44.3,Tidak Stabil
2026-06-02 02:54:01,197.32,15.59,10.5,0.0,30.0,Tidak Stabil
2026-06-02 02:59:01,72.24,2.0,10.37,9.29,56.21,Tidak Stabil
2026-06-02 03:04:01,184.18,5.1,7.82,6.03,55.55,Tidak Stabil
2026-06-02 03:09:01,112.09,11.54,2.21,2.0,45.59,Tidak Stabil
2026-06-02 03:14:01,229.83,1.79,2.15,10.54,102.66,Tidak Stabil
2026-06-02 03:19:01,160.87,1.37,3.55,9.9,49.55,Tidak Stabil
2026-06-02 03:24:01,63.82,4.09,1.45,0.36,45.47,Tidak Stabil
2026-06-02 03:29:01,40.62,5.44,2.54,1.7,53.73,Tidak Stabil
2026-06-02 03:34:01,31.37,31.38,13.13,0.0,9.23,Stabil
2026-06-02 03:39:01,71.18,29.06,10.26,0.0,8.34,Stabil
2026-06-02 03:44:01,16.67,37.47,24.26,0.1,7.0,Stabil
2026-06-02 03:49:01,43.0,27.69,8.61,0.5,11.14,Stabil
2026-06-02 03:54:01,42.13,25.45,21.1,0.0,5.18,Stabil
2026-06-02 03:59:01,61.32,18.84,12.87,0.0,1.0,Stabil
2026-06-02 04:04:01,39.6,42.8,17.73,0.0,1.87,Stabil
2026-06-02 04:09:01,19.6,26.81,21.08,0.0,8.99,Stabil
2026-06-02 04:14:01,62.88,13.3,23.38,0.0,9.53,Stabil
2026-06-02 04:19:01,38.23,20.98,25.97,0.2,13.08,Stabil
2026-06-02 04:24:01,5.0,21.84,23.66,0.5,9.89,Stabil
2026-06-02 04:29:01,9.34,27.82,16.09,0.0,9.55,Stabil
2026-06-02 04:34:01,10.2,17.94,12.43,0.0,6.19,Stabil
2026-06-02 04:39:01,50.63,19.71,25.11,0.0,7.42,Stabil
2026-06-02 04:44:01,42.07,20.82,16.03,0.2,7.49,Stabil
2026-06-02 04:49:01,26.46,36.78,18.52,0.0,12.87,Stabil
2026-06-02 04:54:01,40.09,42.8,18.41,0.0,10.05,Stabil
2026-06-02 04:59:01,26.9,44.42,23.56,0.0,4.54,Stabil
2026-06-02 05:04:01,6.81,33.33,5.0,0.0,12.3,Stabil
2026-06-02 05:09:01,64.93,33.21,21.25,0.0,10.54,Stabil
2026-06-02 05:14:01,57.19,18.99,11.39,0.0,5.8,Stabil
2026-06-02 05:19:01,159.57,3.25,1.19,6.03,61.94,Tidak Stabil
2026-06-02 05:24:01,63.38,4.61,0.1,2.16,27.08,Tidak Stabil
2026-06-02 05:29:01,159.2,3.7,1.44,7.02,122.9,Tidak Stabil
2026-06-02 05:34:01,55.94,16.73,3.97,5.94,36.41,Tidak Stabil
2026-06-02 05:39:01,134.14,5.87,7.3,3.29,47.38,Tidak Stabil
2026-06-02 05:44:01,188.85,2.52,0.49,2.65,57.4,Tidak Stabil
2026-06-02 05:49:01,245.66,2.64,3.95,4.21,129.18,Tidak Stabil
2026-06-02 05:54:01,167.85,24.74,12.15,1.61,46.22,Tidak Stabil
2026-06-02 05:59:01,51.03,1.5,2.25,0.78,28.32,Tidak Stabil
2026-06-02 06:04:01,87.35,6.04,8.55,3.2,44.19,Tidak Stabil
2026-06-02 06:09:01,139.77,7.59,10.79,12.72,45.02,Tidak Stabil
2026-06-02 06:14:01,135.91,4.32,1.92,2.7,54.47,Tidak Stabil
2026-06-02 06:19:01,199.09,4.01,2.2,3.11,77.91,Tidak Stabil
2026-06-02 06:24:01,95.0,11.25,5.74,0.91,47.8,Tidak Stabil
2026-06-02 06:29:01,166.88,0.48,1.55,12.58,119.82,Tidak Stabil
2026-06-02 06:34:01,210.54,1.52,0.24,8.81,76.18,Tidak Stabil
2026-06-02 06:39:01,117.3,3.44,3.53,1.57,40.34,Tidak Stabil
2026-06-02 06:44:01,98.72,2.19,1.33,1.03,31.56,Tidak Stabil
2026-06-02 06:49:01,193.89,4.22,2.19,8.07,42.88,Tidak Stabil
2026-06-02 06:54:01,95.0,15.53,2.46,1.85,57.08,Tidak Stabil
2026-06-02 06:59:01,215.65,6.46,0.61,6.17,103.45,Tidak Stabil
2026-06-02 07:04:01,91.02,9.17,6.82,9.73,28.25,Tidak Stabil
2026-06-02 07:09:01,40.0,8.21,8.64,7.28,20.0,Tidak Stabil
2026-06-02 07:14:01,100.82,4.4,8.79,6.6,72.08,Tidak Stabil
2026-06-02 07:19:01,251.53,6.72,2.61,8.28,35.0,Tidak Stabil
2026-06-02 07:24:01,110.0,0.2,2.83,11.2,128.89,Tidak Stabil
2026-06-02 07:29:01,61.49,0.66,1.31,0.74,54.8,Tidak Stabil
2026-06-02 07:34:01,237.61,6.32,1.53,2.0,133.04,Tidak Stabil
2026-06-02 07:39:01,221.42,2.98,3.4,8.36,113.81,Tidak Stabil
2026-06-02 07:44:01,143.37,3.37,2.38,2.56,34.88,Tidak Stabil
2026-06-02 07:49:01,123.95,2.18,1.96,1.03,45.34,Tidak Stabil
2026-06-02 07:54:01,259.39,20.31,11.89,0.0,48.3,Tidak Stabil
2026-06-02 07:59:01,191.95,25.06,12.04,1.13,64.66,Tidak Stabil
2026-06-02 08:04:01,212.79,2.38,0.1,11.8,180.0,Tidak Stabil
2026-06-02 08:09:01,131.94,10.69,10.38,3.1,20.0,Tidak Stabil
2026-06-02 08:14:01,158.63,16.53,11.84,3.27,63.85,Tidak Stabil
2026-06-02 08:19:01,123.62,19.61,5.82,2.27,64.08,Tidak Stabil
2026-06-02 08:24:01,122.43,1.74,1.41,0.0,32.48,Tidak Stabil
2026-06-02 08:29:01,128.97,4.68,0.63,17.03,69.01,Tidak Stabil
2026-06-02 08:34:01,147.84,27.1,10.67,2.08,60.94,Tidak Stabil
2026-06-02 08:39:01,179.27,26.05,21.5,0.63,31.65,Tidak Stabil
2026-06-02 08:44:01,114.11,16.3,5.98,10.38,54.31,Tidak Stabil
2026-06-02 08:49:01,181.25,17.4,2.27,1.99,88.37,Tidak Stabil
2026-06-02 08:54:01,203.25,0.25,2.19,11.26,67.01,Tidak Stabil
2026-06-02 08:59:01,117.93,2.76,1.53,2.08,18.0,Tidak Stabil
2026-06-02 09:04:01,74.53,2.95,2.49,2.78,36.32,Tidak Stabil
2026-06-02 09:09:01,126.2,6.88,14.31,2.37,35.41,Tidak Stabil
2026-06-02 09:14:01,94.85,4.45,1.9,1.62,43.68,Tidak Stabil
2026-06-02 09:19:01,204.5,5.03,0.1,13.45,82.26,Tidak Stabil
2026-06-02 09:24:01,138.56,0.84,2.5,6.03,148.61,Tidak Stabil
2026-06-02 09:29:01,217.57,2.0,3.57,8.73,120.66,Tidak Stabil
2026-06-02 09:34:01,36.28,4.21,0.48,2.07,74.35,Tidak Stabil
2026-06-02 09:39:01,166.98,21.03,13.42,0.57,56.16,Tidak Stabil
2026-06-02 09:44:01,30.0,4.3,0.42,1.6,28.03,Tidak Stabil
2026-06-02 09:49:01,58.76,7.5,2.65,2.36,19.57,Tidak Stabil
2026-06-02 09:54:01,240.48,22.36,11.61,1.67,40.0,Tidak Stabil
2026-06-02 09:59:01,218.71,19.55,2.8,3.05,61.12,Tidak Stabil
2026-06-02 10:04:01,75.43,3.6,1.43,1.78,27.79,Tidak Stabil
2026-06-02 10:09:01,95.0,13.07,11.4,3.86,51.3,Tidak Stabil
2026-06-02 10:14:01,224.95,27.97,2.27,0.4,72.27,Tidak Stabil
2026-06-02 10:19:01,111.61,2.55,1.18,1.04,32.54,Tidak Stabil
2026-06-02 10:24:01,239.54,5.0,2.56,3.99,56.97,Tidak Stabil
2026-06-02 10:29:01,121.78,2.0,3.42,8.39,44.81,Tidak Stabil
2026-06-02 10:34:01,30.0,7.71,1.27,0.75,29.45,Tidak Stabil
2026-06-02 10:39:01,159.34,4.42,2.02,8.13,115.69,Tidak Stabil
2026-06-02 10:44:01,82.9,0.3,2.12,0.04,51.82,Tidak Stabil
2026-06-02 10:49:01,208.77,9.77,5.72,0.74,59.6,Tidak Stabil
2026-06-02 10:54:01,230.9,4.21,3.17,15.25,93.46,Tidak Stabil
2026-06-02 10:59:01,123.05,8.77,2.32,6.84,96.63,Tidak Stabil
2026-06-02 11:04:01,84.55,21.0,1.0,8.07,57.75,Tidak Stabil
2026-06-02 11:09:01,229.98,19.31,9.53,2.53,66.87,Tidak Stabil
2026-06-02 11:14:01,123.11,4.34,1.16,0.51,23.06,Tidak Stabil
2026-06-02 11:19:01,125.63,20.23,6.06,7.94,58.15,Tidak Stabil
2026-06-02 11:24:01,117.37,3.34,2.03,11.99,101.9,Tidak Stabil
2026-06-02 11:29:01,90.95,2.29,1.7,0.73,21.68,Tidak Stabil
2026-06-02 11:34:01,148.55,22.68,11.87,1.51,49.21,Tidak Stabil
2026-06-02 11:39:01,99.9,2.0,6.35,7.45,55.26,Tidak Stabil
2026-06-02 11:44:01,166.93,16.6,5.56,1.05,49.81,Tidak Stabil
2026-06-02 11:49:01,85.81,2.61,2.22,1.24,41.71,Tidak Stabil
2026-06-02 11:54:01,179.91,17.36,5.1,4.12,103.53,Tidak Stabil
2026-06-02 11:59:01,106.19,15.85,5.63,1.67,57.8,Tidak Stabil
2026-06-02 12:04:01,163.08,4.57,0.49,3.11,35.0,Tidak Stabil
2026-06-02 12:09:01,140.79,4.21,2.54,11.08,110.87,Tidak Stabil
2026-06-02 12:14:01,126.77,1.79,0.8,1.89,56.09,Tidak Stabil
2026-06-02 12:19:01,157.65,15.97,5.21,7.84,20.77,Tidak Stabil
2026-06-02 12:24:01,78.76,10.15,4.88,8.75,48.96,Tidak Stabil
2026-06-02 12:29:01,146.85,16.02,8.66,2.74,25.54,Tidak Stabil
2026-06-02 12:34:01,122.91,25.4,10.95,1.59,73.3,Tidak Stabil
2026-06-02 12:39:01,126.54,4.76,0.95,0.27,18.0,Tidak Stabil
2026-06-02 12:44:01,270.92,1.49,2.02,11.61,119.04,Tidak Stabil
2026-06-02 12:49:01,130.04,12.01,7.11,3.86,38.13,Tidak Stabil
2026-06-02 12:54:01,91.79,3.22,3.3,1.5,48.05,Tidak Stabil
2026-06-02 12:59:01,223.51,6.45,3.25,12.26,148.95,Tidak Stabil
2026-06-02 13:04:01,232.76,12.31,13.6,0.0,59.2,Tidak Stabil
2026-06-02 13:09:01,154.9,23.88,1.2,6.85,25.84,Tidak Stabil
2026-06-02 13:14:01,110.0,8.6,0.1,8.14,109.54,Tidak Stabil
2026-06-02 13:19:01,37.76,0.93,0.8,2.14,43.18,Tidak Stabil
2026-06-02 13:24:01,101.29,4.14,0.87,1.68,18.0,Tidak Stabil
2026-06-02 13:29:01,139.27,11.05,1.0,4.47,36.62,Tidak Stabil
2026-06-02 13:34:01,94.59,12.78,5.04,13.28,32.38,Tidak Stabil
2026-06-02 13:39:01,80.84,4.33,2.31,1.34,18.0,Tidak Stabil
2026-06-02 13:44:01,145.06,17.65,11.48,0.89,48.76,Tidak Stabil
2026-06-02 13:49:01,110.0,3.37,0.62,8.73,115.5,Tidak Stabil
2026-06-02 13:54:01,96.69,16.23,3.39,0.51,63.31,Tidak Stabil
2026-06-02 13:59:01,177.18,5.92,8.77,2.87,58.78,Tidak Stabil
2026-06-02 14:04:01,166.31,31.63,8.08,3.12,39.88,Tidak Stabil
2026-06-02 14:09:01,144.74,3.61,3.85,3.09,118.9,Tidak Stabil
2026-06-02 14:14:01,157.74,3.86,3.88,7.12,63.67,Tidak Stabil
2026-06-02 14:19:01,92.66,4.46,3.02,1.75,64.48,Tidak Stabil
2026-06-02 14:24:01,221.25,16.71,7.98,1.49,75.04,Tidak Stabil
2026-06-02 14:29:01,90.8,2.0,9.65,4.77,99.35,Tidak Stabil
2026-06-02 14:34:01,136.69,7.4,11.53,0.34,30.0,Tidak Stabil
2026-06-02 14:39:01,109.09,2.74,3.73,0.08,57.14,Tidak Stabil
2026-06-02 14:44:01,172.89,14.73,8.88,12.48,24.94,Tidak Stabil
2026-06-02 14:49:01,158.03,9.76,10.39,2.62,38.25,Tidak Stabil
2026-06-02 14:54:01,106.1,5.93,1.33,1.31,18.22,Tidak Stabil
2026-06-02 14:59:01,221.16,3.6,2.61,9.41,69.73,Tidak Stabil
2026-06-02 15:04:01,95.78,2.0,9.75,5.75,48.15,Tidak Stabil
2026-06-02 15:09:01,109.35,12.25,9.49,1.85,77.33,Tidak Stabil
2026-06-02 15:14:01,218.28,25.43,9.26,0.49,67.15,Tidak Stabil
2026-06-02 15:19:01,156.33,1.22,2.29,10.49,107.05,Tidak Stabil
2026-06-02 15:24:01,130.31,5.41,2.22,0.0,22.34,Tidak Stabil
2026-06-02 15:29:01,110.0,4.05,1.64,15.43,99.69,Tidak Stabil
2026-06-02 15:34:01,146.26,16.98,2.79,0.84,93.09,Tidak Stabil
2026-06-02 15:39:01,158.94,8.25,1.0,2.46,40.52,Tidak Stabil
2026-06-02 15:44:01,216.19,35.0,12.56,0.75,51.86,Tidak Stabil
2026-06-02 15:49:01,141.03,8.0,0.4,6.53,102.09,Tidak Stabil
2026-06-02 15:54:01,225.28,21.54,7.81,0.0,45.49,Tidak Stabil
2026-06-02 15:59:01,114.6,3.39,10.54,8.27,28.42,Tidak Stabil
2026-06-02 16:04:01,274.38,3.87,3.42,4.23,39.73,Tidak Stabil
2026-06-02 16:09:01,161.05,3.68,4.14,12.52,73.15,Tidak Stabil
2026-06-02 16:14:01,215.21,8.83,9.72,2.5,30.0,Tidak Stabil
2026-06-02 16:19:01,87.34,11.25,3.95,5.15,32.13,Tidak Stabil
2026-06-02 16:24:01,156.43,7.07,6.34,2.04,49.27,Tidak Stabil
2026-06-02 16:29:01,72.81,4.57,1.05,1.51,43.19,Tidak Stabil
2026-06-02 16:34:01,208.79,25.54,6.02,2.27,51.13,Tidak Stabil
2026-06-02 16:39:01,304.5,6.09,0.11,11.2,56.69,Tidak Stabil
2026-06-02 16:44:01,170.8,0.2,2.95,5.89,116.87,Tidak Stabil
2026-06-02 16:49:01,118.62,4.64,3.66,5.46,72.37,Tidak Stabil
2026-06-02 16:54:01,261.94,4.48,5.1,10.75,173.65,Tidak Stabil
2026-06-02 16:59:01,271.77,6.04,2.36,6.16,68.52,Tidak Stabil
2026-06-02 17:04:01,171.51,1.99,4.5,2.62,75.86,Tidak Stabil
2026-06-02 17:09:01,117.18,13.15,14.98,1.49,59.59,Tidak Stabil
2026-06-02 17:14:01,178.81,17.64,6.33,3.34,40.38,Tidak Stabil
2026-06-02 17:19:01,85.58,2.89,0.69,1.38,68.82,Tidak Stabil
2026-06-02 17:24:01,178.61,23.7,16.76,1.16,30.0,Tidak Stabil
2026-06-02 17:29:01,48.1,3.55,1.08,0.61,18.0,Tidak Stabil
2026-06-02 17:34:01,129.05,4.21,0.48,1.69,61.66,Tidak Stabil
2026-06-02 17:39:01,147.68,6.3,2.47,0.21,34.26,Tidak Stabil
2026-06-02 17:44:01,39.3,5.2,0.25,1.09,33.04,Tidak Stabil
2026-06-02 17:49:01,146.91,26.5,19.82,1.3,61.05,Tidak Stabil
2026-06-02 17:54:01,122.14,15.83,8.74,2.27,72.39,Tidak Stabil
2026-06-02 17:59:01,42.54,0.3,2.53,0.87,25.31,Tidak Stabil
2026-06-02 18:04:01,185.61,3.74,2.05,1.02,18.12,Tidak Stabil
2026-06-02 18:09:01,88.7,3.88,1.66,0.58,48.81,Tidak Stabil
2026-06-02 18:14:01,95.0,9.6,2.46,1.23,68.55,Tidak Stabil
2026-06-02 18:19:01,179.69,18.33,1.0,1.73,30.0,Tidak Stabil
2026-06-02 18:24:01,175.81,12.62,10.2,0.81,50.94,Tidak Stabil
2026-06-02 18:29:01,255.99,1.82,3.34,9.87,74.04,Tidak Stabil
2026-06-02 18:34:01,56.56,15.15,11.86,7.29,28.74,Tidak Stabil
2026-06-02 18:39:01,203.11,6.58,4.31,7.52,44.88,Tidak Stabil
2026-06-02 18:44:01,101.38,20.29,1.0,0.34,49.5,Tidak Stabil
2026-06-02 18:49:01,188.21,0.2,3.74,2.0,100.3,Tidak Stabil
2026-06-02 18:54:01,30.0,2.52,0.1,1.93,22.88,Tidak Stabil
2026-06-02 18:59:01,193.86,5.24,1.08,15.73,36.68,Tidak Stabil
2026-06-02 19:04:01,253.91,4.86,2.26,13.55,109.3,Tidak Stabil
2026-06-02 19:09:01,145.39,3.28,0.1,6.81,94.68,Tidak Stabil
2026-06-02 19:14:01,187.32,6.73,10.02,1.06,32.86,Tidak Stabil
2026-06-02 19:19:01,90.04,6.04,0.85,0.18,26.01,Tidak Stabil
2026-06-02 19:24:01,101.81,2.78,2.84,1.97,29.7,Tidak Stabil
2026-06-02 19:29:01,200.36,6.49,4.72,3.27,89.19,Tidak Stabil
2026-06-02 19:34:01,53.96,2.31,1.42,0.94,18.0,Tidak Stabil
2026-06-02 19:39:01,149.51,8.04,15.93,8.02,60.06,Tidak Stabil
2026-06-02 19:44:01,86.36,11.35,7.46,4.37,40.13,Tidak Stabil
2026-06-02 19:49:01,199.11,14.37,1.0,2.51,78.28,Tidak Stabil
2026-06-02 19:54:01,43.36,4.17,8.95,8.59,41.39,Tidak Stabil
2026-06-02 19:59:01,247.91,0.58,1.0,2.74,85.18,Tidak Stabil
2026-06-02 20:04:01,270.59,7.55,4.13,7.91,97.52,Tidak Stabil
2026-06-02 20:09:01,126.43,14.88,7.85,1.45,92.94,Tidak Stabil
2026-06-02 20:14:01,180.7,11.09,17.67,5.11,37.94,Tidak Stabil
2026-06-02 20:19:01,100.38,0.68,1.94,0.3,33.78,Tidak Stabil
2026-06-02 20:24:01,96.69,7.33,0.88,1.67,26.95,Tidak Stabil
2026-06-02 20:29:01,160.44,14.62,10.74,1.06,62.21,Tidak Stabil
2026-06-02 20:34:01,75.32,1.15,2.08,1.53,20.05,Tidak Stabil
2026-06-02 20:39:01,74.99,0.3,2.5,0.63,33.43,Tidak Stabil
2026-06-02 20:44:01,227.23,3.78,0.1,2.0,95.26,Tidak Stabil
2026-06-02 20:49:01,152.62,2.34,2.04,0.77,44.05,Tidak Stabil
2026-06-02 20:54:01,189.3,1.21,2.29,11.48,102.81,Tidak Stabil
2026-06-02 20:59:01,207.16,10.05,2.85,8.61,43.88,Tidak Stabil
2026-06-02 21:04:01,138.98,13.06,11.02,12.24,45.36,Tidak Stabil
2026-06-02 21:09:01,112.68,11.21,9.53,6.6,44.09,Tidak Stabil
2026-06-02 21:14:01,215.48,6.78,0.27,2.0,97.65,Tidak Stabil
2026-06-02 21:19:01,79.13,4.22,2.76,0.58,43.13,Tidak Stabil
2026-06-02 21:24:01,211.08,21.73,13.59,1.81,34.19,Tidak Stabil
2026-06-02 21:29:01,180.91,0.58,1.45,5.14,85.82,Tidak Stabil
2026-06-02 21:34:01,95.0,5.76,5.2,2.74,73.88,Tidak Stabil
2026-06-02 21:39:01,139.58,32.52,13.65,1.82,61.63,Tidak Stabil
2026-06-02 21:44:01,110.0,2.83,1.43,2.0,71.22,Tidak Stabil
2026-06-02 21:49:01,210.91,6.62,2.68,6.99,93.9,Tidak Stabil
2026-06-02 21:54:01,222.2,23.96,12.64,1.27,68.75,Tidak Stabil
2026-06-02 21:59:01,212.39,16.23,7.15,0.3,42.5,Tidak Stabil
2026-06-02 22:04:01,132.28,3.81,2.28,2.18,46.71,Tidak Stabil
2026-06-02 22:09:01,31.95,4.33,2.14,2.23,40.72,Tidak Stabil
2026-06-02 22:14:01,100.22,8.79,6.98,2.0,80.3,Tidak Stabil
2026-06-02 22:19:01,108.16,0.59,2.35,0.55,19.49,Tidak Stabil
2026-06-02 22:24:01,80.85,16.68,10.65,4.81,24.4,Tidak Stabil
2026-06-02 22:29:01,242.75,6.52,3.28,5.3,49.63,Tidak Stabil
2026-06-02 22:34:01,30.75,3.12,0.81,1.17,29.8,Tidak Stabil
2026-06-02 22:39:01,187.32,0.2,5.34,2.74,63.79,Tidak Stabil
2026-06-02 22:44:01,228.26,0.2,4.62,8.67,95.91,Tidak Stabil
2026-06-02 22:49:01,83.59,17.78,6.11,6.69,47.57,Tidak Stabil
2026-06-02 22:54:01,142.86,7.51,1.36,1.09,50.1,Tidak Stabil
2026-06-02 22:59:01,190.36,15.49,13.96,2.19,30.99,Tidak Stabil
2026-06-02 23:04:01,112.51,6.92,3.41,6.43,39.98,Tidak Stabil
2026-06-02 23:09:01,38.8,4.2,0.93,1.72,26.07,Tidak Stabil
2026-06-02 23:14:01,57.47,16.06,6.81,2.92,39.64,Tidak Stabil
2026-06-02 23:19:01,167.96,10.51,1.76,5.46,41.29,Tidak Stabil
2026-06-02 23:24:01,231.22,4.07,2.28,15.6,79.26,Tidak Stabil
2026-06-02 23:29:01,95.0,15.13,10.84,0.57,81.98,Tidak Stabil
2026-06-02 23:34:01,213.9,5.71,0.97,13.56,42.07,Tidak Stabil
